{"type":"FeatureCollection","features":[{"type":"Feature","properties":{"code":"E09000002","name":"Barking and Dagenham"},"geometry":{"type":"MultiPolygon","coordinates":[[[[0.15751,51.50875],[0.15222,51.50939],[0.14898,51.51013],[0.14573,51.51109],[0.13874,51.51385],[0.13413,51.51512],[0.12918,51.51576],[0.12474,51.51555],[0.12167,51.51481],[0.11945,51.51406],[0.11894,51.51374],[0.11706,51.51321],[0.11501,51.513],[0.10887,51.51162],[0.10528,51.51151],[0.10204,51.51172],[0.10102,51.51194],[0.09965,51.51194],[0.09982,51.51449],[0.09914,51.51459],[0.0976,51.51555],[0.09607,51.51597],[0.09538,51.5164],[0.09538,51.51661],[0.09521,51.51661],[0.0947,51.51735],[0.0947,51.51916],[0.09487,51.51927],[0.09504,51.52054],[0.0947,51.52065],[0.09436,51.52107],[0.09316,51.52181],[0.09299,51.52213],[0.09248,51.52245],[0.09231,51.52309],[0.09248,51.5233],[0.09265,51.52447],[0.09282,51.52458],[0.09282,51.52553],[0.09265,51.52553],[0.09265,51.52574],[0.09214,51.52585],[0.09214,51.52596],[0.0906,51.52585],[0.08958,51.52649],[0.08787,51.52638],[0.08685,51.52596],[0.08651,51.52596],[0.08651,51.52585],[0.08565,51.52574],[0.08565,51.52585],[0.08514,51.52585],[0.08514,51.52596],[0.08429,51.52617],[0.08326,51.52681],[0.08053,51.52755],[0.07951,51.52829],[0.07917,51.52872],[0.07797,51.52935],[0.07678,51.52935],[0.0761,51.52967],[0.07541,51.52967],[0.07541,51.52989],[0.07524,51.52989],[0.07507,51.52967],[0.07405,51.52967],[0.07337,51.52935],[0.07268,51.52925],[0.07268,51.53052],[0.07251,51.53073],[0.07251,51.53127],[0.072,51.53296],[0.07183,51.53286],[0.07166,51.53296],[0.07166,51.53318],[0.07149,51.53318],[0.07149,51.5335],[0.07115,51.53371],[0.07098,51.53424],[0.06961,51.53594],[0.06961,51.53626],[0.0691,51.53636],[0.06825,51.53626],[0.06807,51.53604],[0.0679,51.53615],[0.06825,51.53636],[0.06825,51.537],[0.06893,51.53721],[0.06876,51.53721],[0.06876,51.53742],[0.06859,51.53742],[0.06859,51.53764],[0.06842,51.53764],[0.06825,51.53806],[0.0679,51.53827],[0.0679,51.53849],[0.06705,51.53944],[0.06705,51.53965],[0.06688,51.53965],[0.06688,51.54008],[0.06671,51.54008],[0.06671,51.54156],[0.06688,51.54167],[0.06688,51.54199],[0.06722,51.54241],[0.06722,51.54263],[0.06756,51.54284],[0.06756,51.54316],[0.06807,51.54369],[0.06842,51.54443],[0.06978,51.5439],[0.06978,51.54401],[0.07046,51.5439],[0.07166,51.54358],[0.072,51.54379],[0.07507,51.5439],[0.07644,51.54432],[0.07661,51.54454],[0.07695,51.54432],[0.07746,51.54454],[0.07797,51.54401],[0.07866,51.54443],[0.07985,51.54464],[0.08088,51.54507],[0.08139,51.54507],[0.08173,51.54528],[0.08156,51.54539],[0.08173,51.5456],[0.08241,51.5457],[0.08275,51.54602],[0.08361,51.54623],[0.08565,51.5473],[0.08787,51.54772],[0.0906,51.54793],[0.0906,51.54814],[0.09146,51.54825],[0.09163,51.54836],[0.09146,51.54868],[0.09163,51.54878],[0.09163,51.5491],[0.09231,51.54952],[0.09248,51.54952],[0.09248,51.54921],[0.09231,51.54921],[0.09231,51.54836],[0.09282,51.5473],[0.09299,51.54655],[0.09351,51.54581],[0.09538,51.54655],[0.09572,51.54655],[0.09641,51.54698],[0.09675,51.54698],[0.09692,51.54719],[0.0976,51.5473],[0.09777,51.54751],[0.09828,51.54761],[0.09846,51.54783],[0.10067,51.54878],[0.10204,51.5491],[0.10289,51.54952],[0.10443,51.54984],[0.10631,51.55101],[0.1075,51.55207],[0.10835,51.55207],[0.10835,51.55271],[0.11023,51.5525],[0.11194,51.5526],[0.11228,51.55303],[0.11245,51.55303],[0.11228,51.55335],[0.11245,51.55366],[0.11382,51.55451],[0.11467,51.55536],[0.11279,51.55653],[0.11313,51.55674],[0.1133,51.55727],[0.11706,51.55695],[0.11706,51.55738],[0.11894,51.55738],[0.11928,51.55759],[0.1203,51.55855],[0.12047,51.55855],[0.11825,51.55886],[0.11825,51.55897],[0.1174,51.55918],[0.11979,51.56247],[0.11894,51.56268],[0.11894,51.5629],[0.11962,51.56321],[0.12474,51.56417],[0.12696,51.56544],[0.12713,51.56576],[0.12781,51.56629],[0.12935,51.5665],[0.12935,51.56672],[0.12952,51.56672],[0.12952,51.56714],[0.12969,51.56735],[0.12969,51.56884],[0.13003,51.56926],[0.13037,51.5699],[0.13037,51.57032],[0.13054,51.57043],[0.13037,51.57053],[0.13037,51.57075],[0.13003,51.57064],[0.13003,51.57128],[0.12986,51.57128],[0.12986,51.5716],[0.13157,51.57181],[0.13157,51.57202],[0.13088,51.5734],[0.13003,51.57308],[0.12986,51.5735],[0.12969,51.5735],[0.12969,51.57372],[0.12935,51.57404],[0.12935,51.57563],[0.12918,51.57573],[0.12918,51.57626],[0.13157,51.57711],[0.13123,51.57775],[0.13123,51.57828],[0.13106,51.57828],[0.13106,51.57881],[0.13088,51.57913],[0.13071,51.57902],[0.13071,51.57934],[0.13362,51.57998],[0.13344,51.58008],[0.13327,51.58061],[0.13293,51.58072],[0.13259,51.58135],[0.13088,51.58135],[0.12781,51.58167],[0.12781,51.5822],[0.12798,51.5822],[0.12798,51.58263],[0.12815,51.58284],[0.12798,51.58294],[0.12764,51.5839],[0.1273,51.5839],[0.1273,51.58475],[0.12645,51.58676],[0.13106,51.58751],[0.13003,51.58888],[0.12952,51.59005],[0.1331,51.59164],[0.13652,51.59344],[0.13703,51.59355],[0.14659,51.59938],[0.14795,51.59906],[0.14812,51.59896],[0.14812,51.59832],[0.14761,51.59684],[0.14812,51.59673],[0.14812,51.59641],[0.14983,51.59705],[0.15017,51.59673],[0.15017,51.59652],[0.15051,51.59631],[0.15051,51.59609],[0.15068,51.59609],[0.15102,51.59546],[0.1512,51.59546],[0.15102,51.59514],[0.15102,51.5945],[0.15085,51.5944],[0.15085,51.59355],[0.15068,51.59344],[0.15068,51.591],[0.15102,51.59026],[0.1512,51.59016],[0.1512,51.58751],[0.15102,51.58666],[0.15102,51.58379],[0.15085,51.58326],[0.15068,51.58326],[0.15051,51.58284],[0.14966,51.58241],[0.14966,51.5822],[0.14949,51.5822],[0.14949,51.58199],[0.14864,51.58114],[0.14864,51.58072],[0.14744,51.58082],[0.14727,51.57775],[0.1471,51.57743],[0.1471,51.57594],[0.14693,51.57573],[0.14812,51.57573],[0.14829,51.57541],[0.14812,51.57446],[0.14795,51.57435],[0.14795,51.57308],[0.14898,51.57319],[0.14898,51.57276],[0.14915,51.57255],[0.14915,51.57106],[0.14932,51.57085],[0.14932,51.57032],[0.14966,51.57011],[0.14966,51.56969],[0.14659,51.56947],[0.14659,51.56926],[0.14693,51.56905],[0.14676,51.56905],[0.14676,51.56884],[0.14727,51.56873],[0.14727,51.56862],[0.14881,51.56862],[0.14932,51.56809],[0.14966,51.5682],[0.14966,51.56809],[0.15,51.56809],[0.15,51.56788],[0.15085,51.56778],[0.15137,51.56809],[0.15205,51.56778],[0.15495,51.56565],[0.15563,51.56523],[0.15597,51.56523],[0.15785,51.56406],[0.15836,51.56396],[0.1599,51.563],[0.16007,51.56258],[0.16058,51.56237],[0.16058,51.56215],[0.16178,51.56173],[0.16178,51.56162],[0.16366,51.56215],[0.16468,51.56268],[0.16502,51.56268],[0.16502,51.56279],[0.16639,51.56321],[0.16639,51.56332],[0.16843,51.56353],[0.17048,51.56438],[0.17082,51.56438],[0.17185,51.56481],[0.1727,51.56481],[0.17338,51.56512],[0.17577,51.56481],[0.17577,51.5647],[0.17782,51.56491],[0.18021,51.56491],[0.18106,51.5647],[0.18192,51.56481],[0.18345,51.56459],[0.18516,51.56555],[0.18499,51.56502],[0.18516,51.5647],[0.18397,51.56396],[0.1838,51.56311],[0.18345,51.56279],[0.18345,51.56258],[0.18328,51.56258],[0.18311,51.56205],[0.18294,51.56205],[0.18294,51.56173],[0.18277,51.56173],[0.1826,51.5612],[0.18328,51.56088],[0.18345,51.56056],[0.18448,51.56035],[0.18465,51.56024],[0.18465,51.55992],[0.18482,51.55992],[0.18482,51.55971],[0.18465,51.55961],[0.18482,51.5595],[0.18465,51.55939],[0.18482,51.55929],[0.18482,51.55886],[0.18465,51.55886],[0.18465,51.55855],[0.18482,51.55844],[0.18448,51.55833],[0.18465,51.55833],[0.18465,51.55812],[0.18448,51.55812],[0.18448,51.55748],[0.18482,51.55727],[0.18482,51.55685],[0.18499,51.55685],[0.18482,51.55632],[0.1855,51.55642],[0.18636,51.5561],[0.18636,51.55589],[0.18704,51.55579],[0.18704,51.55547],[0.18738,51.55536],[0.18738,51.55515],[0.18772,51.55494],[0.18755,51.55441],[0.18806,51.55441],[0.18789,51.5543],[0.18789,51.55398],[0.18857,51.55388],[0.18857,51.55356],[0.18977,51.55313],[0.18994,51.55271],[0.19028,51.55271],[0.18994,51.5525],[0.1896,51.55143],[0.18909,51.55133],[0.1884,51.5509],[0.18806,51.55048],[0.18755,51.55027],[0.18755,51.55006],[0.18738,51.55006],[0.18721,51.54942],[0.18704,51.54942],[0.18704,51.5491],[0.18687,51.5491],[0.1867,51.54878],[0.18653,51.54804],[0.18618,51.54783],[0.18584,51.54719],[0.18482,51.54698],[0.18397,51.54645],[0.18345,51.54634],[0.18294,51.54592],[0.1826,51.54592],[0.1826,51.5457],[0.18226,51.5457],[0.18158,51.54517],[0.18124,51.54464],[0.18021,51.54401],[0.18021,51.54379],[0.18004,51.54379],[0.18004,51.54326],[0.17987,51.54326],[0.17987,51.54284],[0.1797,51.54284],[0.1797,51.54125],[0.17953,51.54125],[0.17953,51.54082],[0.17936,51.54082],[0.17919,51.54029],[0.17885,51.54018],[0.17867,51.53987],[0.17816,51.53955],[0.17731,51.53955],[0.17731,51.53944],[0.17646,51.53923],[0.17629,51.53902],[0.17475,51.53838],[0.17458,51.53806],[0.1739,51.53764],[0.1739,51.53732],[0.17355,51.53711],[0.17321,51.53647],[0.17304,51.53647],[0.1727,51.53594],[0.17253,51.53594],[0.17236,51.5353],[0.17219,51.5353],[0.17202,51.53477],[0.17185,51.53477],[0.17185,51.53392],[0.17134,51.5336],[0.17116,51.53296],[0.17014,51.53233],[0.17014,51.53212],[0.16946,51.5318],[0.16946,51.53158],[0.1686,51.53116],[0.1686,51.53095],[0.16792,51.53073],[0.16792,51.53042],[0.16775,51.53042],[0.16758,51.52999],[0.16673,51.52967],[0.16656,51.52925],[0.16639,51.52925],[0.16639,51.52893],[0.16587,51.52882],[0.16587,51.52861],[0.16536,51.5284],[0.16536,51.52808],[0.16519,51.52808],[0.16502,51.52744],[0.16451,51.52712],[0.16451,51.52659],[0.16434,51.52659],[0.16434,51.52638],[0.164,51.52617],[0.164,51.52543],[0.16366,51.52532],[0.16383,51.525],[0.16366,51.525],[0.16366,51.52479],[0.16314,51.52426],[0.16314,51.52404],[0.16297,51.52404],[0.16297,51.52373],[0.1628,51.52373],[0.1628,51.52309],[0.16246,51.52288],[0.16246,51.52245],[0.16229,51.52235],[0.16229,51.52171],[0.16246,51.52171],[0.16229,51.5216],[0.16229,51.52118],[0.16212,51.52118],[0.16212,51.52086],[0.16195,51.52086],[0.16178,51.52012],[0.16161,51.52012],[0.16144,51.51937],[0.16127,51.51937],[0.16127,51.51884],[0.16092,51.51863],[0.16092,51.5182],[0.16075,51.5182],[0.16075,51.51789],[0.16058,51.51789],[0.16058,51.51757],[0.16041,51.51757],[0.16024,51.51693],[0.16007,51.51693],[0.1599,51.51608],[0.15956,51.51587],[0.15956,51.51534],[0.15939,51.51534],[0.15939,51.51491],[0.15922,51.51491],[0.15922,51.51427],[0.15905,51.51427],[0.15905,51.51385],[0.15888,51.51385],[0.15888,51.51257],[0.15871,51.51247],[0.15871,51.51194],[0.15853,51.51183],[0.15836,51.51045],[0.15819,51.51034],[0.15785,51.50875],[0.15751,51.50875]]]]}},{"type":"Feature","properties":{"code":"E09000003","name":"Barnet"},"geometry":{"type":"MultiPolygon","coordinates":[[[[-0.19988,51.67015],[-0.19903,51.66824],[-0.19664,51.66813],[-0.19613,51.66856],[-0.19493,51.66835],[-0.19528,51.6675],[-0.19664,51.66549],[-0.19254,51.66475],[-0.19186,51.66454],[-0.19101,51.6639],[-0.1893,51.66581],[-0.18947,51.66581],[-0.18777,51.66792],[-0.18503,51.66856],[-0.18486,51.66845],[-0.18196,51.66866],[-0.18589,51.66284],[-0.17206,51.65988],[-0.17121,51.65967],[-0.17121,51.65956],[-0.17019,51.65945],[-0.16592,51.65839],[-0.16353,51.65818],[-0.16268,51.65797],[-0.15977,51.65659],[-0.15465,51.65554],[-0.15465,51.65501],[-0.1538,51.65458],[-0.15363,51.65469],[-0.15346,51.65416],[-0.15346,51.65331],[-0.15414,51.6531],[-0.15414,51.65278],[-0.15397,51.65257],[-0.15346,51.65268],[-0.15346,51.65247],[-0.15329,51.65247],[-0.15329,51.65225],[-0.15295,51.65204],[-0.15244,51.6513],[-0.15244,51.65024],[-0.15226,51.64982],[-0.1509,51.65003],[-0.14987,51.64876],[-0.15226,51.64791],[-0.15226,51.64759],[-0.15107,51.64728],[-0.15141,51.64696],[-0.15124,51.64685],[-0.15209,51.64579],[-0.15158,51.64558],[-0.15141,51.64526],[-0.14902,51.64516],[-0.14902,51.64484],[-0.14919,51.64484],[-0.14902,51.6441],[-0.14868,51.64368],[-0.14851,51.64304],[-0.14783,51.64209],[-0.1451,51.64262],[-0.14373,51.64071],[-0.14305,51.64029],[-0.14219,51.63933],[-0.14237,51.63933],[-0.14032,51.63753],[-0.13912,51.637],[-0.13844,51.63647],[-0.13537,51.6352],[-0.13434,51.63457],[-0.13417,51.63446],[-0.13451,51.63425],[-0.13417,51.63404],[-0.13434,51.63393],[-0.13417,51.63382],[-0.134,51.63404],[-0.13383,51.63393],[-0.13366,51.63372],[-0.13383,51.63351],[-0.13298,51.63308],[-0.13127,51.63255],[-0.12905,51.63223],[-0.12956,51.63149],[-0.12956,51.63118],[-0.12973,51.63118],[-0.12973,51.63096],[-0.13025,51.63096],[-0.1311,51.62969],[-0.13042,51.62927],[-0.13076,51.62937],[-0.13127,51.62853],[-0.1311,51.62853],[-0.13212,51.62768],[-0.13229,51.62715],[-0.13332,51.62651],[-0.13366,51.62588],[-0.13366,51.62556],[-0.134,51.62514],[-0.134,51.62482],[-0.13434,51.62439],[-0.13417,51.62429],[-0.13417,51.62386],[-0.13451,51.62355],[-0.13503,51.62228],[-0.13554,51.62238],[-0.13554,51.62217],[-0.13537,51.62217],[-0.13537,51.62175],[-0.13554,51.62153],[-0.13742,51.62037],[-0.13912,51.61888],[-0.1398,51.61857],[-0.13963,51.61846],[-0.14032,51.61793],[-0.14134,51.61751],[-0.14134,51.61729],[-0.14185,51.61687],[-0.14202,51.61613],[-0.14441,51.61549],[-0.14151,51.61242],[-0.13878,51.61019],[-0.14339,51.60882],[-0.14339,51.60754],[-0.14322,51.60733],[-0.14322,51.6067],[-0.14288,51.60606],[-0.14288,51.60574],[-0.14271,51.60574],[-0.14271,51.60553],[-0.14219,51.605],[-0.14202,51.60458],[-0.14202,51.6033],[-0.14305,51.60256],[-0.14356,51.60161],[-0.14373,51.60161],[-0.14407,51.60108],[-0.14424,51.60108],[-0.14424,51.60076],[-0.14441,51.60076],[-0.14441,51.60012],[-0.14714,51.59917],[-0.14749,51.59896],[-0.14731,51.59885],[-0.148,51.59874],[-0.15022,51.59779],[-0.15141,51.59747],[-0.15192,51.59821],[-0.15295,51.59906],[-0.15346,51.60097],[-0.15329,51.60267],[-0.15448,51.60415],[-0.15602,51.60511],[-0.15602,51.60542],[-0.15653,51.60532],[-0.15807,51.60277],[-0.15875,51.60203],[-0.16182,51.59758],[-0.16182,51.59694],[-0.16148,51.59641],[-0.16114,51.59525],[-0.16097,51.59525],[-0.16097,51.59482],[-0.16029,51.59387],[-0.15977,51.5926],[-0.15977,51.59217],[-0.15875,51.59228],[-0.15875,51.59196],[-0.15943,51.59153],[-0.1596,51.59122],[-0.15977,51.58973],[-0.16012,51.58973],[-0.16012,51.58814],[-0.16029,51.58804],[-0.15858,51.58804],[-0.15858,51.58751],[-0.15875,51.58751],[-0.15875,51.58666],[-0.15738,51.58655],[-0.15721,51.58623],[-0.1579,51.58623],[-0.1579,51.5857],[-0.1596,51.58443],[-0.16114,51.58538],[-0.16233,51.58454],[-0.16353,51.58422],[-0.1637,51.58432],[-0.16421,51.58401],[-0.16455,51.58401],[-0.16507,51.58358],[-0.16489,51.58358],[-0.16575,51.58326],[-0.16575,51.58294],[-0.16626,51.58199],[-0.16694,51.58199],[-0.16694,51.58178],[-0.16711,51.58178],[-0.16711,51.58114],[-0.16728,51.58072],[-0.16711,51.58061],[-0.16711,51.57966],[-0.16694,51.57966],[-0.16677,51.5787],[-0.16728,51.57828],[-0.16711,51.57817],[-0.16814,51.5769],[-0.16933,51.57743],[-0.16967,51.57637],[-0.1695,51.57573],[-0.16967,51.57573],[-0.1695,51.57541],[-0.1695,51.57393],[-0.17121,51.57361],[-0.17121,51.57244],[-0.17189,51.57213],[-0.17189,51.57191],[-0.17223,51.57191],[-0.17326,51.57128],[-0.1736,51.57085],[-0.1736,51.57053],[-0.17377,51.57053],[-0.17377,51.56969],[-0.17445,51.56926],[-0.1765,51.57011],[-0.1777,51.57022],[-0.17804,51.57053],[-0.17804,51.57011],[-0.17821,51.57],[-0.18094,51.56969],[-0.18094,51.56947],[-0.18077,51.56937],[-0.18145,51.56916],[-0.18316,51.56809],[-0.18367,51.56799],[-0.18333,51.56778],[-0.18401,51.56735],[-0.18606,51.56693],[-0.18691,51.5665],[-0.18725,51.56608],[-0.18794,51.56597],[-0.18862,51.56555],[-0.1893,51.56555],[-0.18947,51.56523],[-0.18981,51.56512],[-0.18981,51.56481],[-0.18998,51.5647],[-0.18998,51.56438],[-0.19016,51.56417],[-0.19016,51.56311],[-0.19033,51.56311],[-0.19033,51.56258],[-0.19067,51.56183],[-0.19118,51.56162],[-0.1922,51.56152],[-0.19357,51.56088],[-0.19425,51.56088],[-0.19476,51.56046],[-0.19545,51.56046],[-0.19664,51.56077],[-0.19681,51.56067],[-0.19698,51.56056],[-0.19681,51.56046],[-0.19681,51.55939],[-0.19664,51.55939],[-0.19664,51.55918],[-0.19749,51.55886],[-0.19784,51.55908],[-0.19835,51.55886],[-0.19852,51.55812],[-0.1992,51.55759],[-0.19954,51.55706],[-0.19937,51.55621],[-0.20091,51.5561],[-0.20296,51.55568],[-0.20381,51.55568],[-0.20483,51.55547],[-0.20483,51.55536],[-0.20586,51.55536],[-0.20586,51.55632],[-0.20603,51.55642],[-0.20808,51.556],[-0.20876,51.55568],[-0.20927,51.556],[-0.20995,51.55674],[-0.21166,51.55621],[-0.21354,51.55515],[-0.21456,51.55621],[-0.21849,51.55929],[-0.21985,51.56067],[-0.21985,51.56088],[-0.22054,51.56141],[-0.22054,51.56162],[-0.22071,51.56162],[-0.22105,51.56215],[-0.2231,51.56396],[-0.22566,51.56608],[-0.226,51.56618],[-0.22634,51.56661],[-0.22856,51.56778],[-0.23129,51.57022],[-0.23214,51.57075],[-0.23334,51.57202],[-0.23402,51.5717],[-0.2347,51.57181],[-0.2347,51.57202],[-0.23504,51.57202],[-0.23504,51.57223],[-0.23573,51.57234],[-0.23539,51.57255],[-0.23573,51.57255],[-0.2359,51.57234],[-0.23778,51.57244],[-0.23778,51.57213],[-0.23812,51.57213],[-0.23778,51.57181],[-0.23829,51.57181],[-0.2388,51.57223],[-0.23914,51.57202],[-0.23965,51.57213],[-0.23982,51.57202],[-0.23999,51.57234],[-0.24034,51.57234],[-0.24051,51.57213],[-0.24085,51.57234],[-0.24085,51.57213],[-0.24119,51.57213],[-0.24136,51.57234],[-0.24136,51.57276],[-0.24255,51.57276],[-0.24238,51.57266],[-0.24238,51.57244],[-0.2429,51.57255],[-0.24358,51.57234],[-0.24409,51.57234],[-0.24409,51.57255],[-0.24426,51.57255],[-0.24511,51.57191],[-0.24546,51.57191],[-0.24597,51.57223],[-0.24665,51.5716],[-0.24648,51.57128],[-0.24597,51.57106],[-0.24648,51.57053],[-0.24648,51.56979],[-0.24614,51.57],[-0.24614,51.56958],[-0.24665,51.56937],[-0.24665,51.56916],[-0.24648,51.56916],[-0.24665,51.56894],[-0.24733,51.56905],[-0.24733,51.56884],[-0.24699,51.56873],[-0.24699,51.56852],[-0.24733,51.56841],[-0.24802,51.56862],[-0.2487,51.56852],[-0.24904,51.56884],[-0.24938,51.56884],[-0.25058,51.57],[-0.25143,51.57053],[-0.25143,51.57075],[-0.25177,51.57117],[-0.25262,51.5716],[-0.25279,51.57202],[-0.25297,51.57202],[-0.25297,51.57234],[-0.25314,51.57234],[-0.25297,51.57266],[-0.25194,51.57276],[-0.25126,51.57319],[-0.25177,51.57382],[-0.25194,51.57382],[-0.25194,51.57404],[-0.25211,51.57404],[-0.25211,51.57425],[-0.25245,51.57457],[-0.25297,51.57616],[-0.25331,51.57669],[-0.25331,51.57701],[-0.25399,51.57796],[-0.25416,51.5787],[-0.25433,51.5787],[-0.2545,51.57902],[-0.2545,51.57998],[-0.25433,51.58019],[-0.25433,51.58061],[-0.25416,51.58072],[-0.25433,51.58082],[-0.25433,51.58167],[-0.25365,51.5821],[-0.25365,51.58231],[-0.25348,51.5822],[-0.25348,51.58231],[-0.25314,51.58231],[-0.25228,51.58273],[-0.25143,51.58358],[-0.24836,51.58432],[-0.24836,51.58443],[-0.25245,51.58835],[-0.25245,51.58857],[-0.25279,51.58867],[-0.25314,51.5891],[-0.25536,51.59047],[-0.25774,51.59228],[-0.25894,51.59334],[-0.25911,51.59366],[-0.25996,51.59429],[-0.26013,51.59461],[-0.26048,51.59472],[-0.26269,51.59673],[-0.26304,51.59684],[-0.26508,51.59843],[-0.26696,51.60033],[-0.2673,51.60044],[-0.26747,51.60076],[-0.27379,51.60564],[-0.27481,51.60701],[-0.27498,51.60701],[-0.27567,51.60776],[-0.27686,51.6085],[-0.2784,51.60977],[-0.27925,51.61072],[-0.27942,51.61072],[-0.28079,51.612],[-0.28096,51.61231],[-0.28335,51.61433],[-0.28557,51.6156],[-0.28744,51.61698],[-0.28813,51.61793],[-0.29427,51.62312],[-0.29529,51.62429],[-0.29564,51.62439],[-0.29717,51.62588],[-0.29871,51.62694],[-0.30178,51.6299],[-0.30417,51.6316],[-0.30553,51.63351],[-0.30553,51.63446],[-0.30502,51.63552],[-0.30451,51.63615],[-0.30451,51.63637],[-0.30417,51.63647],[-0.30332,51.63647],[-0.3028,51.63615],[-0.30246,51.63637],[-0.3011,51.63615],[-0.2999,51.63573],[-0.2982,51.63584],[-0.29717,51.63573],[-0.29615,51.63541],[-0.29444,51.63562],[-0.29205,51.63647],[-0.28983,51.63668],[-0.28778,51.63647],[-0.28727,51.63668],[-0.28557,51.6369],[-0.2842,51.63764],[-0.28147,51.63838],[-0.27857,51.63827],[-0.27652,51.63891],[-0.27379,51.6387],[-0.27413,51.63891],[-0.27413,51.63933],[-0.27362,51.6405],[-0.27311,51.64103],[-0.27294,51.64209],[-0.27003,51.64209],[-0.26833,51.6424],[-0.26833,51.64378],[-0.26679,51.6441],[-0.26457,51.64389],[-0.2644,51.64368],[-0.26406,51.64378],[-0.26321,51.64484],[-0.26167,51.6441],[-0.26099,51.64315],[-0.26099,51.64283],[-0.2603,51.6424],[-0.2574,51.64187],[-0.25621,51.64346],[-0.25587,51.64346],[-0.25553,51.64325],[-0.25536,51.64346],[-0.2545,51.64368],[-0.25228,51.64653],[-0.25177,51.64749],[-0.25126,51.64865],[-0.24989,51.65458],[-0.25058,51.65469],[-0.25109,51.65501],[-0.25126,51.65522],[-0.25126,51.65564],[-0.25109,51.65585],[-0.25023,51.65617],[-0.25006,51.65607],[-0.24972,51.65617],[-0.24819,51.65554],[-0.24785,51.65522],[-0.24324,51.65681],[-0.24204,51.65691],[-0.24136,51.65723],[-0.24102,51.65681],[-0.23795,51.65776],[-0.23829,51.65829],[-0.2376,51.65839],[-0.23675,51.65882],[-0.2347,51.65903],[-0.23419,51.65829],[-0.23402,51.65829],[-0.22992,51.65977],[-0.2289,51.65998],[-0.22856,51.65998],[-0.22839,51.65935],[-0.22822,51.65924],[-0.22839,51.65914],[-0.22805,51.6585],[-0.22651,51.65712],[-0.22583,51.65744],[-0.226,51.65765],[-0.2202,51.66051],[-0.21917,51.66083],[-0.21883,51.66009],[-0.21712,51.66062],[-0.21337,51.66242],[-0.21217,51.66136],[-0.20791,51.66284],[-0.20961,51.66528],[-0.21115,51.66697],[-0.20978,51.66761],[-0.20791,51.66655],[-0.20569,51.66856],[-0.20381,51.66835],[-0.20227,51.66782],[-0.20244,51.66898],[-0.2033,51.67015],[-0.20244,51.67004],[-0.19988,51.67015]]]]}},{"type":"Feature","properties":{"code":"E09000004","name":"Bexley"},"geometry":{"type":"MultiPolygon","coordinates":[[[[0.15922,51.50875],[0.16075,51.50864],[0.16383,51.50801],[0.1686,51.50631],[0.17134,51.50471],[0.17424,51.50227],[0.17577,51.49983],[0.17629,51.49823],[0.17697,51.49706],[0.17714,51.49579],[0.17799,51.49303],[0.17799,51.4926],[0.17953,51.48952],[0.18055,51.48824],[0.18209,51.48697],[0.18482,51.48548],[0.18823,51.48442],[0.19233,51.4841],[0.19847,51.48431],[0.20837,51.4858],[0.21025,51.48591],[0.21264,51.4858],[0.21725,51.48495],[0.22373,51.48229],[0.22015,51.47995],[0.21878,51.48027],[0.21793,51.48027],[0.21691,51.47995],[0.21657,51.47963],[0.2164,51.4791],[0.2164,51.47846],[0.21657,51.47846],[0.21674,51.47793],[0.21691,51.47783],[0.21691,51.4774],[0.21657,51.47687],[0.21571,51.47644],[0.21281,51.47591],[0.21145,51.47506],[0.21145,51.47443],[0.21162,51.47432],[0.21196,51.47336],[0.21179,51.47336],[0.21059,51.47219],[0.20923,51.47155],[0.20871,51.47092],[0.20974,51.46975],[0.21145,51.46879],[0.21145,51.46762],[0.21042,51.46581],[0.21059,51.46252],[0.20991,51.46209],[0.2094,51.46209],[0.20786,51.46156],[0.20564,51.46018],[0.20462,51.45996],[0.20325,51.45879],[0.20325,51.45858],[0.20291,51.45837],[0.20325,51.45762],[0.20257,51.45614],[0.20342,51.45614],[0.20394,51.45582],[0.20394,51.4556],[0.20359,51.45539],[0.20359,51.45518],[0.20325,51.45507],[0.20342,51.45433],[0.20308,51.45433],[0.20274,51.45412],[0.20274,51.4539],[0.20223,51.4539],[0.20206,51.45412],[0.20189,51.45412],[0.20189,51.4539],[0.20138,51.4539],[0.20103,51.45369],[0.2012,51.45326],[0.20052,51.45316],[0.20069,51.45284],[0.20018,51.45284],[0.20035,51.45273],[0.20018,51.45252],[0.19967,51.45273],[0.1995,51.45241],[0.19899,51.45231],[0.19916,51.45209],[0.19813,51.45199],[0.19796,51.45178],[0.19762,51.45199],[0.19745,51.45178],[0.19711,51.45178],[0.19711,51.45199],[0.1966,51.45209],[0.19643,51.45252],[0.19625,51.45252],[0.19608,51.45231],[0.19574,51.45241],[0.19574,51.4522],[0.1954,51.4522],[0.1954,51.45199],[0.19506,51.45209],[0.19506,51.45188],[0.19455,51.45188],[0.19438,51.45167],[0.19404,51.45167],[0.19404,51.45188],[0.19352,51.45188],[0.19352,51.45167],[0.19301,51.45167],[0.1925,51.45135],[0.19233,51.45103],[0.19216,51.45103],[0.19199,51.45071],[0.19182,51.45071],[0.19096,51.4488],[0.18875,51.44912],[0.18875,51.4489],[0.1884,51.44858],[0.18755,51.44869],[0.18738,51.44827],[0.18738,51.44688],[0.18414,51.44465],[0.18345,51.44475],[0.18277,51.44433],[0.18106,51.44422],[0.18089,51.44348],[0.18004,51.44337],[0.17953,51.44305],[0.17919,51.44348],[0.17902,51.44337],[0.1785,51.44348],[0.17611,51.44199],[0.17407,51.44273],[0.17321,51.44327],[0.17287,51.44316],[0.17287,51.44327],[0.17253,51.44305],[0.17253,51.44284],[0.17236,51.44284],[0.17253,51.44273],[0.17134,51.44178],[0.17099,51.44124],[0.17082,51.44124],[0.17082,51.44103],[0.17048,51.44082],[0.1698,51.43965],[0.1698,51.43922],[0.16946,51.43912],[0.16912,51.43869],[0.16878,51.43795],[0.16878,51.43752],[0.16707,51.43582],[0.16673,51.43486],[0.16656,51.43475],[0.16673,51.43252],[0.1669,51.43241],[0.1669,51.43199],[0.16604,51.43146],[0.16673,51.43135],[0.16673,51.43124],[0.16622,51.43028],[0.16553,51.43039],[0.16434,51.42858],[0.16383,51.42858],[0.164,51.4289],[0.16348,51.4289],[0.16109,51.42965],[0.16058,51.42965],[0.1599,51.42922],[0.15973,51.42933],[0.15973,51.42965],[0.15905,51.43018],[0.15871,51.43007],[0.15802,51.4305],[0.1558,51.43092],[0.15546,51.43007],[0.15546,51.42922],[0.15478,51.42837],[0.15376,51.42752],[0.15358,51.42624],[0.15341,51.4256],[0.15324,51.4255],[0.15358,51.42358],[0.15324,51.42294],[0.15307,51.42198],[0.1529,51.42166],[0.1512,51.42039],[0.15307,51.41954],[0.15461,51.41847],[0.1541,51.41773],[0.15102,51.41762],[0.1512,51.41666],[0.1512,51.41507],[0.15068,51.41421],[0.15017,51.41411],[0.14983,51.41368],[0.14966,51.41283],[0.14915,51.4124],[0.14966,51.41166],[0.15376,51.41123],[0.15341,51.4107],[0.1529,51.40868],[0.15068,51.40878],[0.14932,51.4091],[0.14898,51.40847],[0.14864,51.40847],[0.14727,51.409],[0.14573,51.40932],[0.14249,51.41059],[0.14095,51.41102],[0.14095,51.41113],[0.13908,51.41155],[0.13857,51.41198],[0.13805,51.41208],[0.13788,51.4123],[0.13703,51.41262],[0.13669,51.41262],[0.13635,51.41294],[0.136,51.41294],[0.13413,51.41389],[0.13276,51.41421],[0.13276,51.41432],[0.12884,51.41496],[0.1273,51.41496],[0.12679,51.41464],[0.12525,51.41475],[0.12116,51.41358],[0.11996,51.41347],[0.11996,51.41336],[0.11313,51.41294],[0.11279,51.41294],[0.11228,51.41326],[0.10921,51.41368],[0.10699,51.41421],[0.10699,51.41443],[0.10443,51.41517],[0.10443,51.41528],[0.10323,51.4157],[0.10272,51.41613],[0.10238,51.41613],[0.10238,51.41634],[0.10084,51.41698],[0.09897,51.41805],[0.09828,51.41826],[0.0976,51.41879],[0.09504,51.42007],[0.09214,51.42188],[0.0918,51.4223],[0.09009,51.42326],[0.08975,51.42369],[0.08924,51.4239],[0.0889,51.42433],[0.08873,51.42433],[0.08719,51.4256],[0.08514,51.42773],[0.08412,51.42911],[0.08395,51.42911],[0.08326,51.42986],[0.08139,51.4306],[0.07473,51.43209],[0.07473,51.43231],[0.0761,51.43316],[0.0761,51.43337],[0.07593,51.43337],[0.07575,51.43369],[0.07644,51.43401],[0.07593,51.43433],[0.07593,51.43454],[0.07644,51.43475],[0.07644,51.43497],[0.0749,51.43582],[0.07661,51.43688],[0.07763,51.43646],[0.07797,51.43656],[0.07883,51.43752],[0.079,51.43784],[0.07883,51.43816],[0.07951,51.43858],[0.07968,51.4388],[0.07951,51.4389],[0.08002,51.43912],[0.08002,51.43944],[0.08019,51.43944],[0.08002,51.43965],[0.08036,51.43975],[0.08036,51.44007],[0.08105,51.44039],[0.08122,51.44018],[0.0819,51.43997],[0.08224,51.44039],[0.08344,51.44114],[0.08378,51.44156],[0.08446,51.44188],[0.08378,51.44241],[0.08292,51.44273],[0.08309,51.44295],[0.08292,51.44305],[0.08292,51.44337],[0.08326,51.44358],[0.0848,51.44263],[0.08617,51.44327],[0.08736,51.44327],[0.08736,51.44358],[0.08719,51.44358],[0.08702,51.44401],[0.08685,51.44401],[0.08685,51.44433],[0.08668,51.44433],[0.08634,51.44539],[0.08668,51.44539],[0.08736,51.44571],[0.08736,51.44614],[0.08804,51.44667],[0.08804,51.44816],[0.0877,51.44912],[0.08685,51.45029],[0.08685,51.45135],[0.08668,51.45146],[0.08668,51.45241],[0.08651,51.45252],[0.08651,51.45358],[0.08634,51.45358],[0.08634,51.45465],[0.08617,51.45475],[0.08617,51.45518],[0.086,51.45529],[0.086,51.45603],[0.08583,51.45603],[0.08583,51.45635],[0.08565,51.45646],[0.08565,51.45667],[0.08139,51.45773],[0.07985,51.45858],[0.07951,51.45858],[0.079,51.45911],[0.07866,51.45922],[0.07866,51.45933],[0.08292,51.45986],[0.08258,51.46007],[0.08241,51.46082],[0.08224,51.46082],[0.08224,51.4622],[0.08241,51.4623],[0.08241,51.46294],[0.08258,51.46305],[0.08258,51.46401],[0.08241,51.46411],[0.08241,51.46432],[0.08224,51.46432],[0.08224,51.46464],[0.08207,51.46475],[0.08207,51.46539],[0.08224,51.46549],[0.08224,51.46666],[0.08326,51.46645],[0.08326,51.46666],[0.08344,51.46666],[0.08344,51.46688],[0.08378,51.46709],[0.08378,51.4673],[0.08395,51.4673],[0.08412,51.46783],[0.08446,51.46805],[0.08463,51.46858],[0.08531,51.46879],[0.08565,51.46943],[0.08617,51.46953],[0.08634,51.46975],[0.08668,51.46975],[0.08685,51.46996],[0.08907,51.47039],[0.09112,51.47166],[0.09112,51.47187],[0.09129,51.47187],[0.09129,51.47209],[0.09146,51.47219],[0.09248,51.47251],[0.09248,51.47262],[0.09282,51.47262],[0.09333,51.47304],[0.09419,51.47326],[0.09658,51.47326],[0.09658,51.47347],[0.09675,51.47347],[0.09675,51.47389],[0.09692,51.47389],[0.09692,51.47411],[0.09726,51.47432],[0.09726,51.47453],[0.09811,51.47506],[0.09811,51.47538],[0.09828,51.47549],[0.10033,51.47528],[0.1005,51.47506],[0.10119,51.47496],[0.1017,51.47443],[0.10204,51.47443],[0.10255,51.47496],[0.10289,51.47464],[0.10341,51.47453],[0.10477,51.47549],[0.10511,51.47528],[0.10562,51.47549],[0.10631,51.47506],[0.10716,51.47538],[0.10733,51.47581],[0.10767,51.47581],[0.10767,51.47602],[0.10818,51.47613],[0.1087,51.47538],[0.10989,51.47474],[0.10989,51.47453],[0.11006,51.47453],[0.11057,51.47389],[0.11194,51.47304],[0.11279,51.47357],[0.1133,51.47421],[0.1133,51.47443],[0.11348,51.47443],[0.11382,51.47485],[0.11382,51.47506],[0.11535,51.47591],[0.11535,51.47613],[0.11552,51.47613],[0.11604,51.47676],[0.11621,51.47676],[0.11621,51.47698],[0.11672,51.4773],[0.11706,51.47783],[0.11723,51.47783],[0.11842,51.47889],[0.12099,51.47846],[0.1232,51.47751],[0.12423,51.47687],[0.12389,51.47719],[0.12372,51.47815],[0.1232,51.47921],[0.1232,51.47953],[0.12286,51.47995],[0.12286,51.48048],[0.12218,51.48176],[0.12218,51.48219],[0.12201,51.48229],[0.12201,51.48612],[0.12167,51.48676],[0.12167,51.48707],[0.1215,51.48718],[0.12133,51.49207],[0.12116,51.49249],[0.12116,51.4977],[0.12099,51.49866],[0.12099,51.50216],[0.12081,51.50227],[0.12081,51.50801],[0.12064,51.50833],[0.12064,51.51024],[0.12047,51.51034],[0.12047,51.51119],[0.11979,51.51183],[0.11979,51.51204],[0.11911,51.51257],[0.11911,51.51279],[0.11825,51.51353],[0.12167,51.51481],[0.12474,51.51555],[0.12918,51.51576],[0.13208,51.51544],[0.13413,51.51512],[0.13874,51.51385],[0.14573,51.51109],[0.15068,51.50971],[0.15358,51.50918],[0.15427,51.50918],[0.15427,51.50907],[0.15751,51.50875],[0.15922,51.50875]]]]}},{"type":"Feature","properties":{"code":"E09000005","name":"Brent"},"geometry":{"type":"MultiPolygon","coordinates":[[[[-0.26474,51.59821],[-0.26304,51.59684],[-0.26269,51.59673],[-0.26048,51.59472],[-0.26013,51.59461],[-0.25996,51.59429],[-0.25911,51.59366],[-0.25894,51.59334],[-0.25774,51.59228],[-0.25536,51.59047],[-0.25314,51.5891],[-0.25279,51.58867],[-0.25245,51.58857],[-0.25245,51.58835],[-0.24836,51.58443],[-0.24836,51.58432],[-0.25143,51.58358],[-0.25228,51.58273],[-0.25314,51.58231],[-0.25348,51.58231],[-0.25348,51.5822],[-0.25365,51.58231],[-0.25365,51.5821],[-0.25433,51.58167],[-0.25433,51.58082],[-0.25416,51.58072],[-0.25433,51.58061],[-0.25433,51.58019],[-0.2545,51.57998],[-0.2545,51.57902],[-0.25433,51.5787],[-0.25416,51.5787],[-0.25399,51.57796],[-0.25331,51.57701],[-0.25331,51.57669],[-0.25297,51.57616],[-0.25245,51.57457],[-0.25211,51.57425],[-0.25211,51.57404],[-0.25194,51.57404],[-0.25194,51.57382],[-0.25177,51.57382],[-0.25126,51.57319],[-0.2516,51.57287],[-0.25314,51.57255],[-0.25297,51.57202],[-0.25279,51.57202],[-0.25262,51.5716],[-0.25177,51.57117],[-0.25143,51.57075],[-0.25143,51.57053],[-0.25058,51.57],[-0.24955,51.56894],[-0.24904,51.56884],[-0.2487,51.56852],[-0.24802,51.56862],[-0.24733,51.56841],[-0.24699,51.56852],[-0.24699,51.56873],[-0.24733,51.56884],[-0.24733,51.56905],[-0.24665,51.56894],[-0.24648,51.56905],[-0.24665,51.56937],[-0.24614,51.56958],[-0.24614,51.57],[-0.24648,51.56979],[-0.24648,51.57053],[-0.24597,51.57106],[-0.24648,51.57128],[-0.24665,51.5716],[-0.24597,51.57223],[-0.24546,51.57191],[-0.24511,51.57191],[-0.24426,51.57255],[-0.24409,51.57255],[-0.24409,51.57234],[-0.24358,51.57234],[-0.2429,51.57255],[-0.24238,51.57244],[-0.24238,51.57266],[-0.24255,51.57276],[-0.24136,51.57276],[-0.24136,51.57234],[-0.24119,51.57213],[-0.24085,51.57213],[-0.24085,51.57234],[-0.24051,51.57213],[-0.24034,51.57234],[-0.23999,51.57234],[-0.23982,51.57202],[-0.23982,51.57213],[-0.23914,51.57202],[-0.2388,51.57223],[-0.23829,51.57181],[-0.23778,51.57181],[-0.23812,51.57202],[-0.23812,51.57213],[-0.23778,51.57213],[-0.23778,51.57244],[-0.2359,51.57234],[-0.23573,51.57255],[-0.23539,51.57255],[-0.23573,51.57234],[-0.23504,51.57223],[-0.23504,51.57202],[-0.2347,51.57202],[-0.2347,51.57181],[-0.23402,51.5717],[-0.23334,51.57202],[-0.23214,51.57075],[-0.23129,51.57022],[-0.22856,51.56778],[-0.22685,51.56693],[-0.226,51.56618],[-0.22566,51.56608],[-0.22105,51.56215],[-0.22071,51.56162],[-0.22054,51.56162],[-0.22054,51.56141],[-0.21985,51.56088],[-0.21985,51.56067],[-0.21849,51.55929],[-0.21456,51.55621],[-0.21115,51.55303],[-0.20722,51.55027],[-0.2004,51.54379],[-0.20023,51.54379],[-0.19681,51.54082],[-0.1963,51.54061],[-0.1963,51.5404],[-0.19511,51.53955],[-0.19323,51.53774],[-0.19254,51.53732],[-0.19152,51.53636],[-0.19169,51.53583],[-0.19306,51.53392],[-0.19254,51.5336],[-0.19254,51.53339],[-0.19237,51.53339],[-0.19237,51.53275],[-0.19476,51.52978],[-0.19511,51.52957],[-0.19647,51.52787],[-0.19647,51.52766],[-0.19681,51.52776],[-0.19681,51.52797],[-0.19784,51.52787],[-0.19784,51.5284],[-0.19801,51.52861],[-0.19784,51.52872],[-0.19784,51.5301],[-0.19835,51.53063],[-0.19937,51.53105],[-0.19937,51.53127],[-0.20005,51.53137],[-0.20023,51.53158],[-0.20074,51.53169],[-0.20142,51.53212],[-0.20159,51.53254],[-0.20279,51.53286],[-0.20432,51.53296],[-0.20774,51.53286],[-0.20774,51.53275],[-0.20927,51.53254],[-0.20927,51.53243],[-0.21064,51.53212],[-0.21098,51.5319],[-0.21337,51.5318],[-0.21337,51.53169],[-0.21388,51.53169],[-0.21388,51.53158],[-0.21507,51.53148],[-0.21542,51.53127],[-0.21525,51.53116],[-0.21525,51.53063],[-0.21507,51.53052],[-0.21507,51.52999],[-0.21542,51.52978],[-0.21593,51.52978],[-0.21593,51.52925],[-0.2161,51.52925],[-0.2161,51.52797],[-0.21763,51.5285],[-0.21763,51.52861],[-0.22207,51.52935],[-0.22258,51.52967],[-0.22378,51.52999],[-0.22549,51.5302],[-0.22549,51.52999],[-0.2277,51.52989],[-0.22753,51.52999],[-0.2277,51.5302],[-0.22822,51.5302],[-0.22856,51.53042],[-0.22992,51.53063],[-0.23163,51.53116],[-0.23248,51.53169],[-0.23283,51.53169],[-0.23436,51.53265],[-0.23726,51.53201],[-0.24375,51.5318],[-0.24648,51.53275],[-0.24665,51.53307],[-0.24682,51.53307],[-0.24682,51.53328],[-0.24716,51.5335],[-0.2487,51.53381],[-0.25075,51.53413],[-0.25092,51.53392],[-0.25279,51.53413],[-0.25604,51.53392],[-0.25621,51.53456],[-0.25655,51.53498],[-0.25774,51.53541],[-0.25809,51.53509],[-0.26013,51.53456],[-0.26304,51.53275],[-0.2644,51.53233],[-0.26474,51.53212],[-0.26474,51.53158],[-0.26645,51.53052],[-0.26781,51.5301],[-0.26781,51.52999],[-0.2685,51.52999],[-0.2685,51.52978],[-0.26918,51.52978],[-0.26952,51.52999],[-0.26986,51.52978],[-0.2702,51.52978],[-0.27037,51.52999],[-0.27089,51.52999],[-0.2772,51.52925],[-0.27891,51.52872],[-0.27925,51.52882],[-0.27942,51.52861],[-0.28045,51.52829],[-0.28079,51.5285],[-0.28403,51.52904],[-0.28454,51.52893],[-0.28574,51.52914],[-0.28608,51.52957],[-0.28932,51.53158],[-0.28881,51.5319],[-0.28591,51.53275],[-0.28557,51.53296],[-0.28557,51.53318],[-0.28403,51.5335],[-0.28369,51.53318],[-0.28352,51.53275],[-0.28301,51.53296],[-0.28147,51.53318],[-0.28096,51.53254],[-0.27891,51.53318],[-0.27874,51.53381],[-0.27857,51.53392],[-0.27857,51.53445],[-0.27806,51.53456],[-0.27806,51.53498],[-0.27788,51.53509],[-0.27857,51.53541],[-0.28027,51.53689],[-0.28045,51.53689],[-0.28164,51.53785],[-0.28215,51.53849],[-0.28249,51.53859],[-0.28454,51.53774],[-0.28539,51.53721],[-0.2871,51.53657],[-0.28915,51.53594],[-0.29,51.53583],[-0.29,51.53572],[-0.29052,51.53572],[-0.29222,51.53519],[-0.29308,51.53509],[-0.29342,51.53488],[-0.29529,51.53488],[-0.29564,51.5353],[-0.29649,51.5353],[-0.29734,51.53488],[-0.29734,51.53466],[-0.29785,51.53424],[-0.30024,51.53286],[-0.30144,51.53233],[-0.30297,51.53201],[-0.30741,51.53307],[-0.30707,51.53339],[-0.30707,51.5336],[-0.30639,51.53371],[-0.30622,51.53403],[-0.30622,51.53477],[-0.30605,51.53509],[-0.30605,51.53572],[-0.30588,51.53594],[-0.30588,51.53933],[-0.30571,51.53955],[-0.30485,51.53976],[-0.30468,51.53997],[-0.30622,51.54093],[-0.30639,51.54125],[-0.3069,51.54156],[-0.3069,51.54178],[-0.30707,51.54178],[-0.30844,51.54316],[-0.30792,51.54443],[-0.30844,51.54485],[-0.30895,51.54496],[-0.30895,51.54517],[-0.30707,51.54528],[-0.30792,51.54613],[-0.30963,51.54698],[-0.31151,51.54751],[-0.31185,51.54793],[-0.31202,51.54793],[-0.31236,51.54846],[-0.31253,51.54921],[-0.31356,51.54963],[-0.31373,51.54984],[-0.31612,51.55069],[-0.31663,51.55101],[-0.31646,51.55101],[-0.31782,51.55165],[-0.32038,51.5526],[-0.32073,51.5526],[-0.32073,51.55271],[-0.32209,51.55313],[-0.3226,51.55345],[-0.32294,51.55345],[-0.32346,51.55377],[-0.3238,51.55377],[-0.32397,51.55398],[-0.32482,51.55419],[-0.32482,51.5543],[-0.32772,51.55526],[-0.33097,51.55568],[-0.33404,51.55621],[-0.33404,51.55632],[-0.33438,51.55621],[-0.33472,51.55642],[-0.33557,51.55653],[-0.33506,51.55759],[-0.33489,51.55759],[-0.33489,51.55791],[-0.33387,51.5577],[-0.33404,51.55791],[-0.33404,51.55876],[-0.33182,51.56077],[-0.33199,51.56088],[-0.33114,51.56141],[-0.33148,51.56152],[-0.33011,51.56226],[-0.32926,51.56247],[-0.32824,51.56247],[-0.32841,51.5629],[-0.32858,51.5629],[-0.32824,51.56332],[-0.32858,51.56406],[-0.32858,51.56587],[-0.32977,51.56618],[-0.3296,51.5664],[-0.32977,51.5665],[-0.32977,51.56714],[-0.32789,51.56746],[-0.32721,51.56788],[-0.32619,51.56788],[-0.32499,51.56831],[-0.32516,51.56841],[-0.32414,51.56873],[-0.32414,51.56884],[-0.32346,51.56894],[-0.32294,51.56937],[-0.32209,51.56969],[-0.32294,51.57064],[-0.32482,51.57329],[-0.32533,51.57605],[-0.32653,51.57796],[-0.3267,51.57881],[-0.32397,51.57923],[-0.32124,51.57998],[-0.31902,51.58082],[-0.31714,51.5821],[-0.31134,51.58496],[-0.30639,51.58666],[-0.304,51.58719],[-0.30127,51.58729],[-0.29854,51.58676],[-0.29478,51.58666],[-0.28232,51.58507],[-0.28232,51.58591],[-0.28301,51.58687],[-0.28318,51.58825],[-0.28335,51.58835],[-0.28352,51.5892],[-0.28386,51.58973],[-0.28386,51.59016],[-0.28403,51.59016],[-0.2842,51.59058],[-0.28454,51.59069],[-0.28471,51.59111],[-0.28488,51.59111],[-0.28574,51.59196],[-0.28693,51.59228],[-0.2871,51.59249],[-0.28932,51.59291],[-0.29034,51.59344],[-0.29034,51.59366],[-0.28761,51.59429],[-0.28625,51.59493],[-0.28574,51.59472],[-0.28557,51.59525],[-0.28335,51.59578],[-0.27652,51.59652],[-0.27703,51.59694],[-0.27311,51.59843],[-0.27106,51.59832],[-0.26901,51.59959],[-0.26747,51.60012],[-0.2673,51.60033],[-0.26696,51.60033],[-0.26474,51.59821]]]]}},{"type":"Feature","properties":{"code":"E09000006","name":"Bromley"},"geometry":{"type":"MultiPolygon","coordinates":[[[[0.03052,51.44433],[0.0336,51.44358],[0.03547,51.44241],[0.03633,51.44231],[0.03701,51.44188],[0.03957,51.44114],[0.0423,51.43944],[0.04247,51.4389],[0.04264,51.4389],[0.04264,51.43858],[0.04281,51.43858],[0.04298,51.43816],[0.04316,51.43816],[0.04333,51.43773],[0.0452,51.43667],[0.0452,51.43614],[0.04537,51.43614],[0.04572,51.43561],[0.04623,51.43529],[0.04708,51.43433],[0.04896,51.43284],[0.05118,51.43146],[0.05254,51.43018],[0.05391,51.42837],[0.05647,51.42603],[0.05783,51.42518],[0.05852,51.42454],[0.06108,51.42507],[0.06108,51.42464],[0.06125,51.42454],[0.06142,51.4239],[0.06176,51.42369],[0.06295,51.42401],[0.06449,51.42496],[0.06415,51.42539],[0.06483,51.4255],[0.065,51.42571],[0.06637,51.42592],[0.06654,51.42603],[0.06637,51.42624],[0.06688,51.42667],[0.06944,51.42826],[0.07149,51.42922],[0.07183,51.42965],[0.07234,51.42986],[0.07251,51.43028],[0.07285,51.4305],[0.07337,51.43124],[0.07354,51.43124],[0.07319,51.43135],[0.07319,51.43167],[0.07337,51.43177],[0.07422,51.43156],[0.0749,51.43082],[0.0749,51.43114],[0.07524,51.43177],[0.07558,51.43199],[0.07558,51.43188],[0.08139,51.4306],[0.08326,51.42986],[0.08395,51.42911],[0.08412,51.42911],[0.08514,51.42773],[0.08719,51.4256],[0.08873,51.42433],[0.0889,51.42433],[0.08924,51.4239],[0.08975,51.42369],[0.09009,51.42326],[0.0918,51.4223],[0.09214,51.42188],[0.09504,51.42007],[0.0976,51.41879],[0.09828,51.41826],[0.09897,51.41805],[0.10084,51.41698],[0.10238,51.41634],[0.10238,51.41613],[0.10272,51.41613],[0.10323,51.4157],[0.10443,51.41528],[0.10443,51.41517],[0.10699,51.41443],[0.10699,51.41421],[0.10921,51.41368],[0.11228,51.41326],[0.11279,51.41294],[0.11313,51.41294],[0.11996,51.41336],[0.11996,51.41347],[0.12116,51.41358],[0.12525,51.41475],[0.12679,51.41464],[0.1273,51.41496],[0.12969,51.41485],[0.13276,51.41432],[0.13276,51.41421],[0.13413,51.41389],[0.136,51.41294],[0.13635,51.41294],[0.13669,51.41262],[0.13703,51.41262],[0.13788,51.4123],[0.13805,51.41208],[0.13857,51.41198],[0.13908,51.41155],[0.13993,51.41145],[0.13993,51.41134],[0.14095,51.41113],[0.14095,51.41102],[0.14249,51.41059],[0.14573,51.40932],[0.14864,51.40857],[0.14881,51.40847],[0.14881,51.40825],[0.14864,51.40815],[0.15051,51.40719],[0.15051,51.40697],[0.15137,51.40644],[0.15273,51.40634],[0.15273,51.40602],[0.15324,51.40559],[0.15358,51.40559],[0.15512,51.40399],[0.15529,51.40399],[0.15495,51.40367],[0.15546,51.40357],[0.15649,51.4025],[0.15649,51.40229],[0.15717,51.40144],[0.15734,51.40027],[0.15785,51.3992],[0.15768,51.39899],[0.15768,51.39814],[0.15871,51.39643],[0.15888,51.3959],[0.15956,51.39526],[0.15939,51.39526],[0.16041,51.39398],[0.16212,51.3926],[0.16246,51.39249],[0.16024,51.39228],[0.15734,51.39228],[0.14778,51.39281],[0.14778,51.39239],[0.14761,51.39217],[0.14795,51.39185],[0.14864,51.39132],[0.14983,51.3909],[0.14949,51.39036],[0.14949,51.38983],[0.14898,51.38951],[0.14864,51.38876],[0.14949,51.38781],[0.14898,51.38749],[0.14966,51.38674],[0.15034,51.38632],[0.15034,51.3861],[0.15051,51.3861],[0.15051,51.38589],[0.15,51.38589],[0.14983,51.38536],[0.14983,51.38365],[0.15051,51.38344],[0.15051,51.38163],[0.15034,51.38163],[0.15034,51.3811],[0.14966,51.3811],[0.14966,51.38014],[0.15017,51.37992],[0.1512,51.37992],[0.15102,51.3796],[0.15102,51.37907],[0.15239,51.37865],[0.15222,51.37833],[0.15324,51.37801],[0.15256,51.37662],[0.15256,51.37524],[0.15171,51.37545],[0.14983,51.37385],[0.14966,51.37353],[0.15085,51.37289],[0.15085,51.37236],[0.1512,51.37215],[0.15017,51.37012],[0.15205,51.3697],[0.15154,51.3682],[0.1512,51.3682],[0.14949,51.36916],[0.14864,51.36788],[0.14727,51.36714],[0.14727,51.36693],[0.14829,51.36639],[0.14659,51.36437],[0.14505,51.36288],[0.14539,51.36245],[0.14505,51.36202],[0.14488,51.36202],[0.14471,51.36149],[0.14454,51.36149],[0.14454,51.36064],[0.14539,51.36032],[0.14539,51.3601],[0.14505,51.35968],[0.14488,51.3584],[0.1459,51.35819],[0.14505,51.35573],[0.1442,51.35488],[0.14403,51.35488],[0.14369,51.35371],[0.14369,51.35296],[0.14317,51.35307],[0.14283,51.35264],[0.14283,51.35211],[0.14266,51.35179],[0.14283,51.35104],[0.14266,51.35104],[0.14266,51.35073],[0.14095,51.35019],[0.1413,51.34977],[0.1413,51.34955],[0.13959,51.3487],[0.13959,51.34849],[0.13857,51.34742],[0.13942,51.34731],[0.13942,51.34699],[0.13822,51.3471],[0.13822,51.34667],[0.13788,51.34667],[0.13754,51.34646],[0.13754,51.34625],[0.13737,51.34625],[0.13754,51.34603],[0.1372,51.34582],[0.13686,51.34603],[0.13618,51.34593],[0.13618,51.34561],[0.13686,51.34518],[0.13703,51.34476],[0.1372,51.34476],[0.13703,51.34422],[0.13413,51.34508],[0.13174,51.3455],[0.13174,51.34518],[0.1314,51.34518],[0.12952,51.3455],[0.12952,51.34539],[0.12576,51.34582],[0.12508,51.34582],[0.12355,51.34539],[0.12355,51.34508],[0.12184,51.34454],[0.11996,51.34422],[0.11996,51.34433],[0.1186,51.34422],[0.11757,51.34348],[0.11757,51.34316],[0.11723,51.34316],[0.11672,51.34134],[0.11723,51.33974],[0.11842,51.33996],[0.11894,51.33868],[0.11825,51.33836],[0.11996,51.33473],[0.12167,51.33367],[0.1203,51.33217],[0.11791,51.33068],[0.11774,51.33047],[0.11791,51.32961],[0.1174,51.32951],[0.11672,51.33004],[0.11569,51.32951],[0.11416,51.32737],[0.1116,51.32769],[0.11074,51.32801],[0.11006,51.32801],[0.11006,51.32748],[0.10972,51.32663],[0.10733,51.32748],[0.10477,51.32737],[0.10443,51.32684],[0.10323,51.32599],[0.10204,51.32599],[0.10187,51.32577],[0.10084,51.32556],[0.10084,51.32524],[0.10033,51.32417],[0.09965,51.32353],[0.09846,51.32289],[0.09777,51.32225],[0.09624,51.32129],[0.09282,51.3198],[0.09095,51.31937],[0.08941,51.31873],[0.0877,51.31831],[0.08719,51.31756],[0.08634,51.31681],[0.08497,51.31607],[0.08497,51.31585],[0.08565,51.31479],[0.08548,51.31468],[0.08531,51.31383],[0.08497,51.31319],[0.08497,51.31276],[0.08514,51.31276],[0.08514,51.31255],[0.08497,51.31212],[0.08446,51.3118],[0.08412,51.31095],[0.08361,51.31073],[0.08395,51.31009],[0.08395,51.30967],[0.08412,51.30967],[0.08429,51.30881],[0.08446,51.30871],[0.08446,51.30849],[0.0848,51.30839],[0.08412,51.30807],[0.08463,51.30721],[0.0848,51.30604],[0.08275,51.30561],[0.08548,51.30252],[0.08583,51.30166],[0.086,51.30166],[0.08617,51.30017],[0.08685,51.29985],[0.08804,51.29878],[0.08856,51.29857],[0.08924,51.29782],[0.09112,51.29686],[0.09077,51.29654],[0.08924,51.29611],[0.0877,51.29483],[0.08702,51.29451],[0.08702,51.29398],[0.08565,51.29302],[0.08395,51.2927],[0.08326,51.29227],[0.08173,51.29206],[0.08156,51.29185],[0.08036,51.29163],[0.079,51.29174],[0.07319,51.29163],[0.072,51.29142],[0.07081,51.29099],[0.06756,51.29056],[0.06756,51.29035],[0.06722,51.29046],[0.06568,51.29035],[0.06568,51.29024],[0.06466,51.29003],[0.06466,51.28992],[0.06398,51.28982],[0.06227,51.28992],[0.05869,51.28939],[0.05835,51.28939],[0.05817,51.28971],[0.05783,51.28982],[0.05766,51.29056],[0.05749,51.29056],[0.05749,51.29078],[0.05715,51.29099],[0.05715,51.2912],[0.05698,51.2912],[0.05681,51.29163],[0.0563,51.29195],[0.05613,51.29238],[0.05442,51.29206],[0.05305,51.29281],[0.05135,51.29345],[0.05084,51.29398],[0.04913,51.29377],[0.04572,51.29398],[0.04503,51.29334],[0.04401,51.29281],[0.04247,51.2927],[0.04264,51.29366],[0.04281,51.29387],[0.04281,51.29462],[0.04298,51.29473],[0.04316,51.29622],[0.0435,51.29675],[0.04401,51.29836],[0.04435,51.29857],[0.04316,51.299],[0.04316,51.29964],[0.04298,51.29985],[0.04264,51.30145],[0.04213,51.3022],[0.04145,51.30284],[0.04094,51.30273],[0.04077,51.30284],[0.04094,51.30294],[0.04025,51.30337],[0.04008,51.30326],[0.0394,51.30358],[0.03838,51.30444],[0.03769,51.30476],[0.03599,51.30604],[0.03394,51.30689],[0.03291,51.30753],[0.0324,51.307],[0.03104,51.30636],[0.03035,51.30551],[0.02933,51.3054],[0.02762,51.30444],[0.02455,51.30188],[0.02404,51.30038],[0.0237,51.29985],[0.02284,51.29878],[0.02114,51.29718],[0.0208,51.29654],[0.0208,51.2959],[0.02097,51.29569],[0.02028,51.29483],[0.01994,51.29323],[0.01909,51.29163],[0.01636,51.29185],[0.01499,51.29174],[0.01448,51.29259],[0.01431,51.29387],[0.01414,51.2943],[0.01397,51.2943],[0.01346,51.29622],[0.01294,51.29697],[0.01243,51.29889],[0.01175,51.30006],[0.01158,51.30092],[0.01107,51.30198],[0.0109,51.3039],[0.01073,51.30401],[0.01056,51.30465],[0.01038,51.30465],[0.01056,51.30476],[0.01056,51.30497],[0.01038,51.30508],[0.01038,51.30572],[0.01004,51.30604],[0.01004,51.30625],[0.0097,51.30647],[0.00919,51.30817],[0.00902,51.30817],[0.00919,51.30892],[0.00885,51.30924],[0.00885,51.30956],[0.00834,51.31052],[0.00834,51.31084],[0.00902,51.31159],[0.00919,51.31287],[0.00953,51.31383],[0.0097,51.31393],[0.01038,51.31617],[0.00885,51.31607],[0.00885,51.31596],[0.00817,51.31596],[0.00782,51.31575],[0.00697,51.31564],[0.00663,51.31564],[0.00663,51.31596],[0.00646,51.31596],[0.00543,51.31873],[0.00543,51.31959],[0.00509,51.32033],[0.00492,51.32204],[0.00441,51.32279],[0.00373,51.32449],[0.00322,51.32695],[0.00287,51.32748],[0.00236,51.32919],[0.00219,51.32908],[0.00219,51.32983],[0.00287,51.33025],[0.00287,51.33121],[0.00322,51.33153],[0.00322,51.33217],[0.0027,51.33228],[0.00168,51.33292],[0.00151,51.33324],[0.00083,51.33356],[0.00049,51.33516],[0.00014,51.3358],[-2e-05,51.33687],[-0.00019,51.33687],[-0.00019,51.33751],[-0.00036,51.33751],[-0.00053,51.33825],[-0.0007,51.33825],[-0.00087,51.33932],[-0.00104,51.33942],[-0.00138,51.3406],[-0.00155,51.3406],[-0.00155,51.34113],[-0.00172,51.34113],[-0.00172,51.34188],[-0.00207,51.3423],[-0.00207,51.34273],[-0.00258,51.34369],[-0.00258,51.34454],[-0.00275,51.34454],[-0.00275,51.34508],[-0.00292,51.34508],[-0.00292,51.34571],[-0.00309,51.34571],[-0.00309,51.34603],[-0.00326,51.34603],[-0.00343,51.34689],[-0.0036,51.34699],[-0.0036,51.34742],[-0.00377,51.34742],[-0.00377,51.34774],[-0.00394,51.34774],[-0.00394,51.34838],[-0.00411,51.3487],[-0.00428,51.3487],[-0.00428,51.34923],[-0.00463,51.34945],[-0.00463,51.35019],[-0.0048,51.35019],[-0.0048,51.35136],[-0.00497,51.35136],[-0.00497,51.3519],[-0.00514,51.3519],[-0.00514,51.35243],[-0.00531,51.35243],[-0.00531,51.35275],[-0.00582,51.35328],[-0.00599,51.35328],[-0.00616,51.35371],[-0.00685,51.35403],[-0.00685,51.35424],[-0.00787,51.35488],[-0.00787,51.3551],[-0.00821,51.35531],[-0.00821,51.35552],[-0.00958,51.35637],[-0.00992,51.35637],[-0.01009,51.35659],[-0.0106,51.35669],[-0.01077,51.35691],[-0.01162,51.35723],[-0.01299,51.35712],[-0.0147,51.3584],[-0.01504,51.3584],[-0.01555,51.35872],[-0.01572,51.35904],[-0.01623,51.35936],[-0.01623,51.35957],[-0.01674,51.35989],[-0.01674,51.3601],[-0.01709,51.36021],[-0.01709,51.36042],[-0.01845,51.36128],[-0.01811,51.36149],[-0.01828,51.36149],[-0.01845,51.36202],[-0.01862,51.36202],[-0.01879,51.36277],[-0.01913,51.36288],[-0.0193,51.3633],[-0.01999,51.36373],[-0.01999,51.36394],[-0.02033,51.36415],[-0.02067,51.36415],[-0.02101,51.36479],[-0.02186,51.36533],[-0.02186,51.36554],[-0.02204,51.36554],[-0.02221,51.36586],[-0.02272,51.36575],[-0.02306,51.36543],[-0.02374,51.36533],[-0.02374,51.36575],[-0.02443,51.36639],[-0.02443,51.36671],[-0.02408,51.36682],[-0.02408,51.36703],[-0.02306,51.36703],[-0.02306,51.36746],[-0.02323,51.36746],[-0.02323,51.36831],[-0.0234,51.36863],[-0.02357,51.36863],[-0.02357,51.37119],[-0.02374,51.37119],[-0.02374,51.37151],[-0.02357,51.37151],[-0.02357,51.37236],[-0.02408,51.37268],[-0.02425,51.37342],[-0.02494,51.37438],[-0.02494,51.3746],[-0.02511,51.3746],[-0.02511,51.37502],[-0.02545,51.37524],[-0.02562,51.37588],[-0.02613,51.37641],[-0.02596,51.37726],[-0.0263,51.37747],[-0.0263,51.3779],[-0.02647,51.3779],[-0.02647,51.37843],[-0.02664,51.37854],[-0.02681,51.37939],[-0.02801,51.37939],[-0.02801,51.37854],[-0.02835,51.37801],[-0.0292,51.37747],[-0.02989,51.37737],[-0.02989,51.37726],[-0.03432,51.37694],[-0.03688,51.37694],[-0.03688,51.37737],[-0.03671,51.37737],[-0.03671,51.37801],[-0.03654,51.37811],[-0.03637,51.37896],[-0.03688,51.37896],[-0.03706,51.3795],[-0.03723,51.3796],[-0.0374,51.38088],[-0.03757,51.38088],[-0.03757,51.38142],[-0.03774,51.38152],[-0.03774,51.3828],[-0.03791,51.38323],[-0.03757,51.38397],[-0.0374,51.38525],[-0.03723,51.38536],[-0.03723,51.38589],[-0.03706,51.3861],[-0.03706,51.38663],[-0.03688,51.38674],[-0.03688,51.38727],[-0.03671,51.38749],[-0.03671,51.38791],[-0.03654,51.38802],[-0.03654,51.38845],[-0.03859,51.38876],[-0.03859,51.38887],[-0.03962,51.38887],[-0.04166,51.3894],[-0.04183,51.38919],[-0.04303,51.38951],[-0.04542,51.391],[-0.04559,51.39132],[-0.04593,51.39143],[-0.0461,51.39196],[-0.04661,51.39196],[-0.04678,51.39175],[-0.04695,51.39185],[-0.04695,51.39207],[-0.04713,51.39207],[-0.04713,51.39228],[-0.04747,51.39249],[-0.04747,51.39271],[-0.04764,51.39271],[-0.04764,51.39292],[-0.04798,51.39313],[-0.05088,51.39334],[-0.05088,51.39345],[-0.05173,51.39366],[-0.05173,51.39398],[-0.05242,51.39409],[-0.05259,51.39462],[-0.05344,51.39484],[-0.0531,51.39537],[-0.05276,51.39547],[-0.05242,51.3959],[-0.05105,51.39686],[-0.05105,51.39707],[-0.05088,51.39707],[-0.05088,51.3975],[-0.05037,51.39782],[-0.05037,51.39803],[-0.05088,51.3976],[-0.05208,51.39824],[-0.05071,51.39952],[-0.05054,51.39952],[-0.05156,51.40005],[-0.05173,51.40037],[-0.0519,51.40037],[-0.05293,51.40144],[-0.05327,51.40122],[-0.05515,51.40101],[-0.05668,51.40059],[-0.05668,51.40048],[-0.05703,51.40048],[-0.05703,51.40037],[-0.0589,51.39963],[-0.05941,51.3992],[-0.06061,51.3991],[-0.06061,51.39931],[-0.0601,51.39952],[-0.06197,51.40122],[-0.06215,51.40154],[-0.06453,51.40165],[-0.06453,51.40208],[-0.06607,51.4024],[-0.06658,51.40272],[-0.0671,51.40282],[-0.06846,51.40367],[-0.06863,51.40399],[-0.06897,51.4041],[-0.06897,51.40474],[-0.06914,51.40474],[-0.06914,51.40506],[-0.06931,51.40506],[-0.06948,51.40548],[-0.06966,51.40548],[-0.06966,51.4057],[-0.07068,51.40676],[-0.07222,51.40772],[-0.07341,51.40932],[-0.07341,51.40985],[-0.07358,51.40985],[-0.07358,51.41091],[-0.07341,51.41091],[-0.07341,51.41134],[-0.07324,51.41145],[-0.07324,51.41177],[-0.07307,51.41177],[-0.07307,51.41198],[-0.0729,51.41208],[-0.07273,51.41272],[-0.07324,51.41272],[-0.07324,51.41283],[-0.07443,51.41315],[-0.07512,51.41347],[-0.07495,51.41368],[-0.07648,51.41443],[-0.07665,51.41432],[-0.07836,51.41507],[-0.08041,51.41549],[-0.08041,51.4157],[-0.08058,51.4157],[-0.08075,51.41624],[-0.08092,51.41634],[-0.08092,51.41709],[-0.08109,51.41709],[-0.08109,51.4173],[-0.08041,51.41783],[-0.0799,51.41858],[-0.07955,51.41879],[-0.07955,51.419],[-0.07836,51.41975],[-0.07853,51.41986],[-0.07836,51.4206],[-0.07819,51.4206],[-0.07819,51.42081],[-0.0758,51.42433],[-0.07512,51.4256],[-0.07478,51.42592],[-0.07392,51.42624],[-0.07204,51.42635],[-0.07068,51.42624],[-0.07068,51.42613],[-0.06983,51.42603],[-0.06931,51.42571],[-0.06897,51.42571],[-0.06897,51.4256],[-0.0688,51.4256],[-0.0688,51.42592],[-0.06846,51.42603],[-0.06846,51.42592],[-0.06795,51.42592],[-0.0671,51.42539],[-0.06607,51.42507],[-0.0659,51.42528],[-0.06522,51.42528],[-0.06488,51.42507],[-0.06453,51.42507],[-0.06436,51.42528],[-0.06232,51.42518],[-0.0618,51.42486],[-0.06146,51.42486],[-0.06146,51.42443],[-0.06112,51.42443],[-0.05805,51.42326],[-0.05805,51.42315],[-0.05703,51.42305],[-0.05703,51.42294],[-0.05583,51.42294],[-0.05583,51.42305],[-0.05515,51.42294],[-0.05498,51.42305],[-0.05481,51.42369],[-0.05344,51.42369],[-0.05173,51.42358],[-0.05173,51.42252],[-0.05071,51.42252],[-0.0502,51.42262],[-0.0502,51.42273],[-0.049,51.42284],[-0.04593,51.42284],[-0.04593,51.42262],[-0.04627,51.42262],[-0.04627,51.42241],[-0.04371,51.42284],[-0.04371,51.42305],[-0.04388,51.42315],[-0.04303,51.42337],[-0.04269,51.42326],[-0.04201,51.42358],[-0.04166,51.42358],[-0.04149,51.42369],[-0.04166,51.4239],[-0.04098,51.42433],[-0.03945,51.42422],[-0.03842,51.4239],[-0.03808,51.42443],[-0.0374,51.42496],[-0.03415,51.42507],[-0.03415,51.42475],[-0.03364,51.42475],[-0.03364,51.42464],[-0.03176,51.42475],[-0.03194,51.4255],[-0.03023,51.42571],[-0.02784,51.42475],[-0.02784,51.42443],[-0.02716,51.42422],[-0.02699,51.42401],[-0.02596,51.42358],[-0.02579,51.42379],[-0.02528,51.42337],[-0.02425,51.42315],[-0.0234,51.42252],[-0.02323,51.4222],[-0.02306,51.4222],[-0.02272,51.42166],[-0.02255,51.42156],[-0.02221,51.42177],[-0.02101,51.42103],[-0.02101,51.42081],[-0.02169,51.42039],[-0.02084,51.42007],[-0.02084,51.41975],[-0.02118,51.41954],[-0.02118,51.41868],[-0.02152,51.41815],[-0.02255,51.41751],[-0.02169,51.4173],[-0.02221,51.41677],[-0.02084,51.41592],[-0.02016,51.41602],[-0.01777,51.4157],[-0.01794,51.41507],[-0.01743,51.41496],[-0.01589,51.41496],[-0.01436,51.41517],[-0.01418,51.41496],[-0.01436,51.41496],[-0.01453,51.41389],[-0.01384,51.41358],[-0.01009,51.41358],[-0.00975,51.41379],[-0.00941,51.41379],[-0.00872,51.41432],[-0.00667,51.41464],[-0.00667,51.4157],[-0.0065,51.41602],[-0.00582,51.41602],[-0.00548,51.41581],[-0.00548,51.41528],[-0.00531,51.41528],[-0.00497,51.41464],[-0.00411,51.41475],[-0.00326,51.41507],[-0.00343,51.41517],[-0.00343,51.41538],[-0.0036,51.41538],[-0.0036,51.4156],[-0.00343,51.4157],[-0.0007,51.41592],[-0.00087,51.41613],[-0.00019,51.41645],[-0.00036,51.41677],[-0.00019,51.41709],[-0.00019,51.41762],[0.00014,51.41783],[0.00049,51.41783],[0.00168,51.41858],[0.00356,51.41741],[0.00561,51.41847],[0.00543,51.41868],[0.00543,51.41911],[0.00561,51.41911],[0.00526,51.41943],[0.00595,51.42007],[0.00595,51.42049],[0.00629,51.42103],[0.0068,51.42092],[0.00697,51.42124],[0.0068,51.42124],[0.0068,51.42145],[0.00731,51.42135],[0.00817,51.42305],[0.01004,51.42252],[0.01021,51.42284],[0.01073,51.42315],[0.01073,51.42337],[0.01175,51.42379],[0.01192,51.42411],[0.01329,51.42464],[0.01346,51.42475],[0.01346,51.42507],[0.01448,51.42518],[0.01431,51.42528],[0.01414,51.42613],[0.01602,51.42613],[0.01738,51.42688],[0.01807,51.42688],[0.01807,51.42699],[0.01875,51.42709],[0.02114,51.42677],[0.02199,51.42741],[0.02233,51.42741],[0.02387,51.42837],[0.02455,51.42848],[0.0254,51.42901],[0.02609,51.4288],[0.02762,51.42784],[0.02831,51.4272],[0.02967,51.42645],[0.02967,51.42624],[0.02984,51.42624],[0.03001,51.42592],[0.03138,51.4255],[0.03274,51.42454],[0.03326,51.42443],[0.03394,51.42401],[0.03411,51.42369],[0.03445,51.42358],[0.03547,51.42273],[0.03633,51.42241],[0.03718,51.42337],[0.03855,51.42454],[0.03906,51.42464],[0.03906,51.42582],[0.03889,51.42592],[0.03889,51.42635],[0.03855,51.42667],[0.03855,51.42699],[0.03838,51.42709],[0.03855,51.42762],[0.03786,51.42762],[0.03786,51.42784],[0.03838,51.42794],[0.03838,51.42901],[0.03821,51.42901],[0.03821,51.42965],[0.03803,51.42965],[0.03769,51.43114],[0.03752,51.43124],[0.03752,51.43146],[0.03769,51.43146],[0.03752,51.43156],[0.03752,51.43273],[0.03769,51.43284],[0.03769,51.43326],[0.03735,51.43326],[0.03667,51.43284],[0.03633,51.43284],[0.03616,51.43263],[0.03582,51.43263],[0.03565,51.43241],[0.0353,51.43241],[0.03377,51.43167],[0.03326,51.4322],[0.0324,51.43188],[0.03223,51.43199],[0.03223,51.43231],[0.03172,51.43252],[0.03155,51.43252],[0.03121,51.43209],[0.03104,51.4322],[0.03138,51.43263],[0.03052,51.43305],[0.03018,51.43305],[0.02984,51.43348],[0.0295,51.43348],[0.02865,51.43401],[0.02899,51.43422],[0.02899,51.43454],[0.02916,51.43465],[0.02916,51.43486],[0.02899,51.43486],[0.02899,51.43582],[0.02882,51.43582],[0.02882,51.43624],[0.02865,51.43646],[0.02711,51.43656],[0.0254,51.43571],[0.0254,51.43592],[0.02523,51.43592],[0.02523,51.43667],[0.02506,51.43699],[0.02489,51.43699],[0.02489,51.43784],[0.02472,51.43795],[0.02489,51.43827],[0.02643,51.43837],[0.02882,51.4388],[0.02865,51.44071],[0.02882,51.44071],[0.02882,51.44114],[0.02899,51.44114],[0.02916,51.44156],[0.02967,51.44178],[0.02967,51.44241],[0.02984,51.44305],[0.03001,51.44316],[0.03001,51.44358],[0.03018,51.44369],[0.03035,51.44433],[0.03052,51.44433]]]]}},{"type":"Feature","properties":{"code":"E09000007","name":"Camden"},"geometry":{"type":"MultiPolygon","coordinates":[[[[-0.16592,51.57276],[-0.16455,51.57244],[-0.16012,51.57276],[-0.15892,51.57223],[-0.15773,51.57213],[-0.15773,51.57202],[-0.15756,51.57213],[-0.15721,51.57202],[-0.15721,51.57213],[-0.15192,51.5716],[-0.15022,51.5716],[-0.14851,51.57085],[-0.14441,51.57011],[-0.14237,51.56926],[-0.14254,51.56894],[-0.14202,51.56862],[-0.14185,51.56809],[-0.14168,51.56799],[-0.14151,51.56682],[-0.14134,51.56672],[-0.14134,51.56597],[-0.14117,51.56587],[-0.14117,51.56544],[-0.141,51.56534],[-0.141,51.56502],[-0.14083,51.56502],[-0.14083,51.5647],[-0.14066,51.5647],[-0.14066,51.56385],[-0.14083,51.56374],[-0.14083,51.56343],[-0.14066,51.56343],[-0.14049,51.56247],[-0.14066,51.56247],[-0.14066,51.56194],[-0.14083,51.56194],[-0.14083,51.56162],[-0.141,51.56162],[-0.141,51.56024],[-0.13998,51.55918],[-0.13998,51.55897],[-0.13929,51.55812],[-0.13929,51.55791],[-0.13895,51.5577],[-0.13861,51.55706],[-0.13707,51.55526],[-0.1352,51.55462],[-0.13486,51.55398],[-0.13468,51.55398],[-0.13468,51.55377],[-0.13076,51.55133],[-0.13076,51.55059],[-0.13059,51.55027],[-0.13042,51.55027],[-0.13025,51.54963],[-0.12905,51.54878],[-0.12837,51.54857],[-0.12752,51.54804],[-0.12735,51.54772],[-0.127,51.54751],[-0.12666,51.54602],[-0.12649,51.54592],[-0.12649,51.54528],[-0.12632,51.54517],[-0.12615,51.54401],[-0.12598,51.5439],[-0.12598,51.54326],[-0.12581,51.54316],[-0.12598,51.54305],[-0.12581,51.54294],[-0.12564,51.54199],[-0.1253,51.54167],[-0.12496,51.54103],[-0.12496,51.54071],[-0.12461,51.5405],[-0.1241,51.53955],[-0.12359,51.53923],[-0.12308,51.53859],[-0.12308,51.53838],[-0.12291,51.53838],[-0.1224,51.53721],[-0.1224,51.53615],[-0.12222,51.53615],[-0.12222,51.53541],[-0.1224,51.5353],[-0.1224,51.53233],[-0.12257,51.53222],[-0.12257,51.53073],[-0.11966,51.53095],[-0.11762,51.53052],[-0.11591,51.52989],[-0.11591,51.52957],[-0.11574,51.52946],[-0.11574,51.5284],[-0.11557,51.52829],[-0.11557,51.52776],[-0.11352,51.52649],[-0.11301,51.52649],[-0.11301,51.52628],[-0.1142,51.52553],[-0.11403,51.52511],[-0.11386,51.52511],[-0.11369,51.52458],[-0.11215,51.52362],[-0.11096,51.52341],[-0.11062,51.5232],[-0.10891,51.52298],[-0.10874,51.52256],[-0.1084,51.52235],[-0.1084,51.52213],[-0.10686,51.52213],[-0.10686,51.52192],[-0.10652,51.52171],[-0.10584,51.52043],[-0.10533,51.51852],[-0.10772,51.51778],[-0.11233,51.51831],[-0.11352,51.51831],[-0.11386,51.5182],[-0.11369,51.5181],[-0.11369,51.51789],[-0.11198,51.51619],[-0.11164,51.51534],[-0.11386,51.51481],[-0.11403,51.51523],[-0.11471,51.51597],[-0.11847,51.51502],[-0.11864,51.5147],[-0.11932,51.51449],[-0.12052,51.51459],[-0.12171,51.51491],[-0.12205,51.51459],[-0.12291,51.51512],[-0.12444,51.51417],[-0.12666,51.51321],[-0.12717,51.51268],[-0.12769,51.51268],[-0.12888,51.51342],[-0.12922,51.51353],[-0.12939,51.51342],[-0.12939,51.51374],[-0.12991,51.51449],[-0.12991,51.51481],[-0.13042,51.51576],[-0.13042,51.5164],[-0.13025,51.5165],[-0.13042,51.5165],[-0.13076,51.51704],[-0.13247,51.51672],[-0.13264,51.51704],[-0.13247,51.51714],[-0.13315,51.51735],[-0.13349,51.51767],[-0.134,51.51757],[-0.13451,51.51799],[-0.13434,51.51799],[-0.1352,51.51895],[-0.13588,51.51863],[-0.13622,51.51916],[-0.1369,51.51884],[-0.13793,51.51969],[-0.1381,51.52001],[-0.13998,51.5216],[-0.14083,51.52213],[-0.14219,51.52341],[-0.14288,51.52383],[-0.14356,51.52394],[-0.14339,51.52458],[-0.14407,51.52468],[-0.14407,51.52404],[-0.14527,51.52394],[-0.14527,51.52426],[-0.14578,51.52521],[-0.14714,51.525],[-0.1497,51.53063],[-0.15022,51.53212],[-0.15141,51.53445],[-0.15261,51.53753],[-0.15431,51.53742],[-0.15943,51.53636],[-0.1596,51.53668],[-0.15977,51.53668],[-0.16046,51.53732],[-0.16046,51.53721],[-0.16319,51.53647],[-0.16404,51.53604],[-0.16489,51.53583],[-0.16694,51.53711],[-0.1678,51.53785],[-0.1695,51.53859],[-0.17087,51.53774],[-0.17206,51.53838],[-0.17343,51.53764],[-0.17411,51.53806],[-0.17394,51.53944],[-0.17701,51.53976],[-0.17923,51.53976],[-0.18111,51.53933],[-0.18418,51.53827],[-0.18469,51.53795],[-0.18503,51.53742],[-0.18538,51.53732],[-0.18777,51.53498],[-0.18879,51.53456],[-0.18947,51.53519],[-0.19101,51.53583],[-0.19118,51.53615],[-0.19152,51.53626],[-0.19511,51.53955],[-0.1963,51.5404],[-0.1963,51.54061],[-0.19681,51.54082],[-0.20023,51.54379],[-0.2004,51.54379],[-0.20722,51.55027],[-0.20859,51.55112],[-0.20995,51.55228],[-0.21115,51.55303],[-0.212,51.55388],[-0.21217,51.55388],[-0.21337,51.55515],[-0.21354,51.55515],[-0.21166,51.55621],[-0.20995,51.55674],[-0.20927,51.556],[-0.20876,51.55568],[-0.20808,51.556],[-0.20603,51.55642],[-0.20586,51.55632],[-0.20586,51.55536],[-0.20483,51.55536],[-0.20483,51.55547],[-0.20381,51.55568],[-0.20296,51.55568],[-0.20091,51.5561],[-0.19937,51.55621],[-0.19954,51.55706],[-0.1992,51.55759],[-0.19852,51.55812],[-0.19835,51.55886],[-0.19784,51.55908],[-0.19749,51.55886],[-0.19664,51.55918],[-0.19664,51.55939],[-0.19681,51.55939],[-0.19681,51.56046],[-0.19698,51.56056],[-0.19664,51.56077],[-0.19545,51.56046],[-0.19476,51.56046],[-0.19425,51.56088],[-0.19357,51.56088],[-0.1922,51.56152],[-0.19084,51.56173],[-0.19033,51.56258],[-0.19033,51.56311],[-0.19016,51.56311],[-0.19016,51.56417],[-0.18998,51.56438],[-0.18998,51.5647],[-0.18981,51.56481],[-0.18981,51.56512],[-0.18947,51.56523],[-0.1893,51.56555],[-0.18862,51.56555],[-0.18794,51.56597],[-0.18725,51.56608],[-0.18691,51.5665],[-0.18606,51.56693],[-0.18401,51.56735],[-0.18333,51.56778],[-0.18367,51.56799],[-0.18316,51.56809],[-0.18145,51.56916],[-0.18077,51.56937],[-0.18094,51.56947],[-0.18094,51.56969],[-0.17821,51.57],[-0.17804,51.57011],[-0.17804,51.57053],[-0.1777,51.57022],[-0.1765,51.57011],[-0.17514,51.56947],[-0.17428,51.56926],[-0.17411,51.56958],[-0.17377,51.56969],[-0.17377,51.57053],[-0.1736,51.57053],[-0.1736,51.57085],[-0.17326,51.57128],[-0.17223,51.57191],[-0.17189,51.57191],[-0.17189,51.57213],[-0.17121,51.57244],[-0.17002,51.57276],[-0.1678,51.57297],[-0.1666,51.57297],[-0.16592,51.57276]]]]}},{"type":"Feature","properties":{"code":"E09000001","name":"City of London"},"geometry":{"type":"MultiPolygon","coordinates":[[[[-0.09662,51.5232],[-0.09645,51.52288],[-0.09509,51.52309],[-0.09492,51.52298],[-0.09475,51.52245],[-0.0944,51.52203],[-0.0944,51.5216],[-0.09423,51.5215],[-0.09338,51.5216],[-0.09338,51.52128],[-0.09253,51.5215],[-0.09253,51.52128],[-0.09219,51.52097],[-0.08962,51.52075],[-0.0898,51.52065],[-0.0898,51.52022],[-0.08997,51.52012],[-0.0898,51.5199],[-0.08655,51.51895],[-0.08655,51.51884],[-0.08621,51.51884],[-0.08519,51.52033],[-0.08314,51.5198],[-0.08177,51.52065],[-0.08177,51.52086],[-0.08126,51.52139],[-0.08109,51.52192],[-0.07853,51.5215],[-0.07938,51.51884],[-0.07802,51.51895],[-0.07802,51.51852],[-0.07819,51.51842],[-0.07768,51.5181],[-0.07734,51.51714],[-0.07682,51.5165],[-0.07665,51.5165],[-0.07665,51.51629],[-0.07614,51.51608],[-0.07392,51.51449],[-0.07375,51.51417],[-0.07358,51.51417],[-0.07341,51.51342],[-0.07324,51.51332],[-0.07307,51.51151],[-0.0729,51.51151],[-0.0729,51.51119],[-0.07273,51.51119],[-0.07273,51.51024],[-0.07392,51.51013],[-0.07426,51.50992],[-0.07478,51.51003],[-0.07546,51.50971],[-0.0758,51.50992],[-0.0758,51.51013],[-0.07614,51.51024],[-0.07614,51.51056],[-0.07682,51.51045],[-0.07682,51.51024],[-0.07785,51.51013],[-0.07819,51.50992],[-0.07853,51.50939],[-0.07887,51.50949],[-0.07887,51.50907],[-0.07904,51.50907],[-0.0787,51.50896],[-0.0787,51.50875],[-0.07887,51.50875],[-0.07904,51.50833],[-0.07921,51.50833],[-0.07904,51.50811],[-0.07973,51.50758],[-0.08024,51.50684],[-0.08485,51.50769],[-0.08724,51.50779],[-0.09116,51.50822],[-0.09611,51.50939],[-0.09918,51.50971],[-0.10413,51.50981],[-0.10413,51.50843],[-0.10464,51.50843],[-0.10464,51.50981],[-0.10499,51.50992],[-0.11147,51.50981],[-0.11147,51.51077],[-0.11164,51.51087],[-0.11147,51.51119],[-0.11147,51.51183],[-0.11215,51.51215],[-0.11198,51.51236],[-0.1125,51.51268],[-0.11215,51.51289],[-0.11233,51.513],[-0.11164,51.51321],[-0.11198,51.51364],[-0.11113,51.51385],[-0.11113,51.51427],[-0.11147,51.51534],[-0.11164,51.51534],[-0.11198,51.51619],[-0.11386,51.5182],[-0.11233,51.51831],[-0.10772,51.51778],[-0.10055,51.52012],[-0.09782,51.52065],[-0.09765,51.52075],[-0.09765,51.52118],[-0.09748,51.52118],[-0.09748,51.5216],[-0.09731,51.5216],[-0.09731,51.52181],[-0.09748,51.52192],[-0.09765,51.52266],[-0.09799,51.52288],[-0.09679,51.5233],[-0.09662,51.5232]]]]}},{"type":"Feature","properties":{"code":"E09000008","name":"Croydon"},"geometry":{"type":"MultiPolygon","coordinates":[[[[-0.1113,51.42315],[-0.10891,51.42315],[-0.10669,51.42262],[-0.09679,51.42262],[-0.09679,51.42273],[-0.09577,51.42273],[-0.09577,51.42284],[-0.09423,51.42284],[-0.09253,51.42252],[-0.09099,51.42145],[-0.09014,51.42124],[-0.08911,51.42071],[-0.08877,51.42028],[-0.08809,51.41986],[-0.08706,51.41954],[-0.08706,51.41943],[-0.08604,51.41922],[-0.08485,51.41932],[-0.08485,51.41943],[-0.08331,51.41975],[-0.07973,51.41964],[-0.07853,51.41986],[-0.07836,51.41975],[-0.07955,51.419],[-0.07955,51.41879],[-0.0799,51.41858],[-0.08041,51.41783],[-0.08109,51.4173],[-0.08109,51.41709],[-0.08092,51.41709],[-0.08092,51.41634],[-0.08075,51.41624],[-0.08058,51.4157],[-0.08041,51.4157],[-0.08041,51.41549],[-0.07973,51.41528],[-0.07802,51.41496],[-0.07665,51.41432],[-0.07648,51.41443],[-0.07495,51.41368],[-0.07512,51.41347],[-0.07443,51.41315],[-0.07324,51.41283],[-0.07324,51.41272],[-0.07273,51.41272],[-0.0729,51.41208],[-0.07307,51.41198],[-0.07307,51.41177],[-0.07324,51.41177],[-0.07324,51.41145],[-0.07341,51.41134],[-0.07341,51.41091],[-0.07358,51.41091],[-0.07358,51.40985],[-0.07341,51.40985],[-0.07341,51.40932],[-0.07222,51.40772],[-0.07068,51.40676],[-0.06966,51.4057],[-0.06966,51.40548],[-0.06948,51.40548],[-0.06931,51.40506],[-0.06914,51.40506],[-0.06914,51.40474],[-0.06897,51.40474],[-0.06897,51.4041],[-0.06863,51.40399],[-0.06863,51.40378],[-0.0671,51.40282],[-0.06573,51.4024],[-0.06573,51.40229],[-0.06539,51.40229],[-0.06539,51.40218],[-0.06453,51.40208],[-0.06453,51.40165],[-0.06215,51.40154],[-0.06197,51.40122],[-0.0601,51.39952],[-0.06061,51.39931],[-0.06061,51.3991],[-0.05941,51.3992],[-0.0589,51.39963],[-0.05703,51.40037],[-0.05703,51.40048],[-0.05668,51.40048],[-0.05668,51.40059],[-0.05515,51.40101],[-0.05327,51.40122],[-0.05293,51.40144],[-0.0519,51.40037],[-0.05173,51.40037],[-0.05156,51.40005],[-0.05054,51.39952],[-0.05071,51.39952],[-0.05208,51.39824],[-0.05088,51.3976],[-0.05037,51.39803],[-0.05037,51.39782],[-0.05088,51.3975],[-0.05088,51.39707],[-0.05105,51.39707],[-0.05105,51.39686],[-0.05242,51.3959],[-0.05276,51.39547],[-0.0531,51.39537],[-0.05344,51.39484],[-0.05259,51.39462],[-0.05242,51.39409],[-0.05173,51.39398],[-0.05173,51.39366],[-0.05088,51.39345],[-0.05088,51.39334],[-0.04798,51.39313],[-0.04764,51.39292],[-0.04764,51.39271],[-0.04747,51.39271],[-0.04747,51.39249],[-0.04713,51.39228],[-0.04713,51.39207],[-0.04695,51.39207],[-0.04695,51.39185],[-0.04678,51.39175],[-0.04661,51.39196],[-0.0461,51.39196],[-0.04593,51.39143],[-0.04559,51.39132],[-0.04542,51.391],[-0.04303,51.38951],[-0.04183,51.38919],[-0.04166,51.3894],[-0.03962,51.38887],[-0.03859,51.38887],[-0.03859,51.38876],[-0.03654,51.38845],[-0.03654,51.38802],[-0.03671,51.38791],[-0.03671,51.38749],[-0.03688,51.38727],[-0.03688,51.38674],[-0.03706,51.38663],[-0.03706,51.3861],[-0.03723,51.38589],[-0.03723,51.38536],[-0.0374,51.38525],[-0.03757,51.38397],[-0.03791,51.38323],[-0.03774,51.3828],[-0.03774,51.38152],[-0.03757,51.38142],[-0.03757,51.38088],[-0.0374,51.38088],[-0.03723,51.3796],[-0.03706,51.3795],[-0.03688,51.37896],[-0.03637,51.37896],[-0.03654,51.37811],[-0.03671,51.37801],[-0.03671,51.37737],[-0.03688,51.37737],[-0.03688,51.37694],[-0.03432,51.37694],[-0.02989,51.37726],[-0.02989,51.37737],[-0.0292,51.37747],[-0.02835,51.37801],[-0.02801,51.37854],[-0.02801,51.37939],[-0.02681,51.37939],[-0.02664,51.37854],[-0.02647,51.37843],[-0.02647,51.3779],[-0.0263,51.3779],[-0.0263,51.37747],[-0.02596,51.37726],[-0.02613,51.37641],[-0.02562,51.37588],[-0.02545,51.37524],[-0.02511,51.37502],[-0.02511,51.3746],[-0.02494,51.3746],[-0.02494,51.37438],[-0.02425,51.37342],[-0.02408,51.37268],[-0.02357,51.37236],[-0.02357,51.37151],[-0.02374,51.37151],[-0.02374,51.37119],[-0.02357,51.37119],[-0.02357,51.36863],[-0.0234,51.36863],[-0.02323,51.36831],[-0.02323,51.36746],[-0.02306,51.36746],[-0.02306,51.36703],[-0.02408,51.36703],[-0.02408,51.36682],[-0.02443,51.36671],[-0.02443,51.36639],[-0.02374,51.36575],[-0.02374,51.36533],[-0.02306,51.36543],[-0.02272,51.36575],[-0.02221,51.36586],[-0.02204,51.36554],[-0.02186,51.36554],[-0.02186,51.36533],[-0.02101,51.36479],[-0.02067,51.36415],[-0.02033,51.36415],[-0.01999,51.36394],[-0.01999,51.36373],[-0.0193,51.3633],[-0.01913,51.36288],[-0.01879,51.36277],[-0.01862,51.36202],[-0.01828,51.36181],[-0.01828,51.36149],[-0.01811,51.36149],[-0.01845,51.36128],[-0.01709,51.36042],[-0.01709,51.36021],[-0.01674,51.3601],[-0.01674,51.35989],[-0.01623,51.35957],[-0.01623,51.35936],[-0.01572,51.35904],[-0.01555,51.35872],[-0.01504,51.3584],[-0.0147,51.3584],[-0.01299,51.35712],[-0.01162,51.35723],[-0.01077,51.35691],[-0.0106,51.35669],[-0.01009,51.35659],[-0.00992,51.35637],[-0.00958,51.35637],[-0.00821,51.35552],[-0.00821,51.35531],[-0.00787,51.3551],[-0.00787,51.35488],[-0.00685,51.35424],[-0.00685,51.35403],[-0.00616,51.35371],[-0.00599,51.35328],[-0.00582,51.35328],[-0.00531,51.35275],[-0.00531,51.35243],[-0.00514,51.35243],[-0.00514,51.3519],[-0.00497,51.3519],[-0.00497,51.35136],[-0.0048,51.35136],[-0.0048,51.35019],[-0.00463,51.35019],[-0.00463,51.34945],[-0.00428,51.34923],[-0.00428,51.3487],[-0.00411,51.3487],[-0.00394,51.34838],[-0.00394,51.34774],[-0.00377,51.34774],[-0.00377,51.34742],[-0.0036,51.34742],[-0.0036,51.34699],[-0.00343,51.34689],[-0.00326,51.34603],[-0.00309,51.34603],[-0.00309,51.34571],[-0.00292,51.34571],[-0.00292,51.34508],[-0.00275,51.34508],[-0.00275,51.34454],[-0.00258,51.34454],[-0.00258,51.34369],[-0.00207,51.34273],[-0.00207,51.3423],[-0.00172,51.34188],[-0.00172,51.34113],[-0.00155,51.34113],[-0.00155,51.3406],[-0.00138,51.3406],[-0.00104,51.33942],[-0.00087,51.33932],[-0.0007,51.33825],[-0.00053,51.33825],[-0.00036,51.33751],[-0.00019,51.33751],[-0.00019,51.33687],[-2e-05,51.33687],[0.00014,51.3358],[0.00049,51.33516],[0.00083,51.33356],[0.00151,51.33324],[0.00168,51.33292],[0.0027,51.33228],[0.00322,51.33217],[0.00322,51.33153],[0.00287,51.33121],[0.00287,51.33025],[0.00219,51.32983],[0.00219,51.32908],[-0.00053,51.32876],[-0.0007,51.3294],[-0.00224,51.33068],[-0.00463,51.33217],[-0.00719,51.33335],[-0.00719,51.33377],[-0.00804,51.33388],[-0.0106,51.33388],[-0.01094,51.33367],[-0.01111,51.33356],[-0.01077,51.33324],[-0.01077,51.33303],[-0.01197,51.33292],[-0.01316,51.33175],[-0.01367,51.33153],[-0.01367,51.331],[-0.01384,51.331],[-0.01401,51.33047],[-0.01418,51.33047],[-0.01418,51.33004],[-0.01436,51.32983],[-0.0147,51.33015],[-0.0147,51.33036],[-0.01521,51.33068],[-0.01521,51.331],[-0.01538,51.331],[-0.01538,51.33132],[-0.01555,51.33132],[-0.01589,51.33196],[-0.01726,51.33303],[-0.01794,51.33303],[-0.01811,51.33388],[-0.01896,51.33463],[-0.01913,51.33495],[-0.01896,51.33516],[-0.0193,51.3358],[-0.0205,51.33655],[-0.0205,51.33719],[-0.02067,51.33719],[-0.02118,51.33772],[-0.02186,51.33793],[-0.02204,51.33814],[-0.02238,51.33814],[-0.02238,51.33825],[-0.02613,51.33857],[-0.02835,51.33814],[-0.02886,51.33782],[-0.03108,51.3374],[-0.03125,51.33751],[-0.03313,51.3374],[-0.03313,51.33751],[-0.03364,51.33751],[-0.03432,51.33804],[-0.03808,51.33868],[-0.0391,51.33804],[-0.03996,51.33719],[-0.04013,51.33665],[-0.04098,51.33548],[-0.04115,51.33473],[-0.04132,51.33473],[-0.04132,51.33452],[-0.04149,51.33452],[-0.04201,51.33388],[-0.04286,51.33367],[-0.04354,51.33377],[-0.04593,51.33367],[-0.04661,51.33356],[-0.0473,51.33313],[-0.04832,51.33281],[-0.0502,51.33271],[-0.05003,51.33207],[-0.05105,51.33164],[-0.05105,51.33089],[-0.05071,51.33025],[-0.04883,51.32876],[-0.049,51.32865],[-0.04798,51.32716],[-0.04781,51.32652],[-0.04781,51.32524],[-0.04815,51.32513],[-0.04815,51.32524],[-0.04883,51.32535],[-0.04969,51.32524],[-0.05088,51.32417],[-0.05088,51.32375],[-0.05122,51.32343],[-0.05122,51.32289],[-0.05139,51.32268],[-0.05122,51.32247],[-0.05173,51.32247],[-0.05173,51.32236],[-0.05259,51.32247],[-0.05395,51.32161],[-0.05481,51.32129],[-0.05566,51.32129],[-0.05617,51.32161],[-0.05651,51.32161],[-0.05788,51.32087],[-0.05839,51.32033],[-0.05976,51.32001],[-0.06078,51.32001],[-0.06215,51.31916],[-0.06402,51.31863],[-0.0671,51.31873],[-0.0671,51.31884],[-0.07,51.31884],[-0.07051,51.32012],[-0.07068,51.32023],[-0.07068,51.32065],[-0.07085,51.32065],[-0.07085,51.32108],[-0.07102,51.32119],[-0.07478,51.32023],[-0.07768,51.3198],[-0.07887,51.3198],[-0.07887,51.31809],[-0.08024,51.31788],[-0.08143,51.31671],[-0.08177,51.31671],[-0.08194,51.31703],[-0.08246,51.31681],[-0.08348,51.31671],[-0.08365,51.31639],[-0.08416,51.31628],[-0.08485,51.31585],[-0.08382,51.31511],[-0.08194,51.31265],[-0.08177,51.31233],[-0.08194,51.31063],[-0.08655,51.30892],[-0.08758,51.30828],[-0.08792,51.30785],[-0.0886,51.30753],[-0.08877,51.30732],[-0.08877,51.30583],[-0.0886,51.30519],[-0.08894,51.30508],[-0.08894,51.30454],[-0.08962,51.30433],[-0.08962,51.30401],[-0.09065,51.3039],[-0.09116,51.30337],[-0.09099,51.30326],[-0.09099,51.30166],[-0.09116,51.30166],[-0.09116,51.30145],[-0.09423,51.3006],[-0.09475,51.3006],[-0.09526,51.30124],[-0.09594,51.30156],[-0.09628,51.30134],[-0.09731,51.30113],[-0.09713,51.30092],[-0.09748,51.3007],[-0.09748,51.30049],[-0.09731,51.30049],[-0.09748,51.30038],[-0.09628,51.29974],[-0.09509,51.29942],[-0.09423,51.29942],[-0.0944,51.29932],[-0.10055,51.29643],[-0.10243,51.29611],[-0.10942,51.29302],[-0.11011,51.29259],[-0.11113,51.29227],[-0.11471,51.29249],[-0.11471,51.29185],[-0.11454,51.29152],[-0.11489,51.29152],[-0.11557,51.2912],[-0.1154,51.29099],[-0.11642,51.28992],[-0.11676,51.28982],[-0.11693,51.28928],[-0.1171,51.28928],[-0.11693,51.28896],[-0.1171,51.28896],[-0.11728,51.28811],[-0.11779,51.28758],[-0.11779,51.28715],[-0.12342,51.28683],[-0.12427,51.28683],[-0.12461,51.28704],[-0.12513,51.28768],[-0.12547,51.28779],[-0.12547,51.288],[-0.12564,51.288],[-0.12581,51.28832],[-0.12598,51.28832],[-0.12598,51.28864],[-0.12615,51.28864],[-0.12615,51.2895],[-0.12632,51.2895],[-0.12632,51.28971],[-0.12683,51.29003],[-0.12735,51.29067],[-0.12769,51.29078],[-0.12786,51.2911],[-0.12939,51.29206],[-0.12939,51.29227],[-0.13025,51.2927],[-0.13093,51.29419],[-0.1311,51.29419],[-0.13127,51.29473],[-0.13144,51.29473],[-0.1311,51.29526],[-0.13093,51.29526],[-0.13093,51.29547],[-0.13247,51.29643],[-0.13247,51.29665],[-0.13298,51.29697],[-0.13298,51.29718],[-0.13315,51.29718],[-0.13434,51.29836],[-0.13622,51.29825],[-0.13656,51.29996],[-0.13673,51.29996],[-0.13673,51.30028],[-0.1369,51.30028],[-0.1369,51.30049],[-0.13724,51.30081],[-0.13861,51.30049],[-0.13861,51.30038],[-0.14083,51.29953],[-0.14288,51.30006],[-0.14356,51.30124],[-0.14441,51.30049],[-0.14493,51.3007],[-0.14561,51.29985],[-0.14851,51.3007],[-0.14953,51.3007],[-0.14987,51.30017],[-0.15329,51.30166],[-0.15534,51.30124],[-0.1567,51.30358],[-0.15704,51.30358],[-0.15773,51.30454],[-0.155,51.30583],[-0.15448,51.30647],[-0.15653,51.30647],[-0.15687,51.30668],[-0.15721,51.30668],[-0.15653,51.30732],[-0.15636,51.30732],[-0.15431,51.31031],[-0.15653,51.31041],[-0.15756,51.31095],[-0.15841,51.31095],[-0.15721,51.3134],[-0.15824,51.315],[-0.15841,51.315],[-0.15926,51.31596],[-0.1596,51.31671],[-0.1596,51.31713],[-0.16046,51.31692],[-0.16114,51.31745],[-0.16114,51.31799],[-0.16131,51.31799],[-0.16182,51.31959],[-0.15636,51.3214],[-0.15653,51.32151],[-0.15602,51.32161],[-0.15568,51.32193],[-0.15551,51.32183],[-0.15278,51.323],[-0.15244,51.32279],[-0.15244,51.32257],[-0.15226,51.32257],[-0.15209,51.32225],[-0.15107,51.32236],[-0.15107,51.32225],[-0.15056,51.32215],[-0.14902,51.32279],[-0.148,51.32268],[-0.14714,51.32289],[-0.14544,51.32364],[-0.14424,51.32588],[-0.14441,51.32588],[-0.14441,51.32641],[-0.14919,51.32876],[-0.14834,51.32919],[-0.14407,51.33057],[-0.14407,51.33079],[-0.14441,51.33089],[-0.14441,51.33111],[-0.14527,51.33164],[-0.14527,51.33196],[-0.14561,51.33239],[-0.14561,51.33281],[-0.14578,51.33292],[-0.14578,51.33399],[-0.14612,51.33431],[-0.14629,51.33527],[-0.1468,51.33644],[-0.1468,51.33687],[-0.14697,51.33697],[-0.14714,51.33793],[-0.14731,51.33804],[-0.14749,51.33878],[-0.14441,51.33953],[-0.14424,51.33985],[-0.14441,51.34017],[-0.14339,51.34049],[-0.1439,51.34134],[-0.14424,51.34145],[-0.14407,51.34156],[-0.14424,51.34156],[-0.14441,51.34198],[-0.14458,51.34198],[-0.14441,51.3422],[-0.14407,51.3422],[-0.14424,51.3423],[-0.14322,51.34262],[-0.14305,51.34284],[-0.14288,51.34273],[-0.14202,51.34305],[-0.14219,51.34316],[-0.14117,51.34358],[-0.1369,51.34476],[-0.13639,51.34476],[-0.13622,51.34444],[-0.134,51.34454],[-0.13247,51.34422],[-0.13264,51.34444],[-0.13264,51.34497],[-0.13281,51.34497],[-0.13281,51.34539],[-0.1311,51.3455],[-0.13144,51.34603],[-0.13076,51.34603],[-0.13076,51.34614],[-0.13025,51.34614],[-0.12888,51.34657],[-0.12905,51.34678],[-0.12871,51.3471],[-0.12888,51.34731],[-0.12837,51.34742],[-0.12735,51.34731],[-0.12735,51.3471],[-0.12717,51.34699],[-0.12717,51.34646],[-0.127,51.34635],[-0.127,51.34571],[-0.12683,51.34561],[-0.12683,51.34529],[-0.12717,51.34518],[-0.12683,51.34486],[-0.12564,51.34529],[-0.11984,51.3455],[-0.11984,51.34561],[-0.11881,51.34561],[-0.11881,51.34582],[-0.1183,51.34561],[-0.11676,51.34571],[-0.11693,51.34582],[-0.11693,51.34667],[-0.11745,51.34667],[-0.11745,51.34742],[-0.1183,51.34998],[-0.11847,51.35147],[-0.11864,51.35158],[-0.11881,51.35254],[-0.11898,51.35254],[-0.11898,51.35296],[-0.11915,51.35296],[-0.11915,51.35318],[-0.12018,51.35307],[-0.12137,51.35776],[-0.12427,51.35744],[-0.12427,51.35787],[-0.12461,51.3584],[-0.12444,51.3584],[-0.12461,51.35851],[-0.12461,51.35883],[-0.1241,51.35893],[-0.1241,51.35904],[-0.12359,51.35915],[-0.12342,51.35915],[-0.12342,51.35893],[-0.12188,51.35904],[-0.12291,51.35989],[-0.12188,51.36],[-0.12188,51.36042],[-0.12205,51.36053],[-0.12188,51.36053],[-0.12188,51.36074],[-0.12205,51.36096],[-0.12137,51.36106],[-0.12137,51.3617],[-0.12154,51.36181],[-0.12154,51.36213],[-0.12137,51.36213],[-0.12137,51.36245],[-0.12103,51.36256],[-0.1212,51.36266],[-0.1212,51.36309],[-0.12086,51.36341],[-0.12103,51.36352],[-0.12103,51.36405],[-0.1212,51.36405],[-0.1212,51.36469],[-0.1224,51.36447],[-0.1224,51.36469],[-0.12308,51.36511],[-0.1241,51.36533],[-0.12205,51.36575],[-0.12205,51.36661],[-0.12222,51.36671],[-0.12222,51.36735],[-0.1224,51.36735],[-0.12257,51.36799],[-0.12274,51.3681],[-0.12274,51.36852],[-0.12291,51.36863],[-0.12308,51.36991],[-0.12325,51.36991],[-0.12325,51.37119],[-0.12342,51.37119],[-0.12342,51.3714],[-0.12376,51.37161],[-0.12461,51.37268],[-0.12461,51.37289],[-0.12478,51.37289],[-0.12461,51.373],[-0.12461,51.37353],[-0.12632,51.37428],[-0.12786,51.3747],[-0.12666,51.37492],[-0.12683,51.37545],[-0.12581,51.37556],[-0.12598,51.37609],[-0.12632,51.37609],[-0.12649,51.37673],[-0.12683,51.37715],[-0.12683,51.37737],[-0.127,51.37737],[-0.12803,51.38056],[-0.13025,51.38216],[-0.12871,51.38248],[-0.12871,51.38269],[-0.12888,51.38269],[-0.12888,51.38333],[-0.12905,51.38333],[-0.12905,51.38365],[-0.12922,51.38376],[-0.12905,51.38387],[-0.12922,51.38397],[-0.12922,51.3845],[-0.12939,51.38461],[-0.12956,51.38525],[-0.12871,51.38568],[-0.13059,51.38621],[-0.12991,51.38685],[-0.12973,51.38685],[-0.12956,51.38727],[-0.13315,51.38951],[-0.13315,51.38972],[-0.13281,51.38983],[-0.13264,51.39015],[-0.13332,51.39047],[-0.13366,51.39047],[-0.13434,51.3909],[-0.13332,51.39153],[-0.12991,51.39281],[-0.12973,51.39303],[-0.12871,51.39345],[-0.12939,51.39356],[-0.12956,51.39377],[-0.12717,51.39516],[-0.12632,51.39601],[-0.1253,51.39665],[-0.12513,51.39697],[-0.1241,51.3976],[-0.12461,51.39782],[-0.12444,51.39792],[-0.12461,51.39814],[-0.12564,51.39835],[-0.1253,51.39899],[-0.12547,51.39899],[-0.12564,51.39941],[-0.12598,51.39952],[-0.12615,51.39995],[-0.12683,51.40037],[-0.12717,51.40091],[-0.12752,51.40112],[-0.12752,51.40133],[-0.12837,51.40186],[-0.12837,51.40208],[-0.13042,51.40325],[-0.13059,51.40367],[-0.13127,51.4041],[-0.13127,51.40442],[-0.13144,51.40453],[-0.13144,51.40495],[-0.13127,51.40506],[-0.13161,51.40527],[-0.13195,51.40591],[-0.13195,51.40623],[-0.13229,51.40666],[-0.13229,51.40772],[-0.13247,51.40783],[-0.13247,51.40836],[-0.13195,51.40847],[-0.13212,51.40921],[-0.13127,51.40921],[-0.13127,51.40953],[-0.12939,51.40953],[-0.12939,51.40985],[-0.12854,51.41081],[-0.12854,51.41102],[-0.1282,51.41091],[-0.12803,51.41113],[-0.12786,51.41187],[-0.12769,51.41187],[-0.12769,51.41219],[-0.12752,51.41219],[-0.12769,51.4124],[-0.12683,51.41262],[-0.12632,51.41294],[-0.12581,51.41262],[-0.1253,51.41315],[-0.12444,51.41336],[-0.12444,51.414],[-0.1241,51.41464],[-0.12342,51.41464],[-0.12308,51.41485],[-0.12308,51.41507],[-0.1224,51.41517],[-0.12257,51.41517],[-0.12188,51.41592],[-0.12171,51.41592],[-0.12154,51.41634],[-0.12137,51.41634],[-0.12137,51.41656],[-0.1212,51.41656],[-0.1212,51.41677],[-0.12069,51.41709],[-0.11984,51.41879],[-0.1183,51.41943],[-0.11779,51.41986],[-0.11762,51.41975],[-0.11693,51.42017],[-0.11574,51.42049],[-0.11523,51.42103],[-0.11489,51.42113],[-0.11471,51.42145],[-0.11454,51.42145],[-0.11454,51.42166],[-0.11403,51.42198],[-0.11386,51.42241],[-0.11284,51.42294],[-0.11267,51.42326],[-0.1113,51.42315]]]]}},{"type":"Feature","properties":{"code":"E09000009","name":"Ealing"},"geometry":{"type":"MultiPolygon","coordinates":[[[[-0.37773,51.55483],[-0.37773,51.55504],[-0.37756,51.55483],[-0.37773,51.55483]]],[[[-0.37176,51.49048],[-0.37176,51.4909],[-0.37261,51.49101],[-0.37261,51.49122],[-0.37329,51.49154],[-0.37347,51.49186],[-0.37381,51.49186],[-0.37398,51.49239],[-0.37415,51.49239],[-0.37415,51.4926],[-0.37449,51.49292],[-0.37449,51.49324],[-0.37466,51.49324],[-0.375,51.49398],[-0.37551,51.49451],[-0.37586,51.49536],[-0.37722,51.49526],[-0.3779,51.49547],[-0.37773,51.49579],[-0.37773,51.49643],[-0.37756,51.49653],[-0.3779,51.49653],[-0.3779,51.49664],[-0.38029,51.49568],[-0.38183,51.49526],[-0.38183,51.49515],[-0.38234,51.49515],[-0.38268,51.49494],[-0.38456,51.49473],[-0.38456,51.49462],[-0.38627,51.49462],[-0.39139,51.49558],[-0.39531,51.49674],[-0.40026,51.49791],[-0.40504,51.49929],[-0.40589,51.4994],[-0.40624,51.49961],[-0.40692,51.49961],[-0.40521,51.50153],[-0.40504,51.50153],[-0.40504,51.50174],[-0.4047,51.50195],[-0.40419,51.50269],[-0.40385,51.5028],[-0.40385,51.50301],[-0.40299,51.50354],[-0.40009,51.50429],[-0.39497,51.50641],[-0.39412,51.50663],[-0.39326,51.50716],[-0.39275,51.5079],[-0.39087,51.51236],[-0.39053,51.51279],[-0.39053,51.51311],[-0.39002,51.51396],[-0.38985,51.51396],[-0.38985,51.51417],[-0.38849,51.51502],[-0.38456,51.5165],[-0.38337,51.51757],[-0.38217,51.5182],[-0.38098,51.51969],[-0.3808,51.51969],[-0.38029,51.52033],[-0.38012,51.52033],[-0.38012,51.52054],[-0.37978,51.52065],[-0.37807,51.52288],[-0.3779,51.52288],[-0.37773,51.52341],[-0.37756,51.52341],[-0.37739,51.52383],[-0.37722,51.52383],[-0.37722,51.52404],[-0.37705,51.52404],[-0.37705,51.52426],[-0.37654,51.52447],[-0.37637,51.52479],[-0.3762,51.52479],[-0.3762,51.525],[-0.37603,51.525],[-0.37586,51.52574],[-0.37603,51.52574],[-0.37603,51.52649],[-0.3762,51.52649],[-0.3762,51.52882],[-0.38302,51.52967],[-0.38473,51.52999],[-0.38541,51.53031],[-0.38593,51.53031],[-0.38593,51.53042],[-0.38661,51.53042],[-0.38661,51.5302],[-0.38712,51.52957],[-0.389,51.53052],[-0.38934,51.53052],[-0.38934,51.53084],[-0.39156,51.53116],[-0.39258,51.53148],[-0.39531,51.5319],[-0.39634,51.5319],[-0.40265,51.53296],[-0.4047,51.53307],[-0.40999,51.53413],[-0.41102,51.53424],[-0.41187,51.53413],[-0.41204,51.53445],[-0.41323,51.53456],[-0.41358,51.53477],[-0.41375,51.53572],[-0.41477,51.53594],[-0.41511,51.53615],[-0.41528,51.53657],[-0.41699,51.53647],[-0.41767,51.53679],[-0.41767,51.53721],[-0.41733,51.53774],[-0.4175,51.53785],[-0.41938,51.53817],[-0.41938,51.53838],[-0.41955,51.53838],[-0.41955,51.5387],[-0.41938,51.5388],[-0.41887,51.5388],[-0.41818,51.53912],[-0.41955,51.53997],[-0.41955,51.54029],[-0.41938,51.5404],[-0.41904,51.5404],[-0.41887,51.54018],[-0.41835,51.54008],[-0.41614,51.54018],[-0.41614,51.54029],[-0.41494,51.5405],[-0.41494,51.54061],[-0.40845,51.54167],[-0.40794,51.54178],[-0.40794,51.54199],[-0.40504,51.54252],[-0.4006,51.54252],[-0.39856,51.54231],[-0.39531,51.54252],[-0.39548,51.5439],[-0.39565,51.54422],[-0.39582,51.54422],[-0.39582,51.54475],[-0.39634,51.54581],[-0.39685,51.54592],[-0.39736,51.5457],[-0.39787,51.5457],[-0.39838,51.54698],[-0.39838,51.54761],[-0.39856,51.54761],[-0.39873,51.54793],[-0.3948,51.54761],[-0.39497,51.54772],[-0.39514,51.54836],[-0.39497,51.54868],[-0.39429,51.54857],[-0.38985,51.54984],[-0.38917,51.55016],[-0.38866,51.55006],[-0.38814,51.55037],[-0.38746,51.55048],[-0.38746,51.55059],[-0.38524,51.55112],[-0.38046,51.55356],[-0.37773,51.55462],[-0.37773,51.55483],[-0.37688,51.55377],[-0.37586,51.55303],[-0.37568,51.55324],[-0.37329,51.55409],[-0.37278,51.55377],[-0.37244,51.55398],[-0.37091,51.55419],[-0.36988,51.55462],[-0.3692,51.55462],[-0.36766,51.55504],[-0.36664,51.55504],[-0.36647,51.55515],[-0.36664,51.55536],[-0.36476,51.55547],[-0.36391,51.55579],[-0.36254,51.556],[-0.36271,51.55632],[-0.3622,51.55653],[-0.36237,51.55727],[-0.36015,51.55748],[-0.3535,51.55876],[-0.34735,51.55961],[-0.34718,51.55929],[-0.34667,51.55897],[-0.34377,51.5577],[-0.34138,51.55738],[-0.33831,51.55727],[-0.33626,51.55664],[-0.33472,51.55642],[-0.33438,51.55621],[-0.33404,51.55632],[-0.33404,51.55621],[-0.33284,51.556],[-0.32721,51.55515],[-0.32397,51.55398],[-0.3238,51.55377],[-0.32346,51.55377],[-0.32294,51.55345],[-0.3226,51.55345],[-0.32209,51.55313],[-0.32073,51.55271],[-0.32073,51.5526],[-0.32038,51.5526],[-0.31782,51.55165],[-0.31646,51.55101],[-0.31663,51.55101],[-0.31612,51.55069],[-0.31561,51.55059],[-0.31458,51.55006],[-0.31441,51.55016],[-0.31253,51.54921],[-0.31236,51.54846],[-0.31202,51.54793],[-0.31185,51.54793],[-0.31151,51.54751],[-0.30895,51.54666],[-0.30792,51.54613],[-0.30741,51.54549],[-0.30724,51.54549],[-0.30707,51.54528],[-0.30895,51.54517],[-0.30895,51.54496],[-0.30844,51.54485],[-0.30792,51.54443],[-0.30844,51.54316],[-0.30707,51.54178],[-0.3069,51.54178],[-0.3069,51.54156],[-0.30639,51.54125],[-0.30622,51.54093],[-0.30468,51.53997],[-0.30485,51.53976],[-0.30571,51.53955],[-0.30588,51.53933],[-0.30588,51.53594],[-0.30605,51.53572],[-0.30605,51.53509],[-0.30622,51.53477],[-0.30622,51.53403],[-0.30639,51.53371],[-0.3069,51.53371],[-0.30741,51.53318],[-0.30707,51.53296],[-0.30263,51.53201],[-0.30263,51.53212],[-0.30144,51.53233],[-0.29922,51.53339],[-0.29785,51.53424],[-0.29734,51.53466],[-0.29734,51.53488],[-0.29649,51.5353],[-0.29564,51.5353],[-0.29529,51.53488],[-0.29342,51.53488],[-0.29308,51.53509],[-0.29222,51.53519],[-0.29052,51.53572],[-0.29,51.53572],[-0.29,51.53583],[-0.28915,51.53594],[-0.2871,51.53657],[-0.28539,51.53721],[-0.28454,51.53774],[-0.28249,51.53859],[-0.28215,51.53849],[-0.28164,51.53785],[-0.27788,51.53498],[-0.27806,51.53498],[-0.27806,51.53456],[-0.27857,51.53445],[-0.27857,51.53392],[-0.27874,51.53381],[-0.27891,51.53318],[-0.27976,51.53286],[-0.28096,51.53254],[-0.28113,51.53286],[-0.28164,51.53318],[-0.28352,51.53275],[-0.28369,51.53318],[-0.28403,51.5335],[-0.28557,51.53318],[-0.28557,51.53296],[-0.28591,51.53275],[-0.28659,51.53265],[-0.28932,51.53169],[-0.28881,51.53116],[-0.28608,51.52957],[-0.28574,51.52914],[-0.28454,51.52893],[-0.28403,51.52904],[-0.28079,51.5285],[-0.28045,51.52829],[-0.27942,51.52861],[-0.27925,51.52882],[-0.27891,51.52872],[-0.2772,51.52925],[-0.27208,51.52989],[-0.27037,51.52999],[-0.2702,51.52978],[-0.26986,51.52978],[-0.26952,51.52999],[-0.26918,51.52978],[-0.2685,51.52978],[-0.2685,51.52999],[-0.26781,51.52999],[-0.26781,51.5301],[-0.26645,51.53052],[-0.26474,51.53158],[-0.26474,51.53212],[-0.2644,51.53233],[-0.26304,51.53275],[-0.26013,51.53456],[-0.25809,51.53509],[-0.25774,51.53541],[-0.25655,51.53498],[-0.25621,51.53456],[-0.25604,51.53392],[-0.25314,51.53413],[-0.25092,51.53392],[-0.25075,51.53413],[-0.24716,51.5335],[-0.24682,51.53328],[-0.24682,51.53307],[-0.24665,51.53307],[-0.24648,51.53275],[-0.24631,51.53275],[-0.24631,51.53254],[-0.24699,51.5318],[-0.24631,51.53148],[-0.24528,51.53127],[-0.24546,51.53105],[-0.24682,51.53084],[-0.24989,51.52893],[-0.25006,51.52861],[-0.25041,51.5284],[-0.25006,51.52819],[-0.25058,51.52776],[-0.25023,51.52744],[-0.25023,51.52712],[-0.25109,51.52659],[-0.25126,51.52628],[-0.25177,51.52596],[-0.25177,51.52574],[-0.25228,51.52543],[-0.25245,51.525],[-0.25262,51.525],[-0.25262,51.52426],[-0.25245,51.52415],[-0.25245,51.52383],[-0.25228,51.52383],[-0.25228,51.52341],[-0.25194,51.52288],[-0.25194,51.52224],[-0.25126,51.5215],[-0.25075,51.52054],[-0.25058,51.52054],[-0.25058,51.52033],[-0.25023,51.52022],[-0.25075,51.51916],[-0.24989,51.51682],[-0.24989,51.5164],[-0.24938,51.51481],[-0.24921,51.5147],[-0.24921,51.51427],[-0.24904,51.51427],[-0.24904,51.51385],[-0.24887,51.51385],[-0.24887,51.51364],[-0.24682,51.51151],[-0.24614,51.51034],[-0.24614,51.50992],[-0.24511,51.50673],[-0.24648,51.50673],[-0.24631,51.50588],[-0.24614,51.50578],[-0.24614,51.50546],[-0.24597,51.50546],[-0.2458,51.50471],[-0.24563,51.50461],[-0.24802,51.50439],[-0.24802,51.50461],[-0.24836,51.50461],[-0.24836,51.5045],[-0.24989,51.50461],[-0.24989,51.50439],[-0.25023,51.50439],[-0.25023,51.5045],[-0.25092,51.50461],[-0.25245,51.5045],[-0.25245,51.50471],[-0.25279,51.50471],[-0.25365,51.50461],[-0.25382,51.5045],[-0.25365,51.50429],[-0.25399,51.50429],[-0.25399,51.50418],[-0.2545,51.50418],[-0.25501,51.50439],[-0.25467,51.50397],[-0.25433,51.50386],[-0.25433,51.50365],[-0.25416,51.50365],[-0.25399,51.50333],[-0.25331,51.50291],[-0.25331,51.50248],[-0.25314,51.50238],[-0.25314,51.50153],[-0.25297,51.50142],[-0.25314,51.50131],[-0.25297,51.50131],[-0.25297,51.50057],[-0.25279,51.50046],[-0.25279,51.49972],[-0.25297,51.49972],[-0.25331,51.49898],[-0.25382,51.49855],[-0.25399,51.49813],[-0.25416,51.49813],[-0.25416,51.49791],[-0.25433,51.49791],[-0.25467,51.49728],[-0.25484,51.49728],[-0.25484,51.49706],[-0.25501,51.49696],[-0.25501,51.49632],[-0.25553,51.49621],[-0.25536,51.49621],[-0.25553,51.49611],[-0.25553,51.49579],[-0.25536,51.49568],[-0.25536,51.49494],[-0.2574,51.49494],[-0.26184,51.49462],[-0.26184,51.49451],[-0.26389,51.49441],[-0.26389,51.4943],[-0.26764,51.49388],[-0.27003,51.49419],[-0.27174,51.49504],[-0.27225,51.49558],[-0.27225,51.49589],[-0.27276,51.49653],[-0.2743,51.49738],[-0.27635,51.49823],[-0.27686,51.49876],[-0.27737,51.49898],[-0.2784,51.50014],[-0.27857,51.50014],[-0.27857,51.50036],[-0.27908,51.50099],[-0.27908,51.50131],[-0.27925,51.50131],[-0.27942,51.50174],[-0.27993,51.50206],[-0.2801,51.50238],[-0.28096,51.5028],[-0.28386,51.50131],[-0.28608,51.50068],[-0.28847,51.50078],[-0.28847,51.50089],[-0.28915,51.50089],[-0.29205,51.50153],[-0.29376,51.50163],[-0.29649,51.50068],[-0.29683,51.50068],[-0.29683,51.50057],[-0.29837,51.50004],[-0.29871,51.50004],[-0.29871,51.49993],[-0.30007,51.49961],[-0.30059,51.4994],[-0.30059,51.49876],[-0.30041,51.49876],[-0.30007,51.49834],[-0.30007,51.49791],[-0.29956,51.49759],[-0.29956,51.49738],[-0.29939,51.49738],[-0.29888,51.49643],[-0.29871,51.49643],[-0.29871,51.49621],[-0.29854,51.49621],[-0.29854,51.496],[-0.29837,51.496],[-0.2982,51.49568],[-0.29803,51.49568],[-0.29803,51.49547],[-0.29751,51.49483],[-0.3011,51.49441],[-0.30127,51.49451],[-0.30144,51.49526],[-0.3028,51.49547],[-0.3028,51.49558],[-0.30417,51.49568],[-0.30588,51.49621],[-0.30588,51.49536],[-0.30536,51.49451],[-0.30861,51.49356],[-0.30878,51.49334],[-0.30929,51.49324],[-0.31185,51.49196],[-0.31202,51.49196],[-0.31253,51.4926],[-0.31304,51.49281],[-0.3139,51.49356],[-0.31441,51.49345],[-0.31509,51.49398],[-0.31441,51.49441],[-0.31561,51.49515],[-0.31578,51.49536],[-0.31526,51.49558],[-0.31578,51.49589],[-0.31919,51.49419],[-0.32055,51.49494],[-0.32294,51.49579],[-0.32346,51.49589],[-0.32397,51.49568],[-0.32448,51.496],[-0.32619,51.49504],[-0.32721,51.496],[-0.32994,51.49504],[-0.33097,51.49547],[-0.33233,51.49568],[-0.33267,51.49589],[-0.3354,51.49621],[-0.33967,51.49621],[-0.34223,51.496],[-0.34223,51.49611],[-0.34735,51.49791],[-0.34957,51.49898],[-0.35111,51.49908],[-0.35367,51.49844],[-0.35418,51.49844],[-0.35452,51.49823],[-0.35606,51.49813],[-0.35606,51.49802],[-0.35691,51.49781],[-0.3581,51.49781],[-0.35947,51.49696],[-0.35981,51.49696],[-0.35998,51.49674],[-0.36084,51.49664],[-0.36084,51.49653],[-0.36169,51.49632],[-0.36169,51.49611],[-0.36203,51.49611],[-0.36203,51.496],[-0.36305,51.49589],[-0.36322,51.49579],[-0.36322,51.49558],[-0.36357,51.49547],[-0.36374,51.49462],[-0.36476,51.49398],[-0.36527,51.49334],[-0.36561,51.49356],[-0.3663,51.49345],[-0.36647,51.49313],[-0.36698,51.49292],[-0.36698,51.49271],[-0.36835,51.49228],[-0.36783,51.49175],[-0.37176,51.49048]]]]}},{"type":"Feature","properties":{"code":"E09000010","name":"Enfield"},"geometry":{"type":"MultiPolygon","coordinates":[[[[-0.10584,51.69184],[-0.10345,51.69174],[-0.10345,51.69163],[-0.10294,51.69163],[-0.1026,51.69142],[-0.09833,51.69089],[-0.09475,51.69004],[-0.08911,51.68983],[-0.08792,51.69004],[-0.08553,51.69015],[-0.08382,51.68994],[-0.08382,51.68983],[-0.08263,51.68962],[-0.08143,51.6892],[-0.07887,51.68888],[-0.07887,51.68877],[-0.07682,51.68803],[-0.07563,51.6874],[-0.07375,51.68687],[-0.07375,51.68676],[-0.07119,51.68581],[-0.07102,51.6856],[-0.06966,51.68507],[-0.06948,51.68486],[-0.06863,51.68465],[-0.06727,51.68401],[-0.06675,51.68401],[-0.06556,51.68359],[-0.06146,51.68285],[-0.05924,51.68285],[-0.05907,51.68306],[-0.05873,51.68285],[-0.05822,51.68285],[-0.05532,51.68316],[-0.05481,51.68338],[-0.05429,51.68338],[-0.05429,51.68327],[-0.05259,51.68338],[-0.05173,51.68348],[-0.05173,51.68359],[-0.04934,51.68422],[-0.04917,51.68401],[-0.04832,51.68412],[-0.04747,51.68348],[-0.04695,51.68338],[-0.04422,51.68348],[-0.04371,51.68338],[-0.04371,51.68306],[-0.03706,51.68285],[-0.03706,51.68264],[-0.0345,51.68242],[-0.03415,51.68253],[-0.03074,51.68242],[-0.03057,51.68253],[-0.02664,51.68211],[-0.0234,51.68147],[-0.02289,51.68158],[-0.01982,51.68115],[-0.01111,51.68084],[-0.01111,51.6801],[-0.0106,51.6784],[-0.01043,51.67681],[-0.01026,51.6766],[-0.0106,51.67597],[-0.01094,51.67449],[-0.01145,51.6712],[-0.01145,51.67068],[-0.01128,51.67068],[-0.01128,51.67036],[-0.0106,51.66951],[-0.0106,51.66877],[-0.01077,51.66877],[-0.01077,51.66856],[-0.01111,51.66824],[-0.01111,51.66771],[-0.01128,51.66761],[-0.01145,51.66348],[-0.01026,51.66199],[-0.00975,51.66178],[-0.00923,51.66115],[-0.00906,51.66115],[-0.00889,51.66009],[-0.00906,51.65998],[-0.00906,51.65967],[-0.00923,51.65967],[-0.00975,51.65797],[-0.01043,51.65659],[-0.01162,51.65321],[-0.01179,51.65321],[-0.01162,51.64971],[-0.01214,51.64728],[-0.01265,51.64346],[-0.01299,51.64219],[-0.01333,51.63944],[-0.01418,51.63753],[-0.0147,51.6369],[-0.0147,51.63668],[-0.01487,51.63668],[-0.01504,51.63573],[-0.02152,51.62768],[-0.02186,51.62704],[-0.02272,51.62598],[-0.02306,51.62577],[-0.02306,51.62556],[-0.0246,51.62397],[-0.02545,51.62206],[-0.02647,51.62143],[-0.0292,51.61899],[-0.03211,51.61687],[-0.03518,51.61348],[-0.03518,51.61316],[-0.03552,51.61263],[-0.03552,51.61189],[-0.03398,51.61019],[-0.03398,51.60935],[-0.0345,51.60871],[-0.03569,51.60797],[-0.04013,51.60638],[-0.04115,51.60595],[-0.04132,51.60564],[-0.04149,51.60564],[-0.04747,51.6067],[-0.04849,51.60691],[-0.04883,51.60712],[-0.05071,51.60744],[-0.05242,51.60807],[-0.05293,51.60807],[-0.05293,51.6086],[-0.05446,51.60892],[-0.06146,51.60871],[-0.06163,51.6086],[-0.06607,51.6086],[-0.0671,51.60892],[-0.06744,51.6086],[-0.06778,51.6086],[-0.06795,51.60882],[-0.06812,51.60871],[-0.07085,51.60871],[-0.07085,51.60882],[-0.07563,51.6085],[-0.07563,51.60839],[-0.07751,51.60839],[-0.07768,51.6085],[-0.08689,51.6085],[-0.09065,51.60892],[-0.09184,51.60882],[-0.09201,51.60903],[-0.09253,51.60913],[-0.09253,51.60882],[-0.09355,51.60903],[-0.09389,51.60882],[-0.09509,51.60871],[-0.09509,51.6086],[-0.09526,51.60892],[-0.09543,51.60892],[-0.09543,51.60913],[-0.09577,51.60935],[-0.09765,51.60892],[-0.09748,51.6085],[-0.10191,51.6085],[-0.1026,51.60807],[-0.10328,51.60839],[-0.11045,51.60829],[-0.11045,51.6086],[-0.11386,51.60829],[-0.11728,51.60839],[-0.11762,51.60818],[-0.11762,51.60829],[-0.11864,51.6086],[-0.11949,51.60839],[-0.12342,51.60871],[-0.12376,51.60882],[-0.1241,51.60935],[-0.12478,51.60966],[-0.12496,51.60998],[-0.1253,51.60998],[-0.12632,51.60935],[-0.12888,51.60956],[-0.1311,51.6103],[-0.1352,51.61125],[-0.13639,51.61072],[-0.13878,51.61019],[-0.14151,51.61242],[-0.14441,51.61549],[-0.14202,51.61613],[-0.14185,51.61687],[-0.14134,51.61729],[-0.14134,51.61751],[-0.14032,51.61793],[-0.13963,51.61846],[-0.1398,51.61857],[-0.13912,51.61888],[-0.13742,51.62037],[-0.13554,51.62153],[-0.13537,51.62175],[-0.13537,51.62217],[-0.13554,51.62217],[-0.13554,51.62238],[-0.13503,51.62228],[-0.13451,51.62355],[-0.13417,51.62386],[-0.13417,51.62429],[-0.13434,51.62439],[-0.134,51.62482],[-0.134,51.62514],[-0.13366,51.62556],[-0.13366,51.62588],[-0.13332,51.62651],[-0.13229,51.62715],[-0.13212,51.62768],[-0.1311,51.62853],[-0.13127,51.62853],[-0.13076,51.62937],[-0.13042,51.62927],[-0.1311,51.62969],[-0.13025,51.63096],[-0.12973,51.63096],[-0.12973,51.63118],[-0.12956,51.63118],[-0.12956,51.63149],[-0.12905,51.63223],[-0.13127,51.63255],[-0.13298,51.63308],[-0.13383,51.63351],[-0.13366,51.63372],[-0.13383,51.63393],[-0.134,51.63404],[-0.13417,51.63382],[-0.13434,51.63393],[-0.13417,51.63404],[-0.13451,51.63425],[-0.13417,51.63446],[-0.13434,51.63457],[-0.13537,51.6352],[-0.13844,51.63647],[-0.13912,51.637],[-0.14032,51.63753],[-0.14237,51.63933],[-0.14219,51.63933],[-0.14305,51.64029],[-0.14373,51.64071],[-0.1451,51.64262],[-0.14783,51.64209],[-0.14851,51.64304],[-0.14868,51.64368],[-0.14902,51.6441],[-0.14919,51.64463],[-0.14902,51.64516],[-0.15141,51.64526],[-0.15158,51.64558],[-0.15209,51.64579],[-0.15124,51.64685],[-0.15141,51.64696],[-0.15107,51.64728],[-0.15226,51.64759],[-0.15226,51.64791],[-0.14987,51.64876],[-0.1509,51.65003],[-0.15226,51.64982],[-0.15244,51.65024],[-0.15244,51.6513],[-0.15295,51.65204],[-0.15329,51.65225],[-0.15329,51.65247],[-0.15346,51.65247],[-0.15346,51.65268],[-0.15397,51.65257],[-0.15414,51.65278],[-0.15414,51.6531],[-0.15346,51.65331],[-0.15346,51.65416],[-0.15363,51.65469],[-0.1538,51.65458],[-0.15465,51.65501],[-0.15465,51.65554],[-0.15977,51.65659],[-0.16268,51.65797],[-0.16353,51.65818],[-0.16592,51.65839],[-0.17019,51.65945],[-0.17121,51.65956],[-0.17121,51.65967],[-0.17206,51.65988],[-0.18589,51.66284],[-0.1823,51.66824],[-0.18162,51.66898],[-0.17667,51.67205],[-0.17701,51.67269],[-0.17548,51.67258],[-0.17565,51.67311],[-0.17531,51.67343],[-0.17496,51.67322],[-0.1724,51.67311],[-0.16711,51.67893],[-0.16353,51.68242],[-0.16353,51.68814],[-0.16199,51.68803],[-0.16114,51.68782],[-0.16114,51.68771],[-0.15858,51.6874],[-0.15738,51.68708],[-0.15704,51.68676],[-0.15602,51.68655],[-0.15602,51.68644],[-0.15261,51.6857],[-0.14919,51.68549],[-0.14441,51.68634],[-0.14151,51.6874],[-0.13656,51.68856],[-0.13468,51.68877],[-0.13383,51.68867],[-0.13332,51.68888],[-0.12803,51.68888],[-0.12786,51.68877],[-0.12171,51.68856],[-0.1183,51.68898],[-0.11608,51.68962],[-0.11489,51.69015],[-0.11369,51.69036],[-0.11284,51.69089],[-0.10977,51.69142],[-0.10959,51.69152],[-0.10977,51.69163],[-0.10925,51.69174],[-0.10584,51.69184]]]]}},{"type":"Feature","properties":{"code":"E09000011","name":"Greenwich"},"geometry":{"type":"MultiPolygon","coordinates":[[[[0.1203,51.5113],[0.12047,51.51119],[0.12047,51.51034],[0.12064,51.51024],[0.12064,51.50833],[0.12081,51.50801],[0.12081,51.50227],[0.12099,51.50216],[0.12099,51.49866],[0.12116,51.4977],[0.12116,51.49249],[0.12133,51.49207],[0.1215,51.48718],[0.12167,51.48707],[0.12167,51.48676],[0.12201,51.48612],[0.12201,51.48229],[0.12218,51.48219],[0.12218,51.48176],[0.12286,51.48048],[0.12286,51.47995],[0.1232,51.47953],[0.1232,51.47921],[0.12372,51.47815],[0.12389,51.47719],[0.12423,51.47687],[0.1232,51.47751],[0.12099,51.47846],[0.11842,51.47889],[0.11723,51.47783],[0.11706,51.47783],[0.11672,51.4773],[0.11621,51.47698],[0.11621,51.47676],[0.11604,51.47676],[0.11552,51.47613],[0.11535,51.47613],[0.11535,51.47591],[0.11382,51.47506],[0.11382,51.47485],[0.11348,51.47443],[0.1133,51.47443],[0.1133,51.47421],[0.11279,51.47357],[0.11194,51.47304],[0.11057,51.47389],[0.11006,51.47453],[0.10989,51.47453],[0.10989,51.47474],[0.1087,51.47538],[0.10818,51.47613],[0.10767,51.47602],[0.10767,51.47581],[0.10733,51.47581],[0.10716,51.47538],[0.10631,51.47506],[0.10562,51.47549],[0.10528,51.47528],[0.10477,51.47549],[0.10341,51.47453],[0.10289,51.47464],[0.10255,51.47496],[0.10204,51.47443],[0.1017,51.47443],[0.10119,51.47496],[0.1005,51.47506],[0.10033,51.47528],[0.09828,51.47549],[0.09811,51.47538],[0.09811,51.47506],[0.09726,51.47453],[0.09726,51.47432],[0.09692,51.47411],[0.09692,51.47389],[0.09675,51.47389],[0.09675,51.47347],[0.09658,51.47347],[0.09658,51.47326],[0.09419,51.47326],[0.09333,51.47304],[0.09282,51.47262],[0.09248,51.47262],[0.09248,51.47251],[0.09146,51.47219],[0.09129,51.47209],[0.09129,51.47187],[0.09112,51.47187],[0.09112,51.47166],[0.08907,51.47039],[0.08685,51.46996],[0.08668,51.46975],[0.08634,51.46975],[0.08617,51.46953],[0.08565,51.46943],[0.08531,51.46879],[0.08463,51.46858],[0.08446,51.46805],[0.08412,51.46783],[0.08395,51.4673],[0.08378,51.4673],[0.08361,51.46688],[0.08344,51.46688],[0.08344,51.46666],[0.08326,51.46666],[0.08326,51.46645],[0.08224,51.46666],[0.08224,51.46549],[0.08207,51.46539],[0.08207,51.46475],[0.08224,51.46464],[0.08224,51.46432],[0.08241,51.46432],[0.08241,51.46411],[0.08258,51.46401],[0.08258,51.46305],[0.08241,51.46294],[0.08241,51.4623],[0.08224,51.4622],[0.08224,51.46082],[0.08241,51.46082],[0.08258,51.46007],[0.08292,51.45986],[0.07866,51.45933],[0.07866,51.45922],[0.079,51.45911],[0.07951,51.45858],[0.07985,51.45858],[0.08139,51.45773],[0.08565,51.45667],[0.08565,51.45646],[0.08583,51.45635],[0.08583,51.45603],[0.086,51.45603],[0.086,51.45529],[0.08617,51.45518],[0.08617,51.45475],[0.08634,51.45465],[0.08634,51.45358],[0.08651,51.45358],[0.08651,51.45252],[0.08668,51.45241],[0.08668,51.45146],[0.08685,51.45135],[0.08685,51.45029],[0.0877,51.44912],[0.08804,51.44816],[0.08804,51.44667],[0.08736,51.44614],[0.08736,51.44571],[0.08668,51.44539],[0.08634,51.44539],[0.08668,51.44433],[0.08685,51.44433],[0.08685,51.44401],[0.08702,51.44401],[0.08719,51.44358],[0.08736,51.44358],[0.08736,51.44327],[0.08617,51.44327],[0.0848,51.44263],[0.08326,51.44358],[0.08292,51.44337],[0.08292,51.44305],[0.08309,51.44295],[0.08292,51.44273],[0.08378,51.44241],[0.08446,51.44188],[0.08378,51.44156],[0.08344,51.44114],[0.08224,51.44039],[0.0819,51.43997],[0.08122,51.44018],[0.08105,51.44039],[0.08036,51.44007],[0.08036,51.43975],[0.08002,51.43965],[0.08019,51.43954],[0.08002,51.43944],[0.08002,51.43912],[0.07951,51.4389],[0.07968,51.4388],[0.07951,51.43858],[0.07883,51.43816],[0.079,51.43805],[0.07883,51.43752],[0.07797,51.43656],[0.07763,51.43646],[0.07661,51.43688],[0.0749,51.43582],[0.07644,51.43497],[0.07644,51.43475],[0.07593,51.43454],[0.07593,51.43433],[0.07644,51.43401],[0.07575,51.43369],[0.07593,51.43337],[0.0761,51.43337],[0.0761,51.43316],[0.07473,51.43231],[0.07473,51.43209],[0.07541,51.43199],[0.0749,51.43114],[0.0749,51.43082],[0.07439,51.43146],[0.07337,51.43177],[0.07319,51.43167],[0.07319,51.43135],[0.07354,51.43124],[0.07337,51.43124],[0.07285,51.4305],[0.07251,51.43028],[0.07234,51.42986],[0.07183,51.42965],[0.07149,51.42922],[0.06944,51.42826],[0.06688,51.42667],[0.06637,51.42624],[0.06654,51.42613],[0.06637,51.42592],[0.065,51.42571],[0.06483,51.4255],[0.06415,51.42539],[0.06449,51.42496],[0.06295,51.42401],[0.06176,51.42369],[0.06142,51.4239],[0.06125,51.42454],[0.06108,51.42464],[0.06108,51.42507],[0.05852,51.42454],[0.05783,51.42518],[0.05647,51.42603],[0.05391,51.42837],[0.05254,51.43018],[0.05118,51.43146],[0.04793,51.43358],[0.04589,51.43561],[0.04572,51.43561],[0.04537,51.43614],[0.0452,51.43614],[0.0452,51.43667],[0.04333,51.43773],[0.04316,51.43816],[0.04298,51.43816],[0.04281,51.43858],[0.04264,51.43858],[0.04264,51.4389],[0.04247,51.4389],[0.0423,51.43944],[0.03957,51.44114],[0.03701,51.44188],[0.03633,51.44231],[0.03547,51.44241],[0.0336,51.44358],[0.0324,51.4438],[0.03206,51.44401],[0.03155,51.44401],[0.03121,51.44422],[0.0307,51.44422],[0.0307,51.44433],[0.03035,51.44433],[0.03018,51.44401],[0.02967,51.44241],[0.02967,51.44178],[0.0295,51.44167],[0.02643,51.44156],[0.02421,51.44188],[0.02421,51.44199],[0.02165,51.44263],[0.02131,51.44295],[0.02063,51.44422],[0.02148,51.44444],[0.02148,51.44465],[0.02131,51.44475],[0.02131,51.44678],[0.02182,51.44678],[0.02301,51.4472],[0.0225,51.44784],[0.02233,51.44837],[0.02216,51.44837],[0.02216,51.4488],[0.02097,51.44912],[0.01755,51.44944],[0.01499,51.45007],[0.01499,51.4505],[0.01516,51.45018],[0.01533,51.45018],[0.01994,51.45071],[0.01977,51.45124],[0.0196,51.45135],[0.0196,51.45167],[0.01841,51.45156],[0.01807,51.45305],[0.01789,51.45316],[0.01789,51.45337],[0.01772,51.45337],[0.01772,51.45369],[0.01755,51.4538],[0.01755,51.45454],[0.01738,51.45454],[0.01755,51.45507],[0.01431,51.4556],[0.01158,51.45656],[0.01141,51.45709],[0.01107,51.45731],[0.0109,51.45784],[0.01056,51.45816],[0.01004,51.45933],[0.00987,51.45943],[0.00987,51.4606],[0.0097,51.46082],[0.0097,51.46124],[0.00987,51.46124],[0.00987,51.46252],[0.0097,51.46262],[0.0097,51.46305],[0.00953,51.46315],[0.00936,51.46401],[0.00902,51.46454],[0.00902,51.46507],[0.00919,51.46528],[0.00919,51.46581],[0.00902,51.46592],[0.01175,51.46624],[0.01329,51.46688],[0.01277,51.4672],[0.01277,51.46741],[0.0126,51.46741],[0.01294,51.46794],[0.01312,51.46794],[0.01312,51.46836],[0.01294,51.46847],[0.01294,51.4689],[0.01277,51.469],[0.01277,51.46953],[0.0126,51.46985],[0.01465,51.46975],[0.01516,51.46943],[0.0155,51.46943],[0.0155,51.46932],[0.01585,51.46932],[0.01602,51.46911],[0.01653,51.469],[0.0167,51.46953],[0.01653,51.46985],[0.01619,51.46996],[0.01533,51.47187],[0.01516,51.47198],[0.01499,51.47304],[0.01789,51.47368],[0.01789,51.47379],[-0.00053,51.47177],[-0.00292,51.47198],[-0.0077,51.47272],[-0.00941,51.47272],[-0.01231,51.4723],[-0.01299,51.4723],[-0.01299,51.47241],[-0.01418,51.47262],[-0.01453,51.47219],[-0.01453,51.47187],[-0.01521,51.47177],[-0.0147,51.47124],[-0.01453,51.4707],[-0.01436,51.4707],[-0.01401,51.46996],[-0.01316,51.46911],[-0.01316,51.4689],[-0.01487,51.46805],[-0.01521,51.46805],[-0.0164,51.4689],[-0.01657,51.46922],[-0.01692,51.46911],[-0.01726,51.46943],[-0.01811,51.46953],[-0.01913,51.46996],[-0.01896,51.47017],[-0.01913,51.47017],[-0.0193,51.47049],[-0.01862,51.4707],[-0.01896,51.47102],[-0.01879,51.47124],[-0.01896,51.47113],[-0.01913,51.47124],[-0.01913,51.47177],[-0.0193,51.47177],[-0.0193,51.47209],[-0.01982,51.47209],[-0.01982,51.47198],[-0.02033,51.4723],[-0.02033,51.47251],[-0.01999,51.47272],[-0.01999,51.47304],[-0.02067,51.47315],[-0.02084,51.47357],[-0.02152,51.47379],[-0.02169,51.474],[-0.02272,51.47421],[-0.02272,51.47485],[-0.02289,51.47496],[-0.02289,51.47538],[-0.02101,51.47549],[-0.02067,51.4757],[-0.02067,51.47666],[-0.02016,51.47698],[-0.0193,51.47708],[-0.01896,51.4774],[-0.01913,51.4774],[-0.01913,51.47921],[-0.01896,51.47921],[-0.01896,51.47953],[-0.01811,51.47995],[-0.01709,51.47995],[-0.01692,51.48006],[-0.01692,51.48038],[-0.01777,51.48091],[-0.01879,51.4808],[-0.01965,51.48038],[-0.02033,51.48027],[-0.02033,51.47995],[-0.0205,51.47985],[-0.02306,51.47963],[-0.02306,51.48059],[-0.02323,51.4808],[-0.0263,51.48144],[-0.0263,51.48165],[-0.02579,51.48197],[-0.02562,51.48346],[-0.02545,51.48346],[-0.02528,51.48399],[-0.02511,51.48527],[-0.02477,51.48548],[-0.02477,51.48569],[-0.0246,51.48569],[-0.0246,51.48591],[-0.0234,51.48676],[-0.02238,51.48622],[-0.01794,51.48474],[-0.01674,51.48474],[-0.01555,51.48452],[-0.01248,51.48452],[-0.00787,51.48516],[-0.00463,51.48622],[-0.00224,51.4875],[-0.00121,51.48856],[-0.00053,51.48973],[-0.00053,51.49026],[-0.00036,51.49037],[-0.00053,51.4909],[-0.00036,51.4909],[-0.00036,51.49143],[-0.00053,51.49154],[-0.0007,51.49249],[-0.00087,51.49249],[-0.00104,51.49334],[-0.00292,51.49568],[-0.00326,51.49653],[-0.0036,51.49685],[-0.0036,51.49717],[-0.00411,51.49781],[-0.00514,51.50068],[-0.00514,51.50153],[-0.0048,51.50195],[-0.00446,51.50312],[-0.00275,51.50493],[-0.00087,51.50609],[0.00117,51.50663],[0.00424,51.50673],[0.00765,51.50556],[0.00885,51.50493],[0.01021,51.50376],[0.01038,51.50376],[0.01277,51.50153],[0.01346,51.5011],[0.01619,51.49876],[0.02063,51.49685],[0.02404,51.49611],[0.02779,51.496],[0.0324,51.49643],[0.03496,51.49685],[0.03735,51.49685],[0.03991,51.49717],[0.04384,51.49738],[0.04964,51.49717],[0.0563,51.49653],[0.06074,51.49643],[0.06756,51.49685],[0.07217,51.49759],[0.0749,51.49834],[0.0778,51.49993],[0.07968,51.50153],[0.08258,51.5045],[0.08378,51.50599],[0.08446,51.50716],[0.08617,51.50854],[0.08804,51.50971],[0.09112,51.51109],[0.09351,51.51151],[0.09965,51.51183],[0.09965,51.51194],[0.10102,51.51194],[0.10204,51.51172],[0.10528,51.51151],[0.10801,51.51151],[0.10955,51.51172],[0.11501,51.513],[0.11706,51.51321],[0.11825,51.51353],[0.11911,51.51279],[0.11911,51.51257],[0.11979,51.51204],[0.11979,51.51183],[0.1203,51.5113]]]]}},{"type":"Feature","properties":{"code":"E09000012","name":"Hackney"},"geometry":{"type":"MultiPolygon","coordinates":[[[[-0.06112,51.57775],[-0.05993,51.5752],[-0.05873,51.5735],[-0.05839,51.57244],[-0.05685,51.57149],[-0.05651,51.57085],[-0.056,51.57053],[-0.05481,51.57053],[-0.05429,51.57032],[-0.05344,51.56873],[-0.05122,51.56778],[-0.04917,51.5665],[-0.04883,51.56608],[-0.04747,51.56534],[-0.04713,51.56481],[-0.04661,51.56438],[-0.04661,51.56385],[-0.04678,51.56353],[-0.0473,51.56321],[-0.0473,51.56268],[-0.04695,51.56247],[-0.04576,51.56226],[-0.04508,51.56173],[-0.04371,51.56173],[-0.04286,51.56141],[-0.04166,51.56141],[-0.04064,51.56173],[-0.03996,51.56173],[-0.0391,51.5612],[-0.03791,51.5612],[-0.03688,51.56152],[-0.0362,51.56152],[-0.0362,51.56141],[-0.03484,51.5612],[-0.03415,51.56077],[-0.03313,51.56056],[-0.03194,51.56077],[-0.03057,51.5613],[-0.0292,51.5613],[-0.02664,51.56035],[-0.02511,51.55939],[-0.02425,51.55865],[-0.02391,51.55738],[-0.02306,51.55727],[-0.01845,51.55515],[-0.01811,51.55409],[-0.01794,51.55419],[-0.01743,51.55335],[-0.01726,51.55165],[-0.01709,51.55165],[-0.01896,51.55154],[-0.01879,51.55143],[-0.01896,51.55048],[-0.01828,51.54942],[-0.01811,51.54868],[-0.0176,51.54772],[-0.01743,51.54772],[-0.01743,51.54719],[-0.01726,51.54719],[-0.01726,51.54666],[-0.01692,51.54602],[-0.01692,51.54507],[-0.01674,51.54496],[-0.01674,51.54443],[-0.01657,51.54432],[-0.01657,51.54337],[-0.01828,51.54347],[-0.01828,51.54358],[-0.02118,51.54358],[-0.02374,51.54326],[-0.02562,51.54337],[-0.02562,51.54316],[-0.02596,51.54316],[-0.02613,51.54294],[-0.02733,51.54273],[-0.02852,51.54231],[-0.02903,51.54231],[-0.02903,51.54252],[-0.0292,51.54252],[-0.02937,51.54305],[-0.02955,51.54316],[-0.03108,51.54347],[-0.03296,51.54464],[-0.0333,51.54464],[-0.03415,51.5439],[-0.0345,51.54379],[-0.0345,51.54358],[-0.03569,51.54316],[-0.03774,51.54188],[-0.03723,51.54135],[-0.03757,51.54125],[-0.03757,51.54103],[-0.03945,51.53944],[-0.04064,51.53817],[-0.04081,51.53817],[-0.04115,51.53764],[-0.04252,51.53689],[-0.04303,51.53679],[-0.0432,51.53657],[-0.04388,51.53647],[-0.04491,51.53572],[-0.04713,51.53541],[-0.04798,51.53551],[-0.04798,51.53562],[-0.04866,51.53572],[-0.04934,51.53626],[-0.05003,51.53636],[-0.05003,51.53647],[-0.05122,51.53647],[-0.05122,51.53636],[-0.0519,51.53626],[-0.05242,51.53594],[-0.05259,51.53562],[-0.05276,51.53562],[-0.05276,51.53498],[-0.05412,51.53519],[-0.05532,51.53509],[-0.05822,51.53413],[-0.0601,51.53413],[-0.0601,51.53424],[-0.06061,51.53434],[-0.06078,51.53466],[-0.06112,51.53477],[-0.0618,51.53541],[-0.06249,51.53551],[-0.06266,51.53509],[-0.06283,51.53509],[-0.06283,51.53424],[-0.06232,51.5335],[-0.06232,51.53318],[-0.06402,51.53307],[-0.06402,51.53296],[-0.06488,51.53286],[-0.06505,51.53286],[-0.06505,51.53318],[-0.06522,51.53318],[-0.06573,51.53212],[-0.0659,51.53212],[-0.0659,51.5318],[-0.06607,51.5318],[-0.06607,51.53158],[-0.06624,51.53148],[-0.06624,51.53116],[-0.07187,51.53095],[-0.07187,51.53084],[-0.07273,51.53073],[-0.07392,51.53031],[-0.07461,51.52989],[-0.07512,51.52925],[-0.07529,51.52872],[-0.07546,51.52872],[-0.07597,51.52808],[-0.07631,51.52797],[-0.07682,51.52744],[-0.07734,51.52734],[-0.07631,51.52712],[-0.07648,51.52649],[-0.07665,51.52649],[-0.07648,51.52426],[-0.07597,51.52436],[-0.0758,51.52394],[-0.0758,51.52309],[-0.07614,51.52245],[-0.07614,51.52213],[-0.07717,51.52213],[-0.07802,51.52181],[-0.07819,51.52192],[-0.07853,51.5215],[-0.08109,51.52192],[-0.08126,51.52139],[-0.08177,51.52086],[-0.08177,51.52065],[-0.08314,51.5198],[-0.08519,51.52033],[-0.08468,51.5215],[-0.08468,51.52192],[-0.0845,51.52192],[-0.0845,51.52277],[-0.08433,51.52298],[-0.08433,51.52373],[-0.08416,51.52394],[-0.08519,51.52394],[-0.08519,51.52447],[-0.08553,51.52458],[-0.08536,51.52458],[-0.08502,51.52532],[-0.08468,51.52543],[-0.08485,51.52553],[-0.08502,51.52628],[-0.08689,51.52585],[-0.08689,51.52574],[-0.08792,51.52628],[-0.08809,51.52691],[-0.08826,51.52691],[-0.08826,51.52712],[-0.08894,51.52755],[-0.09543,51.52925],[-0.09509,51.52957],[-0.09509,51.5302],[-0.09696,51.53296],[-0.0944,51.53381],[-0.09219,51.53488],[-0.09167,51.53498],[-0.09116,51.53541],[-0.08826,51.53668],[-0.08809,51.53689],[-0.08655,51.53732],[-0.08536,51.54071],[-0.08382,51.54432],[-0.08365,51.54496],[-0.08365,51.54623],[-0.08382,51.54655],[-0.07921,51.54634],[-0.07665,51.54602],[-0.07631,51.54634],[-0.07631,51.5473],[-0.07648,51.5474],[-0.07648,51.54783],[-0.07665,51.54783],[-0.07682,51.54846],[-0.07819,51.55006],[-0.0787,51.55112],[-0.07921,51.55143],[-0.07921,51.55165],[-0.07973,51.55175],[-0.07973,51.55186],[-0.08024,51.55186],[-0.08024,51.55197],[-0.08143,51.55207],[-0.08314,51.55218],[-0.08536,51.55207],[-0.08621,51.5525],[-0.08758,51.55281],[-0.0886,51.55398],[-0.08894,51.55377],[-0.08945,51.55377],[-0.0898,51.55409],[-0.09031,51.55419],[-0.09031,51.55748],[-0.09048,51.55759],[-0.09031,51.5577],[-0.09031,51.55801],[-0.09065,51.55844],[-0.09065,51.55876],[-0.09116,51.55939],[-0.09116,51.55961],[-0.09133,51.55961],[-0.0915,51.56014],[-0.0927,51.56035],[-0.0927,51.56046],[-0.09355,51.56046],[-0.0944,51.56088],[-0.09577,51.5612],[-0.0985,51.56088],[-0.0985,51.56077],[-0.10106,51.56268],[-0.10447,51.5647],[-0.10089,51.56693],[-0.0985,51.56884],[-0.09816,51.56894],[-0.09816,51.56916],[-0.09594,51.57064],[-0.09611,51.57064],[-0.09645,51.57106],[-0.09645,51.57128],[-0.09696,51.57191],[-0.09696,51.57223],[-0.09748,51.57287],[-0.09748,51.57319],[-0.09782,51.57361],[-0.09713,51.57382],[-0.09457,51.57361],[-0.09338,51.57404],[-0.0915,51.57393],[-0.0915,51.57404],[-0.09099,51.57404],[-0.09031,51.57435],[-0.08689,51.57435],[-0.08689,51.57446],[-0.08724,51.57446],[-0.08724,51.57467],[-0.08587,51.57488],[-0.08553,51.5751],[-0.08314,51.5752],[-0.08092,51.57563],[-0.07614,51.57499],[-0.0758,51.57552],[-0.07546,51.57531],[-0.07512,51.57531],[-0.07512,51.57552],[-0.07375,51.57573],[-0.07358,51.57563],[-0.07051,51.57573],[-0.07051,51.57584],[-0.06983,51.57584],[-0.06846,51.57616],[-0.0671,51.57626],[-0.06675,51.57637],[-0.06675,51.57669],[-0.06112,51.57775]]]]}},{"type":"Feature","properties":{"code":"E09000013","name":"Hammersmith and Fulham"},"geometry":{"type":"MultiPolygon","coordinates":[[[[-0.23317,51.5319],[-0.23112,51.53095],[-0.22839,51.53031],[-0.22856,51.52999],[-0.22873,51.52999],[-0.22873,51.52978],[-0.22856,51.52978],[-0.22839,51.52914],[-0.22822,51.52914],[-0.22805,51.52882],[-0.2277,51.52861],[-0.22736,51.52797],[-0.22736,51.52511],[-0.22719,51.52479],[-0.22651,51.52479],[-0.22668,51.52192],[-0.22805,51.52128],[-0.22822,51.52097],[-0.22788,51.52086],[-0.22788,51.52065],[-0.2277,51.52065],[-0.22617,51.51927],[-0.226,51.51927],[-0.22497,51.5181],[-0.22446,51.51778],[-0.22276,51.51565],[-0.22241,51.51544],[-0.22241,51.51512],[-0.22224,51.51512],[-0.22173,51.51438],[-0.22173,51.51417],[-0.22139,51.51385],[-0.22139,51.51342],[-0.22105,51.51311],[-0.22105,51.51289],[-0.22088,51.51289],[-0.22088,51.51268],[-0.2202,51.51172],[-0.21951,51.51034],[-0.21934,51.5096],[-0.21781,51.50971],[-0.21798,51.51024],[-0.21712,51.51034],[-0.21695,51.51024],[-0.21695,51.50971],[-0.21678,51.50939],[-0.21644,51.50928],[-0.21644,51.50907],[-0.21576,51.50918],[-0.21576,51.50875],[-0.21525,51.50769],[-0.2161,51.50748],[-0.21627,51.50694],[-0.21593,51.50641],[-0.21627,51.50631],[-0.21661,51.50641],[-0.21798,51.50609],[-0.21678,51.50408],[-0.21644,51.50386],[-0.21644,51.50365],[-0.2161,51.50365],[-0.2161,51.50344],[-0.21576,51.50323],[-0.21576,51.50301],[-0.21559,51.50301],[-0.21542,51.50269],[-0.2149,51.50238],[-0.21507,51.50216],[-0.2149,51.50206],[-0.2149,51.50184],[-0.21473,51.50184],[-0.21422,51.50078],[-0.21388,51.50068],[-0.21286,51.49961],[-0.2103,51.49823],[-0.20978,51.4977],[-0.20978,51.49749],[-0.20944,51.49738],[-0.20893,51.49674],[-0.20859,51.49664],[-0.20859,51.49643],[-0.20791,51.496],[-0.20739,51.49611],[-0.20671,51.49547],[-0.20535,51.49494],[-0.20296,51.49334],[-0.20313,51.49324],[-0.20296,51.49303],[-0.20176,51.49186],[-0.20227,51.49175],[-0.20227,51.49154],[-0.20023,51.48994],[-0.1992,51.48888],[-0.19732,51.4875],[-0.19647,51.48718],[-0.19596,51.48739],[-0.19357,51.48591],[-0.19186,51.48399],[-0.19169,51.4841],[-0.1905,51.48282],[-0.19016,51.48272],[-0.18828,51.48091],[-0.18811,51.48091],[-0.18691,51.47985],[-0.18674,51.47974],[-0.18657,51.47985],[-0.18606,51.47953],[-0.18572,51.47878],[-0.18435,51.47793],[-0.18418,51.47761],[-0.18367,51.4773],[-0.18282,51.4773],[-0.18282,51.47719],[-0.1823,51.47719],[-0.1823,51.4773],[-0.18196,51.4773],[-0.18077,51.47772],[-0.18077,51.47783],[-0.17923,51.47783],[-0.1777,51.47751],[-0.17753,51.47676],[-0.17787,51.47655],[-0.17787,51.47634],[-0.17804,51.47634],[-0.17804,51.4757],[-0.17821,51.4757],[-0.17838,51.47506],[-0.17855,51.47496],[-0.17889,51.47357],[-0.17923,51.47304],[-0.1794,51.47304],[-0.18162,51.4689],[-0.18213,51.46847],[-0.18299,51.4673],[-0.18521,51.46592],[-0.18879,51.46464],[-0.1905,51.46422],[-0.19186,51.46422],[-0.19408,51.4639],[-0.19596,51.4639],[-0.19715,51.46411],[-0.20125,51.46411],[-0.20313,51.46432],[-0.20552,51.46475],[-0.21286,51.46677],[-0.21559,51.46794],[-0.21832,51.46943],[-0.22344,51.47379],[-0.22429,51.47474],[-0.22497,51.47559],[-0.22549,51.47676],[-0.22566,51.47751],[-0.22566,51.47963],[-0.22549,51.47995],[-0.22566,51.48017],[-0.22566,51.48059],[-0.22583,51.4807],[-0.22566,51.48219],[-0.22583,51.48229],[-0.22583,51.4825],[-0.226,51.4825],[-0.22617,51.48293],[-0.22617,51.48335],[-0.22651,51.48389],[-0.22668,51.48484],[-0.22685,51.48484],[-0.22702,51.48537],[-0.22736,51.48559],[-0.2277,51.48622],[-0.22788,51.48622],[-0.22805,51.48654],[-0.22856,51.48676],[-0.22992,51.48792],[-0.23197,51.48899],[-0.23419,51.48962],[-0.23743,51.48973],[-0.23931,51.48952],[-0.24187,51.48877],[-0.24341,51.48792],[-0.24477,51.48888],[-0.24477,51.48909],[-0.24494,51.48899],[-0.24528,51.48931],[-0.24528,51.48962],[-0.24563,51.49005],[-0.24563,51.4909],[-0.24546,51.49101],[-0.24546,51.49271],[-0.24528,51.49271],[-0.24528,51.49313],[-0.24511,51.49324],[-0.24494,51.49504],[-0.24477,51.49515],[-0.24477,51.49558],[-0.2446,51.49558],[-0.2446,51.496],[-0.24443,51.49611],[-0.24477,51.49611],[-0.24477,51.49653],[-0.2446,51.49653],[-0.24477,51.49738],[-0.24443,51.4977],[-0.24443,51.49791],[-0.24494,51.49791],[-0.24511,51.49823],[-0.24546,51.49834],[-0.24819,51.49738],[-0.24836,51.49717],[-0.24904,51.49696],[-0.24938,51.49706],[-0.24938,51.49728],[-0.24972,51.49749],[-0.24989,51.49791],[-0.25006,51.49791],[-0.25023,51.49844],[-0.25041,51.49844],[-0.25058,51.49898],[-0.25075,51.49898],[-0.25075,51.49919],[-0.25109,51.4994],[-0.25092,51.49951],[-0.25109,51.49951],[-0.25126,51.49983],[-0.25194,51.50036],[-0.25194,51.50057],[-0.25228,51.50068],[-0.25245,51.50099],[-0.25314,51.50153],[-0.25314,51.50238],[-0.25331,51.50248],[-0.25331,51.50291],[-0.25348,51.50291],[-0.25365,51.50323],[-0.25433,51.50365],[-0.25433,51.50386],[-0.25501,51.50429],[-0.25484,51.50439],[-0.2545,51.50418],[-0.25399,51.50418],[-0.25399,51.50429],[-0.25365,51.50429],[-0.25382,51.5045],[-0.25365,51.50461],[-0.25279,51.50471],[-0.25245,51.50471],[-0.25245,51.5045],[-0.25092,51.50461],[-0.25023,51.5045],[-0.25023,51.50439],[-0.24989,51.50439],[-0.24989,51.50461],[-0.24955,51.50461],[-0.24955,51.5045],[-0.24802,51.50461],[-0.24802,51.50439],[-0.24563,51.50461],[-0.2458,51.50471],[-0.24597,51.50546],[-0.24614,51.50546],[-0.24614,51.50578],[-0.24631,51.50588],[-0.24648,51.50673],[-0.24511,51.50673],[-0.24631,51.51077],[-0.24648,51.51077],[-0.24682,51.51151],[-0.24887,51.51364],[-0.24887,51.51385],[-0.24904,51.51385],[-0.24904,51.51427],[-0.24921,51.51427],[-0.24921,51.5147],[-0.24938,51.51481],[-0.24989,51.5164],[-0.24989,51.51682],[-0.25075,51.51916],[-0.25023,51.52022],[-0.25058,51.52033],[-0.25058,51.52054],[-0.25075,51.52054],[-0.25126,51.5215],[-0.25194,51.52224],[-0.25194,51.52288],[-0.25228,51.52341],[-0.25228,51.52383],[-0.25245,51.52383],[-0.25245,51.52415],[-0.25262,51.52426],[-0.25262,51.525],[-0.25245,51.525],[-0.25228,51.52543],[-0.25177,51.52574],[-0.25177,51.52596],[-0.25126,51.52628],[-0.25109,51.52659],[-0.25023,51.52712],[-0.25023,51.52744],[-0.25058,51.52776],[-0.25006,51.52819],[-0.25041,51.5284],[-0.25006,51.52861],[-0.24989,51.52893],[-0.24682,51.53084],[-0.24528,51.53116],[-0.24528,51.53127],[-0.24631,51.53148],[-0.24699,51.5318],[-0.24631,51.53254],[-0.24631,51.53275],[-0.24375,51.5318],[-0.23726,51.53201],[-0.23453,51.53254],[-0.23453,51.53265],[-0.23368,51.53233],[-0.23317,51.5319]]]]}},{"type":"Feature","properties":{"code":"E09000014","name":"Haringey"},"geometry":{"type":"MultiPolygon","coordinates":[[[[-0.12735,51.60935],[-0.12632,51.60935],[-0.1253,51.60998],[-0.12496,51.60998],[-0.12478,51.60966],[-0.1241,51.60935],[-0.12376,51.60882],[-0.12342,51.60871],[-0.11949,51.60839],[-0.11864,51.6086],[-0.11762,51.60829],[-0.11762,51.60818],[-0.11728,51.60839],[-0.11386,51.60829],[-0.11045,51.6086],[-0.11045,51.60829],[-0.10328,51.60839],[-0.1026,51.60807],[-0.10191,51.6085],[-0.09748,51.6085],[-0.09765,51.60892],[-0.09577,51.60935],[-0.09543,51.60913],[-0.09543,51.60892],[-0.09526,51.60892],[-0.09509,51.6086],[-0.09509,51.60871],[-0.09389,51.60882],[-0.09355,51.60903],[-0.09253,51.60882],[-0.09253,51.60913],[-0.09201,51.60903],[-0.09184,51.60882],[-0.09065,51.60892],[-0.08689,51.6085],[-0.07768,51.6085],[-0.07751,51.60839],[-0.07563,51.60839],[-0.07563,51.6085],[-0.07085,51.60882],[-0.07085,51.60871],[-0.06812,51.60871],[-0.06795,51.60882],[-0.06778,51.6086],[-0.06744,51.6086],[-0.0671,51.60892],[-0.06607,51.6086],[-0.06163,51.6086],[-0.06146,51.60871],[-0.05446,51.60892],[-0.05293,51.6086],[-0.05293,51.60807],[-0.05242,51.60807],[-0.05071,51.60744],[-0.04883,51.60712],[-0.04849,51.60691],[-0.04747,51.6067],[-0.04132,51.60564],[-0.04166,51.60542],[-0.04166,51.60521],[-0.04337,51.60277],[-0.04661,51.59949],[-0.04986,51.59705],[-0.0502,51.59694],[-0.05037,51.59662],[-0.05054,51.59662],[-0.05105,51.59567],[-0.05105,51.59514],[-0.05122,51.59482],[-0.0519,51.5944],[-0.05225,51.59387],[-0.05242,51.5926],[-0.05344,51.5909],[-0.05361,51.59016],[-0.05276,51.58857],[-0.05242,51.58835],[-0.05242,51.58814],[-0.05225,51.58814],[-0.05208,51.58761],[-0.05464,51.58602],[-0.05515,51.58549],[-0.05532,51.58517],[-0.05532,51.58464],[-0.05549,51.58464],[-0.05566,51.58422],[-0.05754,51.58305],[-0.05754,51.58284],[-0.05805,51.58231],[-0.06095,51.58093],[-0.06146,51.58061],[-0.06146,51.5804],[-0.06197,51.57987],[-0.06215,51.57987],[-0.06215,51.57902],[-0.06112,51.57775],[-0.06675,51.57669],[-0.06675,51.57637],[-0.0671,51.57626],[-0.06846,51.57616],[-0.06983,51.57584],[-0.07051,51.57584],[-0.07051,51.57573],[-0.07119,51.57563],[-0.07375,51.57573],[-0.07512,51.57552],[-0.07512,51.57531],[-0.07546,51.57531],[-0.0758,51.57552],[-0.07614,51.57499],[-0.08092,51.57563],[-0.08314,51.5752],[-0.08553,51.5751],[-0.08587,51.57488],[-0.08724,51.57467],[-0.08724,51.57446],[-0.08689,51.57446],[-0.08689,51.57435],[-0.09031,51.57435],[-0.09099,51.57404],[-0.0915,51.57404],[-0.0915,51.57393],[-0.09338,51.57404],[-0.09457,51.57361],[-0.09713,51.57382],[-0.09782,51.57361],[-0.09748,51.57319],[-0.09748,51.57287],[-0.09696,51.57223],[-0.09696,51.57191],[-0.09645,51.57128],[-0.09645,51.57106],[-0.09611,51.57064],[-0.09594,51.57064],[-0.09816,51.56916],[-0.09816,51.56894],[-0.0985,51.56884],[-0.10089,51.56693],[-0.10396,51.56491],[-0.10464,51.56481],[-0.10482,51.56459],[-0.10686,51.56608],[-0.1072,51.56618],[-0.10806,51.56703],[-0.11062,51.56862],[-0.11284,51.56969],[-0.11506,51.57053],[-0.11523,51.57075],[-0.11506,51.57085],[-0.11523,51.57138],[-0.11506,51.57138],[-0.11557,51.5716],[-0.1154,51.5717],[-0.1154,51.57191],[-0.11608,51.57223],[-0.11557,51.57255],[-0.11591,51.57297],[-0.11659,51.57329],[-0.11676,51.57361],[-0.1171,51.57372],[-0.11745,51.57414],[-0.11949,51.57435],[-0.11881,51.57478],[-0.11932,51.5751],[-0.11949,51.57552],[-0.12376,51.57467],[-0.12478,51.57404],[-0.12786,51.57414],[-0.12905,51.57382],[-0.13161,51.5735],[-0.13195,51.57329],[-0.13298,51.57308],[-0.13554,51.5717],[-0.13861,51.57053],[-0.13912,51.57011],[-0.14049,51.56947],[-0.14237,51.56905],[-0.14237,51.56926],[-0.14322,51.56958],[-0.14339,51.56979],[-0.14493,51.57022],[-0.14851,51.57085],[-0.15022,51.5716],[-0.15192,51.5716],[-0.15721,51.57213],[-0.15721,51.57202],[-0.15756,51.57213],[-0.15773,51.57202],[-0.15773,51.57213],[-0.15892,51.57223],[-0.16012,51.57276],[-0.16455,51.57244],[-0.1666,51.57297],[-0.1678,51.57297],[-0.17002,51.57276],[-0.17121,51.57244],[-0.17121,51.57361],[-0.1695,51.57393],[-0.1695,51.57541],[-0.16967,51.57573],[-0.1695,51.57573],[-0.16967,51.57637],[-0.16933,51.57743],[-0.16814,51.5769],[-0.16711,51.57817],[-0.16728,51.57828],[-0.16677,51.5787],[-0.16694,51.57966],[-0.16711,51.57966],[-0.16711,51.58061],[-0.16728,51.58072],[-0.16711,51.58114],[-0.16711,51.58178],[-0.16694,51.58178],[-0.16694,51.58199],[-0.16626,51.58199],[-0.16575,51.58294],[-0.16575,51.58326],[-0.16489,51.58358],[-0.16507,51.58358],[-0.16455,51.58401],[-0.16421,51.58401],[-0.1637,51.58432],[-0.16353,51.58422],[-0.16233,51.58454],[-0.16114,51.58538],[-0.1596,51.58443],[-0.1579,51.5857],[-0.1579,51.58623],[-0.15721,51.58623],[-0.15738,51.58655],[-0.15875,51.58666],[-0.15875,51.58751],[-0.15858,51.58751],[-0.15858,51.58804],[-0.16029,51.58804],[-0.16012,51.58814],[-0.16012,51.58973],[-0.15977,51.58973],[-0.1596,51.59122],[-0.15943,51.59153],[-0.15875,51.59196],[-0.15875,51.59228],[-0.15977,51.59217],[-0.15977,51.5926],[-0.16029,51.59387],[-0.16097,51.59482],[-0.16097,51.59525],[-0.16114,51.59525],[-0.16148,51.59641],[-0.16182,51.59694],[-0.16182,51.59758],[-0.15875,51.60203],[-0.15807,51.60277],[-0.15653,51.60532],[-0.15602,51.60542],[-0.15602,51.60511],[-0.15448,51.60415],[-0.15329,51.60267],[-0.15346,51.60097],[-0.15295,51.59906],[-0.15192,51.59821],[-0.15141,51.59747],[-0.15124,51.59747],[-0.14851,51.59843],[-0.148,51.59874],[-0.14731,51.59885],[-0.14749,51.59896],[-0.14714,51.59917],[-0.14441,51.60012],[-0.14441,51.60076],[-0.14424,51.60076],[-0.14424,51.60108],[-0.14407,51.60108],[-0.14373,51.60161],[-0.14356,51.60161],[-0.14305,51.60256],[-0.14202,51.6033],[-0.14202,51.60458],[-0.14219,51.605],[-0.14271,51.60553],[-0.14271,51.60574],[-0.14288,51.60574],[-0.14288,51.60606],[-0.14322,51.6067],[-0.14322,51.60733],[-0.14339,51.60754],[-0.14339,51.60882],[-0.14322,51.60892],[-0.13844,51.6103],[-0.13673,51.61062],[-0.1352,51.61125],[-0.1311,51.6103],[-0.12888,51.60956],[-0.12735,51.60935]]]]}},{"type":"Feature","properties":{"code":"E09000015","name":"Harrow"},"geometry":{"type":"MultiPolygon","coordinates":[[[[-0.30536,51.6334],[-0.30536,51.63319],[-0.30417,51.6316],[-0.30178,51.6299],[-0.29871,51.62694],[-0.29717,51.62588],[-0.29564,51.62439],[-0.29529,51.62429],[-0.29427,51.62312],[-0.28813,51.61793],[-0.28744,51.61698],[-0.28557,51.6156],[-0.28335,51.61433],[-0.28096,51.61231],[-0.28079,51.612],[-0.27942,51.61072],[-0.27925,51.61072],[-0.2784,51.60977],[-0.27686,51.6085],[-0.27567,51.60776],[-0.27498,51.60701],[-0.27481,51.60701],[-0.27379,51.60564],[-0.26799,51.60118],[-0.26713,51.60033],[-0.26901,51.59959],[-0.27106,51.59832],[-0.27311,51.59843],[-0.27703,51.59694],[-0.27652,51.59652],[-0.28335,51.59578],[-0.28557,51.59525],[-0.28574,51.59472],[-0.28625,51.59493],[-0.28761,51.59429],[-0.29034,51.59366],[-0.29034,51.59344],[-0.28932,51.59291],[-0.2871,51.59249],[-0.28693,51.59228],[-0.28574,51.59196],[-0.28488,51.59111],[-0.28471,51.59111],[-0.28454,51.59069],[-0.2842,51.59058],[-0.2842,51.59037],[-0.28386,51.59016],[-0.28386,51.58973],[-0.28352,51.5892],[-0.28335,51.58835],[-0.28318,51.58825],[-0.28301,51.58687],[-0.28232,51.58591],[-0.28232,51.58507],[-0.29478,51.58666],[-0.29854,51.58676],[-0.30127,51.58729],[-0.304,51.58719],[-0.30639,51.58666],[-0.31134,51.58496],[-0.31714,51.5821],[-0.31902,51.58082],[-0.32124,51.57998],[-0.32397,51.57923],[-0.3267,51.57881],[-0.32653,51.57796],[-0.32533,51.57605],[-0.32482,51.57329],[-0.32294,51.57064],[-0.32209,51.56969],[-0.32294,51.56937],[-0.32346,51.56894],[-0.32414,51.56884],[-0.32414,51.56873],[-0.32516,51.56841],[-0.32499,51.56831],[-0.32619,51.56788],[-0.32721,51.56788],[-0.32789,51.56746],[-0.32977,51.56714],[-0.32977,51.5665],[-0.3296,51.5664],[-0.32977,51.56618],[-0.32858,51.56587],[-0.32858,51.56406],[-0.32824,51.56332],[-0.32858,51.5629],[-0.32841,51.5629],[-0.32824,51.56247],[-0.32926,51.56247],[-0.33011,51.56226],[-0.33148,51.56152],[-0.33114,51.56141],[-0.33199,51.56088],[-0.33182,51.56077],[-0.33404,51.55876],[-0.33404,51.55791],[-0.33387,51.5577],[-0.33489,51.55791],[-0.33489,51.55759],[-0.33506,51.55759],[-0.33557,51.55653],[-0.33831,51.55727],[-0.34138,51.55738],[-0.34377,51.5577],[-0.34667,51.55897],[-0.34718,51.55929],[-0.34735,51.55961],[-0.34803,51.55961],[-0.35725,51.55812],[-0.35947,51.55759],[-0.36237,51.55727],[-0.3622,51.55653],[-0.36271,51.55632],[-0.36254,51.556],[-0.36391,51.55579],[-0.36476,51.55547],[-0.36664,51.55536],[-0.36647,51.55526],[-0.36664,51.55504],[-0.36766,51.55504],[-0.3692,51.55462],[-0.36988,51.55462],[-0.37091,51.55419],[-0.37244,51.55398],[-0.37278,51.55377],[-0.37329,51.55409],[-0.37568,51.55324],[-0.37586,51.55303],[-0.37654,51.55345],[-0.37739,51.5543],[-0.37773,51.55504],[-0.3779,51.55494],[-0.3779,51.55526],[-0.37893,51.55674],[-0.37927,51.5578],[-0.38029,51.55908],[-0.37995,51.5595],[-0.38012,51.55971],[-0.38046,51.55971],[-0.38029,51.55992],[-0.38046,51.55992],[-0.38029,51.56014],[-0.38029,51.56067],[-0.38046,51.56099],[-0.38234,51.5629],[-0.38183,51.56311],[-0.38217,51.56321],[-0.38217,51.56343],[-0.38234,51.56343],[-0.38234,51.56374],[-0.38251,51.56385],[-0.38234,51.56396],[-0.38234,51.56502],[-0.38251,51.56512],[-0.38251,51.56544],[-0.38268,51.56544],[-0.38268,51.56587],[-0.38319,51.56661],[-0.38319,51.56693],[-0.38422,51.56862],[-0.38422,51.56884],[-0.38456,51.56905],[-0.38473,51.56958],[-0.38644,51.5716],[-0.38558,51.57213],[-0.38678,51.5734],[-0.38729,51.57435],[-0.38746,51.57435],[-0.38797,51.57488],[-0.3878,51.5752],[-0.38746,51.5752],[-0.38746,51.57531],[-0.3878,51.57541],[-0.3878,51.57563],[-0.38797,51.57573],[-0.38831,51.57711],[-0.38849,51.57722],[-0.38849,51.57764],[-0.38883,51.57785],[-0.38968,51.57891],[-0.39156,51.58157],[-0.39105,51.58167],[-0.39105,51.58263],[-0.39122,51.58294],[-0.39105,51.58305],[-0.39105,51.58337],[-0.39122,51.58411],[-0.39139,51.58401],[-0.39139,51.58475],[-0.39156,51.58485],[-0.39139,51.58538],[-0.39156,51.58549],[-0.39156,51.58644],[-0.39173,51.58666],[-0.39173,51.58708],[-0.3919,51.58719],[-0.3919,51.58825],[-0.39361,51.58941],[-0.39361,51.58963],[-0.39429,51.59037],[-0.39548,51.59026],[-0.39565,51.59047],[-0.39548,51.591],[-0.39548,51.59185],[-0.396,51.59302],[-0.39634,51.59334],[-0.39634,51.59376],[-0.39651,51.59387],[-0.39651,51.59525],[-0.3977,51.59652],[-0.3977,51.59705],[-0.40026,51.59737],[-0.40026,51.59768],[-0.39992,51.59821],[-0.40112,51.59959],[-0.40129,51.59959],[-0.40163,51.60023],[-0.40163,51.60065],[-0.40197,51.60108],[-0.40197,51.6014],[-0.40214,51.6015],[-0.40248,51.60246],[-0.40248,51.60542],[-0.40231,51.60564],[-0.40231,51.60617],[-0.4018,51.60659],[-0.40248,51.60765],[-0.40248,51.60829],[-0.40265,51.60829],[-0.40265,51.6085],[-0.40282,51.6085],[-0.40316,51.60892],[-0.40333,51.60935],[-0.40333,51.60998],[-0.40351,51.60998],[-0.40333,51.61062],[-0.40402,51.61263],[-0.40402,51.61316],[-0.40112,51.61316],[-0.40077,51.61337],[-0.39941,51.61337],[-0.39702,51.61422],[-0.39275,51.61517],[-0.38661,51.6156],[-0.38388,51.61634],[-0.38183,51.61751],[-0.37995,51.61751],[-0.37534,51.61825],[-0.37415,51.61878],[-0.37159,51.61931],[-0.36817,51.62069],[-0.36681,51.62079],[-0.36613,51.621],[-0.3634,51.62249],[-0.36254,51.62355],[-0.36152,51.62397],[-0.36135,51.62429],[-0.36015,51.62514],[-0.35947,51.62535],[-0.35759,51.62545],[-0.3552,51.62598],[-0.35418,51.62598],[-0.34906,51.62694],[-0.34616,51.6281],[-0.34428,51.62863],[-0.34035,51.63043],[-0.33984,51.63086],[-0.33967,51.63054],[-0.33882,51.63012],[-0.33882,51.6299],[-0.33831,51.62948],[-0.3354,51.63181],[-0.33301,51.6334],[-0.33301,51.63382],[-0.3325,51.63372],[-0.3308,51.63488],[-0.32738,51.63647],[-0.32704,51.63647],[-0.32568,51.637],[-0.32141,51.63774],[-0.31936,51.63838],[-0.31868,51.63901],[-0.31851,51.63954],[-0.31697,51.6405],[-0.31663,51.6405],[-0.31236,51.63891],[-0.311,51.6387],[-0.30536,51.63711],[-0.30451,51.63658],[-0.30451,51.63615],[-0.30502,51.63552],[-0.30553,51.63446],[-0.30553,51.63351],[-0.30536,51.6334]]]]}},{"type":"Feature","properties":{"code":"E09000016","name":"Havering"},"geometry":{"type":"MultiPolygon","coordinates":[[[[0.2321,51.62726],[0.23415,51.62577],[0.23688,51.6245],[0.23739,51.62408],[0.23773,51.62408],[0.23807,51.62376],[0.23875,51.62355],[0.23961,51.62302],[0.24149,51.62238],[0.24541,51.62058],[0.2507,51.61857],[0.25275,51.61751],[0.25412,51.61666],[0.25531,51.6156],[0.2577,51.61422],[0.25821,51.61295],[0.25855,51.61284],[0.26094,51.61062],[0.26282,51.60924],[0.26333,51.60924],[0.26401,51.60892],[0.26453,51.60829],[0.26419,51.60807],[0.26419,51.60786],[0.26436,51.60786],[0.26316,51.60733],[0.26145,51.60744],[0.25941,51.6067],[0.25804,51.60648],[0.25821,51.60617],[0.25821,51.60511],[0.25804,51.60489],[0.25719,51.605],[0.25719,51.60447],[0.2565,51.60405],[0.2565,51.60373],[0.25668,51.60362],[0.25633,51.6033],[0.25582,51.6033],[0.25599,51.60309],[0.25548,51.60309],[0.25548,51.60288],[0.25514,51.60267],[0.25463,51.60277],[0.25463,51.60235],[0.25429,51.60246],[0.25412,51.60235],[0.25412,51.60203],[0.25394,51.60193],[0.25412,51.60171],[0.25394,51.60161],[0.2548,51.6015],[0.2548,51.60129],[0.25548,51.60118],[0.25804,51.60129],[0.25821,51.60118],[0.25821,51.60087],[0.26077,51.60044],[0.26282,51.59991],[0.26999,51.59949],[0.27033,51.59853],[0.27033,51.59726],[0.27016,51.59715],[0.27016,51.59662],[0.26999,51.59662],[0.26982,51.59599],[0.26931,51.59546],[0.26931,51.59525],[0.26982,51.59408],[0.26982,51.59249],[0.26999,51.59175],[0.27016,51.59175],[0.27016,51.59111],[0.27033,51.59111],[0.27135,51.58973],[0.27118,51.58899],[0.27135,51.58899],[0.2717,51.58857],[0.2717,51.58835],[0.27187,51.58835],[0.27204,51.58761],[0.27374,51.58687],[0.2746,51.58602],[0.2746,51.58581],[0.27511,51.58517],[0.27528,51.58517],[0.27545,51.58485],[0.27647,51.58411],[0.27682,51.58358],[0.2775,51.58316],[0.27818,51.58231],[0.27989,51.58082],[0.28074,51.57987],[0.28091,51.57987],[0.28108,51.57944],[0.28125,51.57944],[0.28159,51.57891],[0.28194,51.57891],[0.28194,51.5786],[0.28279,51.57764],[0.28313,51.5769],[0.28347,51.57658],[0.28347,51.57637],[0.28364,51.57637],[0.28501,51.57414],[0.28552,51.57382],[0.2862,51.57372],[0.28637,51.5735],[0.28672,51.57361],[0.28706,51.57266],[0.28723,51.57276],[0.28723,51.57234],[0.28672,51.5717],[0.28672,51.57128],[0.28689,51.57128],[0.28689,51.57106],[0.28723,51.57085],[0.28842,51.56852],[0.2903,51.56427],[0.29457,51.5647],[0.30225,51.56512],[0.30464,51.56534],[0.30447,51.56544],[0.313,51.56576],[0.31317,51.56555],[0.31351,51.56385],[0.31419,51.56268],[0.31419,51.56205],[0.31454,51.5613],[0.31454,51.56056],[0.31471,51.56046],[0.31471,51.55929],[0.31505,51.55908],[0.31522,51.5578],[0.31641,51.5577],[0.31778,51.55717],[0.31846,51.55674],[0.31863,51.55536],[0.31949,51.55494],[0.32205,51.55419],[0.32205,51.55324],[0.32239,51.55271],[0.32324,51.55292],[0.32512,51.55303],[0.32648,51.55175],[0.32785,51.55101],[0.32802,51.55048],[0.32802,51.54836],[0.3287,51.54793],[0.3287,51.5474],[0.32887,51.5474],[0.32887,51.54708],[0.32904,51.54708],[0.32939,51.54655],[0.32887,51.54581],[0.33143,51.54592],[0.33314,51.54379],[0.33382,51.54252],[0.33331,51.54125],[0.33382,51.54125],[0.33399,51.5405],[0.33143,51.54008],[0.33143,51.54071],[0.3316,51.54082],[0.32153,51.5405],[0.31573,51.53987],[0.31522,51.53997],[0.31044,51.53965],[0.31044,51.53933],[0.30976,51.53923],[0.30071,51.5388],[0.30088,51.53817],[0.29713,51.53764],[0.29781,51.5353],[0.29132,51.53477],[0.29047,51.53466],[0.29047,51.53445],[0.28757,51.53456],[0.28603,51.53424],[0.28245,51.53403],[0.2763,51.53296],[0.27613,51.53318],[0.27545,51.53296],[0.27391,51.53296],[0.27306,51.53318],[0.27067,51.53307],[0.26965,51.53296],[0.26726,51.53233],[0.26538,51.53212],[0.26538,51.52861],[0.26555,51.52787],[0.26538,51.52489],[0.26572,51.52458],[0.26675,51.52447],[0.26675,51.5233],[0.26658,51.52298],[0.26504,51.52288],[0.26419,51.5216],[0.26401,51.52118],[0.26401,51.52043],[0.26384,51.52033],[0.26384,51.5182],[0.26367,51.51789],[0.26197,51.51789],[0.26043,51.51842],[0.25941,51.5181],[0.25958,51.51789],[0.25941,51.51778],[0.25736,51.51789],[0.25565,51.51767],[0.25377,51.51789],[0.25377,51.51905],[0.25343,51.5198],[0.25343,51.52065],[0.25258,51.52235],[0.25258,51.52309],[0.25241,51.5233],[0.25241,51.52479],[0.25156,51.52596],[0.25156,51.52681],[0.25087,51.52882],[0.249,51.52872],[0.249,51.52797],[0.24882,51.52744],[0.24831,51.52755],[0.24626,51.52649],[0.24626,51.52628],[0.24712,51.52532],[0.24712,51.525],[0.24661,51.52426],[0.24661,51.52404],[0.24626,51.52404],[0.24575,51.52351],[0.24285,51.52436],[0.24285,51.52404],[0.24268,51.52404],[0.242,51.5233],[0.24097,51.52256],[0.24063,51.52192],[0.24063,51.52139],[0.2408,51.52118],[0.2437,51.52075],[0.24456,51.52033],[0.24473,51.52012],[0.24422,51.5198],[0.2449,51.51905],[0.2449,51.51873],[0.24387,51.51831],[0.24012,51.51937],[0.23722,51.51937],[0.24012,51.51491],[0.24046,51.5147],[0.24114,51.51374],[0.2408,51.51342],[0.23995,51.51321],[0.23995,51.51279],[0.24029,51.51226],[0.24029,51.51077],[0.24046,51.51077],[0.24046,51.51056],[0.24149,51.51066],[0.242,51.50907],[0.242,51.50811],[0.24183,51.50811],[0.242,51.50801],[0.23995,51.50769],[0.24012,51.50758],[0.23995,51.50748],[0.23995,51.50726],[0.23466,51.50694],[0.23346,51.50663],[0.23005,51.50684],[0.22664,51.50663],[0.22647,51.50652],[0.22647,51.50588],[0.22595,51.50588],[0.22612,51.50578],[0.22595,51.50578],[0.22612,51.50546],[0.22647,51.50524],[0.22698,51.50386],[0.22749,51.50344],[0.228,51.50206],[0.22988,51.4994],[0.22783,51.49887],[0.22578,51.4977],[0.22442,51.49728],[0.22356,51.49781],[0.22152,51.49781],[0.21964,51.49749],[0.21964,51.49728],[0.21827,51.49706],[0.21759,51.49674],[0.21725,51.49674],[0.21708,51.49653],[0.21588,51.49643],[0.21537,51.49664],[0.21418,51.496],[0.21349,51.49504],[0.21315,51.49504],[0.21281,51.49451],[0.21281,51.49419],[0.21298,51.49409],[0.21281,51.49409],[0.21281,51.49313],[0.21247,51.49292],[0.21213,51.49239],[0.21196,51.49101],[0.21145,51.4909],[0.21145,51.49058],[0.21127,51.49037],[0.21059,51.49026],[0.21042,51.49005],[0.21042,51.48729],[0.21025,51.48591],[0.20837,51.4858],[0.20206,51.48495],[0.19933,51.48442],[0.19694,51.4842],[0.19233,51.4841],[0.19028,51.4842],[0.18772,51.48452],[0.18601,51.48505],[0.18328,51.48622],[0.18209,51.48697],[0.18055,51.48824],[0.17953,51.48952],[0.17799,51.4926],[0.17799,51.49303],[0.17714,51.49579],[0.17697,51.49706],[0.17629,51.49823],[0.17577,51.49983],[0.17424,51.50227],[0.17253,51.50376],[0.17134,51.50471],[0.16929,51.50599],[0.16758,51.50673],[0.16383,51.50801],[0.16195,51.50843],[0.16075,51.50864],[0.15785,51.50875],[0.15785,51.50886],[0.15819,51.51034],[0.15836,51.51045],[0.15836,51.51098],[0.15853,51.51109],[0.15853,51.51183],[0.15871,51.51194],[0.15871,51.51247],[0.15888,51.51257],[0.15888,51.51385],[0.15905,51.51385],[0.15905,51.51427],[0.15922,51.51427],[0.15922,51.51491],[0.15939,51.51491],[0.15939,51.51534],[0.15956,51.51534],[0.15956,51.51587],[0.1599,51.51608],[0.16007,51.51693],[0.16024,51.51693],[0.16024,51.51725],[0.16041,51.51725],[0.16041,51.51757],[0.16058,51.51757],[0.16075,51.5182],[0.16092,51.5182],[0.16092,51.51863],[0.16127,51.51884],[0.16127,51.51937],[0.16144,51.51937],[0.16161,51.52012],[0.16178,51.52012],[0.16178,51.52043],[0.16195,51.52054],[0.16195,51.52086],[0.16212,51.52086],[0.16212,51.52118],[0.16229,51.52118],[0.16229,51.5216],[0.16246,51.5216],[0.16229,51.52171],[0.16229,51.52235],[0.16246,51.52245],[0.16246,51.52288],[0.1628,51.52309],[0.1628,51.52373],[0.16297,51.52373],[0.16297,51.52404],[0.16314,51.52404],[0.16314,51.52426],[0.16366,51.52479],[0.16366,51.525],[0.16383,51.525],[0.16366,51.52532],[0.164,51.52543],[0.164,51.52617],[0.16434,51.52638],[0.16434,51.52659],[0.16451,51.52659],[0.16451,51.52712],[0.16502,51.52744],[0.16519,51.52808],[0.16536,51.52808],[0.16536,51.5284],[0.16587,51.52861],[0.16587,51.52882],[0.16639,51.52893],[0.16639,51.52925],[0.16656,51.52925],[0.16673,51.52967],[0.16758,51.52999],[0.16775,51.53042],[0.16792,51.53042],[0.16792,51.53073],[0.1686,51.53095],[0.1686,51.53116],[0.16946,51.53158],[0.16946,51.5318],[0.17014,51.53212],[0.17014,51.53233],[0.17116,51.53296],[0.17134,51.5336],[0.17185,51.53392],[0.17185,51.53477],[0.17202,51.53477],[0.17202,51.53509],[0.17236,51.5353],[0.17253,51.53594],[0.1727,51.53594],[0.17304,51.53647],[0.17321,51.53647],[0.17355,51.53711],[0.1739,51.53732],[0.1739,51.53764],[0.17458,51.53806],[0.17475,51.53838],[0.17629,51.53902],[0.17646,51.53923],[0.17731,51.53944],[0.17731,51.53955],[0.17816,51.53955],[0.17867,51.53987],[0.17885,51.54018],[0.17919,51.54029],[0.17936,51.54082],[0.17953,51.54082],[0.17953,51.54125],[0.1797,51.54125],[0.1797,51.54284],[0.17987,51.54284],[0.17987,51.54326],[0.18004,51.54326],[0.18004,51.54379],[0.18021,51.54379],[0.18021,51.54401],[0.18124,51.54464],[0.18158,51.54517],[0.18226,51.5457],[0.1826,51.5457],[0.1826,51.54592],[0.18294,51.54592],[0.18345,51.54634],[0.18397,51.54645],[0.18482,51.54698],[0.18584,51.54719],[0.18618,51.54783],[0.18653,51.54804],[0.1867,51.54878],[0.18687,51.5491],[0.18704,51.5491],[0.18704,51.54942],[0.18721,51.54942],[0.18738,51.55006],[0.18755,51.55006],[0.18755,51.55027],[0.18806,51.55048],[0.1884,51.5509],[0.18909,51.55133],[0.1896,51.55143],[0.18994,51.5525],[0.19028,51.55271],[0.18994,51.55271],[0.18977,51.55313],[0.18857,51.55356],[0.18857,51.55388],[0.18789,51.55398],[0.18789,51.5543],[0.18806,51.55441],[0.18755,51.55441],[0.18772,51.55494],[0.18738,51.55515],[0.18738,51.55536],[0.18704,51.55547],[0.18704,51.55579],[0.18636,51.55589],[0.18636,51.5561],[0.1855,51.55642],[0.18482,51.55632],[0.18499,51.55685],[0.18482,51.55685],[0.18482,51.55727],[0.18448,51.55748],[0.18448,51.55812],[0.18465,51.55812],[0.18465,51.55833],[0.18448,51.55833],[0.18482,51.55844],[0.18465,51.55855],[0.18465,51.55886],[0.18482,51.55886],[0.18482,51.55929],[0.18465,51.55939],[0.18482,51.5595],[0.18465,51.55961],[0.18482,51.55971],[0.18482,51.55992],[0.18465,51.55992],[0.18465,51.56024],[0.18448,51.56035],[0.18345,51.56056],[0.18328,51.56088],[0.1826,51.5612],[0.18277,51.56173],[0.18294,51.56173],[0.18294,51.56205],[0.18311,51.56205],[0.18328,51.56258],[0.18345,51.56258],[0.18345,51.56279],[0.1838,51.56311],[0.18397,51.56396],[0.18516,51.5647],[0.18499,51.56502],[0.18516,51.56555],[0.18345,51.56459],[0.18192,51.56481],[0.18106,51.5647],[0.18021,51.56491],[0.17782,51.56491],[0.17577,51.5647],[0.17577,51.56481],[0.17338,51.56512],[0.1727,51.56481],[0.17185,51.56481],[0.17082,51.56438],[0.17048,51.56438],[0.16843,51.56353],[0.16639,51.56332],[0.16536,51.56279],[0.16502,51.56279],[0.16502,51.56268],[0.16468,51.56268],[0.16366,51.56226],[0.16366,51.56215],[0.16178,51.56162],[0.16178,51.56173],[0.16058,51.56215],[0.16058,51.56237],[0.16007,51.56258],[0.1599,51.563],[0.15836,51.56396],[0.15785,51.56406],[0.15597,51.56523],[0.15563,51.56523],[0.15495,51.56565],[0.15205,51.56778],[0.15137,51.56809],[0.15085,51.56778],[0.15,51.56788],[0.15,51.56809],[0.14966,51.56809],[0.14966,51.5682],[0.14932,51.56809],[0.14881,51.56862],[0.14727,51.56862],[0.14727,51.56873],[0.14676,51.56884],[0.14676,51.56905],[0.14693,51.56905],[0.14659,51.56926],[0.14659,51.56947],[0.14966,51.56969],[0.14966,51.57011],[0.14932,51.57032],[0.14932,51.57085],[0.14915,51.57106],[0.14915,51.57255],[0.14898,51.57276],[0.14898,51.57319],[0.14795,51.57308],[0.14795,51.57435],[0.14812,51.57446],[0.14829,51.57541],[0.14812,51.57573],[0.14693,51.57573],[0.1471,51.57594],[0.1471,51.57743],[0.14727,51.57775],[0.14744,51.58082],[0.14864,51.58072],[0.14864,51.58114],[0.14949,51.58199],[0.14949,51.5822],[0.14966,51.5822],[0.14966,51.58241],[0.15051,51.58284],[0.15051,51.58305],[0.15085,51.58326],[0.15102,51.58379],[0.1512,51.59016],[0.15102,51.59026],[0.15068,51.591],[0.15068,51.59344],[0.15085,51.59355],[0.15085,51.5944],[0.15102,51.5945],[0.15102,51.59514],[0.1512,51.59546],[0.15102,51.59546],[0.15068,51.59609],[0.15051,51.59609],[0.15051,51.59631],[0.15017,51.59652],[0.15017,51.59673],[0.14983,51.59705],[0.14812,51.59641],[0.14812,51.59673],[0.14761,51.59684],[0.14812,51.59832],[0.14812,51.59896],[0.14829,51.59906],[0.14864,51.60044],[0.14881,51.60055],[0.14881,51.60108],[0.14898,51.60118],[0.14915,51.60214],[0.14949,51.60267],[0.14898,51.60373],[0.14881,51.60373],[0.14864,51.60405],[0.14846,51.60627],[0.14864,51.60638],[0.14864,51.60691],[0.14881,51.60691],[0.14881,51.60829],[0.14864,51.60829],[0.14864,51.60903],[0.14846,51.60913],[0.14846,51.60945],[0.14829,51.60945],[0.14829,51.60977],[0.14778,51.61062],[0.14778,51.61168],[0.14761,51.61178],[0.14761,51.61221],[0.14659,51.61369],[0.14642,51.61369],[0.14573,51.61443],[0.14539,51.61454],[0.14539,51.61496],[0.14522,51.61496],[0.14505,51.61581],[0.14488,51.61581],[0.14488,51.61613],[0.14471,51.61613],[0.14437,51.61687],[0.14403,51.61698],[0.14334,51.61782],[0.14334,51.61804],[0.14317,51.61804],[0.14283,51.61846],[0.14283,51.61867],[0.14215,51.6192],[0.14095,51.62069],[0.1401,51.62122],[0.13822,51.62333],[0.13822,51.62355],[0.14881,51.62323],[0.15597,51.62333],[0.16246,51.62259],[0.1628,51.6228],[0.16553,51.62249],[0.16843,51.62175],[0.16895,51.62143],[0.17526,51.62355],[0.18021,51.62439],[0.18038,51.6245],[0.18055,51.62577],[0.18089,51.62556],[0.18106,51.62577],[0.18175,51.62588],[0.18277,51.62577],[0.18311,51.62545],[0.18362,51.62545],[0.18584,51.62439],[0.18618,51.6245],[0.18618,51.62514],[0.18601,51.62556],[0.1884,51.62545],[0.18875,51.62482],[0.18943,51.6245],[0.18977,51.62514],[0.19079,51.62514],[0.19216,51.62545],[0.19472,51.62567],[0.19694,51.62556],[0.20035,51.62492],[0.20359,51.62514],[0.20581,51.62567],[0.20684,51.6263],[0.20837,51.62673],[0.21093,51.62673],[0.2123,51.62694],[0.21213,51.62715],[0.2123,51.62726],[0.21435,51.62778],[0.21605,51.62842],[0.21674,51.62884],[0.21981,51.62969],[0.22203,51.63012],[0.22288,51.63065],[0.22408,51.63171],[0.22749,51.62959],[0.2292,51.62895],[0.22971,51.62853],[0.2321,51.62726]]]]}},{"type":"Feature","properties":{"code":"E09000017","name":"Hillingdon"},"geometry":{"type":"MultiPolygon","coordinates":[[[[-0.49533,51.63107],[-0.49516,51.63118],[-0.49414,51.63107],[-0.49345,51.63054],[-0.49328,51.63065],[-0.49209,51.63054],[-0.49158,51.63075],[-0.4897,51.62853],[-0.4897,51.62831],[-0.48919,51.6281],[-0.48919,51.62768],[-0.48885,51.62757],[-0.48885,51.62736],[-0.48765,51.62662],[-0.48714,51.62651],[-0.48646,51.62609],[-0.48611,51.62609],[-0.4856,51.62567],[-0.48526,51.62567],[-0.48355,51.62461],[-0.48304,51.62461],[-0.48304,51.6245],[-0.48219,51.62429],[-0.48116,51.62365],[-0.48014,51.62333],[-0.47878,51.62249],[-0.4769,51.62206],[-0.47587,51.62132],[-0.4757,51.621],[-0.474,51.62005],[-0.47365,51.61963],[-0.47246,51.61888],[-0.47075,51.61814],[-0.47058,51.61782],[-0.47024,51.61772],[-0.46973,51.61719],[-0.46888,51.61666],[-0.46734,51.61613],[-0.467,51.61581],[-0.46649,51.6157],[-0.4658,51.61528],[-0.46546,51.61528],[-0.46529,51.61507],[-0.46427,51.61475],[-0.46427,51.61464],[-0.46256,51.61412],[-0.46256,51.61401],[-0.46239,51.61412],[-0.46205,51.6139],[-0.46068,51.61359],[-0.46051,51.61337],[-0.4571,51.61231],[-0.45488,51.61284],[-0.45386,51.61337],[-0.44891,51.61528],[-0.44805,51.61592],[-0.44788,51.61655],[-0.44635,51.61899],[-0.44566,51.61963],[-0.44515,51.61973],[-0.44276,51.61952],[-0.44071,51.62005],[-0.43815,51.61994],[-0.43798,51.61973],[-0.43628,51.61941],[-0.43611,51.6192],[-0.43286,51.61835],[-0.43133,51.61814],[-0.43116,51.61825],[-0.4286,51.61782],[-0.42655,51.61698],[-0.4245,51.61687],[-0.42091,51.61698],[-0.41665,51.61645],[-0.41545,51.61602],[-0.41119,51.6138],[-0.40726,51.61359],[-0.40402,51.61316],[-0.40402,51.61263],[-0.40333,51.61062],[-0.40351,51.61009],[-0.40333,51.60998],[-0.40333,51.60935],[-0.40316,51.60892],[-0.40282,51.6085],[-0.40265,51.6085],[-0.40265,51.60829],[-0.40248,51.60829],[-0.40248,51.60765],[-0.4018,51.60659],[-0.40231,51.60617],[-0.40231,51.60564],[-0.40248,51.60542],[-0.40248,51.60246],[-0.40214,51.6015],[-0.40197,51.6014],[-0.40197,51.60108],[-0.40163,51.60065],[-0.40163,51.60023],[-0.40129,51.59959],[-0.40112,51.59959],[-0.39992,51.59821],[-0.40026,51.59768],[-0.40026,51.59737],[-0.3977,51.59705],[-0.3977,51.59652],[-0.39651,51.59525],[-0.39651,51.59387],[-0.39634,51.59376],[-0.39634,51.59334],[-0.396,51.59302],[-0.39548,51.59185],[-0.39548,51.591],[-0.39565,51.59069],[-0.39548,51.59026],[-0.39429,51.59037],[-0.39361,51.58963],[-0.39361,51.58941],[-0.3919,51.58825],[-0.3919,51.58719],[-0.39173,51.58708],[-0.39173,51.58666],[-0.39156,51.58644],[-0.39156,51.58549],[-0.39139,51.58538],[-0.39156,51.58485],[-0.39139,51.58475],[-0.39139,51.58401],[-0.39122,51.58411],[-0.39105,51.58337],[-0.39105,51.58305],[-0.39122,51.58305],[-0.39105,51.58263],[-0.39105,51.58167],[-0.39156,51.58157],[-0.38968,51.57891],[-0.38883,51.57785],[-0.38849,51.57764],[-0.38849,51.57722],[-0.38831,51.57711],[-0.38797,51.57573],[-0.3878,51.57563],[-0.3878,51.57541],[-0.38746,51.57531],[-0.38746,51.5752],[-0.3878,51.5752],[-0.38797,51.57488],[-0.38746,51.57435],[-0.38729,51.57435],[-0.38678,51.5734],[-0.38558,51.57213],[-0.38644,51.5716],[-0.38473,51.56958],[-0.38456,51.56905],[-0.38422,51.56884],[-0.38422,51.56862],[-0.38319,51.56693],[-0.38319,51.56661],[-0.38268,51.56587],[-0.38268,51.56544],[-0.38251,51.56544],[-0.38251,51.56512],[-0.38234,51.56502],[-0.38234,51.56396],[-0.38251,51.56385],[-0.38234,51.56374],[-0.38234,51.56343],[-0.38217,51.56343],[-0.38217,51.56321],[-0.38183,51.56311],[-0.38234,51.5629],[-0.38046,51.56099],[-0.38029,51.56067],[-0.38029,51.56014],[-0.38046,51.55992],[-0.38029,51.55992],[-0.38046,51.55971],[-0.38012,51.55971],[-0.37995,51.5595],[-0.38029,51.55908],[-0.37927,51.5578],[-0.37876,51.55642],[-0.3779,51.55526],[-0.3779,51.55494],[-0.37773,51.55494],[-0.37773,51.55462],[-0.38046,51.55356],[-0.38524,51.55112],[-0.38746,51.55059],[-0.38746,51.55048],[-0.38814,51.55037],[-0.38866,51.55006],[-0.38917,51.55016],[-0.38985,51.54984],[-0.39429,51.54857],[-0.39497,51.54868],[-0.39514,51.54836],[-0.39497,51.54772],[-0.3948,51.54761],[-0.39873,51.54793],[-0.39856,51.54761],[-0.39838,51.54761],[-0.39838,51.54698],[-0.39787,51.5457],[-0.39736,51.5457],[-0.39685,51.54592],[-0.39634,51.54581],[-0.39582,51.54475],[-0.39582,51.54422],[-0.39565,51.54422],[-0.39548,51.5439],[-0.39531,51.54252],[-0.39719,51.54231],[-0.4006,51.54252],[-0.40504,51.54252],[-0.40794,51.54199],[-0.40794,51.54178],[-0.40845,51.54167],[-0.41494,51.54061],[-0.41494,51.5405],[-0.41579,51.5404],[-0.41614,51.54018],[-0.41835,51.54008],[-0.41887,51.54018],[-0.41904,51.5404],[-0.41955,51.54029],[-0.41955,51.53997],[-0.41818,51.53923],[-0.41853,51.53891],[-0.41955,51.5387],[-0.41938,51.53817],[-0.41887,51.53817],[-0.41733,51.53774],[-0.41767,51.53721],[-0.41767,51.53679],[-0.41733,51.53657],[-0.41528,51.53657],[-0.41511,51.53615],[-0.41477,51.53594],[-0.41392,51.53583],[-0.41375,51.53572],[-0.41375,51.5353],[-0.41358,51.5353],[-0.41358,51.53477],[-0.41323,51.53456],[-0.41238,51.53456],[-0.41204,51.53445],[-0.41187,51.53413],[-0.41119,51.53424],[-0.40999,51.53413],[-0.4047,51.53307],[-0.40265,51.53296],[-0.39634,51.5319],[-0.39531,51.5319],[-0.39258,51.53148],[-0.39156,51.53116],[-0.38934,51.53084],[-0.38934,51.53052],[-0.389,51.53052],[-0.38712,51.52957],[-0.38661,51.5302],[-0.38661,51.53042],[-0.38593,51.53042],[-0.38593,51.53031],[-0.38541,51.53031],[-0.38473,51.52999],[-0.38098,51.52946],[-0.38098,51.52935],[-0.37637,51.52893],[-0.3762,51.52882],[-0.3762,51.52649],[-0.37603,51.52649],[-0.37603,51.52574],[-0.37586,51.52574],[-0.37586,51.52553],[-0.37603,51.52543],[-0.37603,51.525],[-0.3762,51.525],[-0.3762,51.52479],[-0.37705,51.52426],[-0.37705,51.52404],[-0.37722,51.52404],[-0.37756,51.52341],[-0.37773,51.52341],[-0.3779,51.52288],[-0.37807,51.52288],[-0.37978,51.52065],[-0.38012,51.52054],[-0.38012,51.52033],[-0.38029,51.52033],[-0.3808,51.51969],[-0.38098,51.51969],[-0.38217,51.5182],[-0.38337,51.51757],[-0.38456,51.5165],[-0.38849,51.51502],[-0.38985,51.51417],[-0.38985,51.51396],[-0.39002,51.51396],[-0.39053,51.51311],[-0.39053,51.51279],[-0.39087,51.51236],[-0.39275,51.5079],[-0.39326,51.50716],[-0.39412,51.50663],[-0.39497,51.50641],[-0.40009,51.50429],[-0.40299,51.50354],[-0.40385,51.50301],[-0.40385,51.5028],[-0.40419,51.50269],[-0.4047,51.50195],[-0.40504,51.50174],[-0.40504,51.50153],[-0.40521,51.50153],[-0.40692,51.49961],[-0.40914,51.50036],[-0.40965,51.50004],[-0.40999,51.49919],[-0.4105,51.49855],[-0.4105,51.49823],[-0.41067,51.49823],[-0.41084,51.49791],[-0.41084,51.49706],[-0.41067,51.49696],[-0.4105,51.49611],[-0.41067,51.49579],[-0.41102,51.49568],[-0.41102,51.49547],[-0.41136,51.49515],[-0.41136,51.49483],[-0.41153,51.49473],[-0.4117,51.49281],[-0.41187,51.4926],[-0.41187,51.49196],[-0.41255,51.48909],[-0.41255,51.48856],[-0.41289,51.48835],[-0.41306,51.48771],[-0.4134,51.4875],[-0.41323,51.48718],[-0.41392,51.48729],[-0.41409,51.48718],[-0.41409,51.48686],[-0.41443,51.48665],[-0.41443,51.48644],[-0.4146,51.48644],[-0.4146,51.48612],[-0.41409,51.48622],[-0.41392,51.48601],[-0.41477,51.48559],[-0.41494,51.48505],[-0.41511,51.48505],[-0.41511,51.48484],[-0.41528,51.48474],[-0.41545,51.4841],[-0.41596,51.48378],[-0.41614,51.48293],[-0.41699,51.4825],[-0.41648,51.48219],[-0.41648,51.48155],[-0.41682,51.48112],[-0.41682,51.48059],[-0.41631,51.47995],[-0.41614,51.47932],[-0.41579,51.479],[-0.41562,51.47846],[-0.41545,51.47846],[-0.41545,51.47793],[-0.41528,51.47783],[-0.41511,51.4773],[-0.41494,51.4773],[-0.41494,51.47591],[-0.41528,51.47528],[-0.41545,51.47528],[-0.41545,51.47506],[-0.41562,51.47506],[-0.41579,51.47389],[-0.41562,51.47389],[-0.41562,51.47368],[-0.4146,51.47336],[-0.41443,51.47272],[-0.41358,51.47241],[-0.41323,51.47198],[-0.41323,51.47177],[-0.41306,51.47177],[-0.41306,51.47145],[-0.41136,51.47049],[-0.41119,51.47028],[-0.41119,51.46985],[-0.41972,51.4673],[-0.42023,51.46709],[-0.42023,51.46677],[-0.42057,51.46666],[-0.42057,51.46677],[-0.42194,51.46666],[-0.42928,51.46347],[-0.43337,51.46188],[-0.43372,51.46167],[-0.43372,51.46145],[-0.43474,51.4605],[-0.43508,51.45996],[-0.43525,51.45996],[-0.43542,51.45954],[-0.43559,51.45954],[-0.43559,51.45933],[-0.43628,51.45858],[-0.43645,51.45794],[-0.43662,51.45784],[-0.43662,51.45762],[-0.43474,51.45709],[-0.43491,51.45688],[-0.43713,51.45688],[-0.43867,51.45667],[-0.4414,51.45677],[-0.44396,51.45326],[-0.44805,51.45358],[-0.45027,51.45401],[-0.45386,51.45486],[-0.45403,51.45497],[-0.45403,51.45539],[-0.45386,51.45539],[-0.45403,51.4555],[-0.45539,51.4556],[-0.45539,51.45529],[-0.45556,51.45518],[-0.45625,51.45529],[-0.45727,51.4556],[-0.45863,51.45635],[-0.45915,51.45646],[-0.45932,51.45667],[-0.46051,51.45709],[-0.46529,51.45752],[-0.467,51.45784],[-0.46888,51.45784],[-0.47092,51.45805],[-0.47383,51.45858],[-0.47604,51.46007],[-0.47656,51.4606],[-0.47621,51.4606],[-0.47587,51.46082],[-0.47656,51.46124],[-0.47741,51.46145],[-0.48646,51.46135],[-0.48833,51.46177],[-0.4897,51.46177],[-0.49021,51.4623],[-0.49209,51.46294],[-0.49277,51.46305],[-0.49379,51.46273],[-0.49397,51.46284],[-0.49397,51.46305],[-0.49414,51.46305],[-0.49431,51.46347],[-0.49482,51.46379],[-0.49482,51.46401],[-0.49516,51.46411],[-0.49516,51.46432],[-0.49533,51.46432],[-0.49601,51.46507],[-0.49687,51.4656],[-0.49687,51.46581],[-0.49755,51.46624],[-0.4984,51.46645],[-0.49857,51.46666],[-0.49977,51.46709],[-0.50369,51.46773],[-0.50625,51.46783],[-0.50677,51.46762],[-0.50728,51.46698],[-0.50779,51.46698],[-0.50899,51.46709],[-0.5095,51.46741],[-0.51018,51.46751],[-0.51018,51.46773],[-0.51035,51.46783],[-0.51035,51.46826],[-0.51018,51.46836],[-0.50984,51.46922],[-0.50881,51.46922],[-0.50847,51.46943],[-0.50711,51.4706],[-0.50643,51.47155],[-0.50643,51.47177],[-0.50608,51.47209],[-0.50506,51.47443],[-0.50506,51.47517],[-0.50489,51.47538],[-0.50455,51.4774],[-0.50421,51.47772],[-0.50421,51.4791],[-0.50352,51.48048],[-0.50233,51.4825],[-0.50045,51.48442],[-0.49909,51.48569],[-0.49892,51.48569],[-0.49892,51.48601],[-0.49874,51.48601],[-0.49874,51.48622],[-0.49909,51.48622],[-0.49892,51.48676],[-0.4996,51.48676],[-0.4996,51.48729],[-0.49909,51.48782],[-0.49926,51.48803],[-0.49909,51.48846],[-0.49926,51.48856],[-0.49823,51.48846],[-0.49806,51.48899],[-0.4984,51.48899],[-0.49857,51.48931],[-0.49806,51.48941],[-0.49806,51.48962],[-0.49755,51.48973],[-0.49755,51.48984],[-0.49704,51.48973],[-0.49653,51.48984],[-0.49636,51.49005],[-0.49704,51.49026],[-0.49687,51.49026],[-0.4967,51.49058],[-0.49601,51.49048],[-0.4955,51.49111],[-0.49499,51.49122],[-0.49482,51.49164],[-0.49499,51.49164],[-0.49533,51.49207],[-0.49482,51.49239],[-0.49482,51.49271],[-0.4926,51.49271],[-0.4926,51.49292],[-0.49226,51.49303],[-0.49141,51.49303],[-0.49089,51.49366],[-0.49038,51.49377],[-0.49055,51.49409],[-0.49021,51.49419],[-0.49004,51.49494],[-0.48953,51.49504],[-0.48953,51.49536],[-0.4897,51.49547],[-0.48936,51.49568],[-0.48902,51.49568],[-0.48902,51.49589],[-0.48867,51.49589],[-0.48885,51.49664],[-0.48902,51.49674],[-0.48902,51.49738],[-0.48953,51.49749],[-0.48919,51.4977],[-0.48936,51.49791],[-0.48919,51.49813],[-0.48885,51.49823],[-0.48885,51.49855],[-0.4897,51.49876],[-0.4897,51.49908],[-0.48867,51.49993],[-0.48885,51.50014],[-0.4885,51.50036],[-0.48782,51.50025],[-0.48782,51.50036],[-0.48731,51.50046],[-0.48748,51.50068],[-0.48748,51.50089],[-0.48731,51.50099],[-0.48629,51.50078],[-0.48629,51.50184],[-0.48594,51.50195],[-0.48594,51.50227],[-0.48509,51.50269],[-0.48509,51.50301],[-0.48475,51.50323],[-0.48509,51.50333],[-0.48475,51.50365],[-0.48526,51.50386],[-0.48526,51.50408],[-0.48492,51.50429],[-0.48492,51.5045],[-0.48526,51.50461],[-0.48526,51.50482],[-0.48509,51.50482],[-0.48509,51.50524],[-0.48492,51.50524],[-0.48475,51.50556],[-0.4839,51.50567],[-0.4839,51.5062],[-0.48372,51.5062],[-0.48372,51.50652],[-0.48321,51.50663],[-0.48321,51.50726],[-0.48407,51.50758],[-0.4839,51.5079],[-0.48355,51.5079],[-0.48355,51.50811],[-0.4839,51.50811],[-0.48424,51.50833],[-0.48424,51.50864],[-0.48492,51.50896],[-0.48492,51.50928],[-0.48577,51.50981],[-0.4856,51.50981],[-0.4856,51.51013],[-0.48577,51.51024],[-0.48629,51.51013],[-0.48646,51.51045],[-0.4868,51.51045],[-0.48731,51.51087],[-0.48748,51.51077],[-0.48885,51.51141],[-0.48987,51.51151],[-0.48987,51.51194],[-0.49004,51.51215],[-0.4897,51.51226],[-0.48987,51.51353],[-0.48953,51.51385],[-0.48953,51.51417],[-0.49055,51.51502],[-0.49123,51.51523],[-0.49192,51.51608],[-0.49192,51.51661],[-0.49226,51.51704],[-0.49192,51.51842],[-0.49175,51.51852],[-0.49158,51.51905],[-0.49038,51.5199],[-0.49038,51.52065],[-0.49123,51.52118],[-0.49106,51.52171],[-0.49055,51.52235],[-0.49055,51.52362],[-0.49021,51.52447],[-0.49021,51.52489],[-0.49038,51.52489],[-0.49089,51.52574],[-0.49089,51.52649],[-0.49072,51.52649],[-0.49055,51.52691],[-0.48987,51.52712],[-0.48902,51.52829],[-0.48902,51.52925],[-0.48987,51.53031],[-0.48987,51.53127],[-0.49021,51.5318],[-0.49004,51.53201],[-0.49038,51.53212],[-0.49038,51.53243],[-0.49055,51.53254],[-0.49072,51.53243],[-0.49089,51.53254],[-0.49089,51.53286],[-0.49106,51.53286],[-0.49106,51.53318],[-0.49123,51.53328],[-0.49123,51.5336],[-0.49106,51.5336],[-0.49055,51.53424],[-0.49123,51.53434],[-0.49158,51.53488],[-0.49328,51.53572],[-0.49345,51.53604],[-0.49379,51.53615],[-0.49465,51.53764],[-0.49516,51.53817],[-0.4955,51.53827],[-0.4955,51.53859],[-0.49482,51.53902],[-0.49379,51.54029],[-0.49362,51.54103],[-0.49311,51.54114],[-0.49311,51.54125],[-0.49243,51.54125],[-0.49175,51.54156],[-0.49209,51.54263],[-0.49158,51.54347],[-0.49158,51.5439],[-0.49072,51.54496],[-0.49089,51.54517],[-0.49158,51.54528],[-0.49158,51.54581],[-0.49141,51.54613],[-0.48953,51.54623],[-0.48919,51.54645],[-0.48953,51.54687],[-0.48953,51.54719],[-0.48833,51.5473],[-0.48799,51.54751],[-0.48765,51.54804],[-0.48748,51.54899],[-0.4868,51.54995],[-0.48594,51.55048],[-0.48475,51.5509],[-0.48441,51.55122],[-0.48441,51.55143],[-0.48407,51.55143],[-0.48407,51.55154],[-0.4827,51.55143],[-0.48219,51.55207],[-0.47895,51.55483],[-0.47843,51.55462],[-0.47809,51.55494],[-0.47775,51.55483],[-0.47758,51.55515],[-0.47724,51.55526],[-0.47724,51.55653],[-0.47673,51.55717],[-0.4769,51.5578],[-0.47656,51.55801],[-0.4769,51.55865],[-0.47656,51.55929],[-0.47673,51.55929],[-0.47673,51.5595],[-0.47741,51.55992],[-0.47758,51.56024],[-0.47809,51.56046],[-0.47946,51.56046],[-0.48031,51.56077],[-0.48116,51.56077],[-0.48099,51.56141],[-0.48065,51.56173],[-0.48082,51.56173],[-0.48134,51.56237],[-0.48287,51.56279],[-0.48253,51.56364],[-0.48219,51.56396],[-0.48304,51.5647],[-0.48321,51.56512],[-0.48304,51.56512],[-0.48304,51.56534],[-0.48253,51.56576],[-0.48355,51.5665],[-0.48475,51.56672],[-0.48424,51.56831],[-0.48458,51.56894],[-0.48441,51.56905],[-0.48441,51.56958],[-0.48407,51.57022],[-0.48407,51.57138],[-0.48509,51.57223],[-0.48543,51.57372],[-0.4856,51.57382],[-0.48458,51.57425],[-0.4839,51.57499],[-0.48407,51.57531],[-0.48509,51.57531],[-0.48611,51.57584],[-0.48714,51.57594],[-0.48816,51.57647],[-0.48816,51.57701],[-0.48902,51.57722],[-0.48953,51.57838],[-0.48919,51.5787],[-0.48919,51.57891],[-0.48902,51.57891],[-0.48902,51.57913],[-0.4885,51.57955],[-0.4885,51.57976],[-0.48867,51.57987],[-0.48885,51.58072],[-0.48936,51.58125],[-0.48953,51.58178],[-0.49106,51.58284],[-0.49431,51.58422],[-0.49465,51.58454],[-0.49516,51.58528],[-0.49499,51.58581],[-0.49499,51.58666],[-0.49533,51.58697],[-0.49567,51.58814],[-0.49601,51.58846],[-0.49653,51.58857],[-0.49738,51.58952],[-0.49772,51.59005],[-0.49789,51.591],[-0.49857,51.591],[-0.49892,51.59122],[-0.49874,51.59132],[-0.49857,51.59185],[-0.49943,51.59196],[-0.4996,51.59217],[-0.49943,51.5926],[-0.49874,51.59302],[-0.49857,51.59461],[-0.49874,51.59461],[-0.49943,51.59525],[-0.49943,51.59641],[-0.50062,51.59853],[-0.50045,51.59927],[-0.50062,51.59938],[-0.50062,51.60002],[-0.50079,51.60002],[-0.50079,51.60033],[-0.50028,51.60118],[-0.49977,51.6014],[-0.49909,51.6014],[-0.49806,51.60087],[-0.49721,51.60097],[-0.4967,51.60129],[-0.49653,51.60224],[-0.49618,51.60246],[-0.49704,51.60299],[-0.49704,51.6032],[-0.49721,51.6033],[-0.49738,51.60415],[-0.49738,51.60458],[-0.49721,51.60479],[-0.49789,51.60595],[-0.49806,51.60712],[-0.49857,51.60786],[-0.49857,51.60839],[-0.49909,51.6086],[-0.49926,51.60903],[-0.4984,51.60935],[-0.4984,51.60966],[-0.49892,51.61009],[-0.49874,51.61062],[-0.49874,51.61083],[-0.49892,51.61083],[-0.49892,51.61125],[-0.4984,51.61157],[-0.4984,51.61178],[-0.49857,51.61178],[-0.49857,51.61221],[-0.4984,51.61221],[-0.4984,51.61253],[-0.49789,51.61316],[-0.49789,51.61412],[-0.49772,51.61422],[-0.49772,51.61464],[-0.49704,51.61486],[-0.4967,51.61592],[-0.49618,51.61676],[-0.49601,51.61676],[-0.49601,51.61751],[-0.4955,51.61814],[-0.49533,51.61899],[-0.4955,51.61931],[-0.49584,51.61941],[-0.49584,51.61963],[-0.4967,51.62005],[-0.49687,51.62058],[-0.49909,51.621],[-0.4996,51.62132],[-0.4996,51.62153],[-0.49977,51.62153],[-0.50011,51.62196],[-0.50011,51.62259],[-0.49994,51.6227],[-0.50011,51.62302],[-0.50011,51.62365],[-0.49977,51.62408],[-0.49823,51.62482],[-0.4984,51.62524],[-0.49806,51.62535],[-0.49772,51.62588],[-0.49772,51.62651],[-0.49755,51.62662],[-0.49772,51.62694],[-0.49926,51.62778],[-0.49943,51.6281],[-0.50011,51.62853],[-0.50028,51.62895],[-0.49977,51.62927],[-0.4996,51.62959],[-0.4996,51.63022],[-0.49721,51.63171],[-0.49653,51.63181],[-0.49601,51.63171],[-0.49567,51.63118],[-0.49533,51.63118],[-0.49533,51.63107]]]]}},{"type":"Feature","properties":{"code":"E09000018","name":"Hounslow"},"geometry":{"type":"MultiPolygon","coordinates":[[[[-0.28027,51.50248],[-0.27942,51.50174],[-0.27925,51.50131],[-0.27908,51.50131],[-0.27908,51.50099],[-0.27857,51.50036],[-0.27857,51.50014],[-0.2784,51.50014],[-0.27737,51.49898],[-0.27686,51.49876],[-0.27635,51.49823],[-0.2743,51.49738],[-0.27276,51.49653],[-0.27225,51.49589],[-0.27208,51.49536],[-0.27089,51.49451],[-0.26901,51.49398],[-0.26764,51.49388],[-0.26389,51.4943],[-0.26389,51.49441],[-0.26184,51.49451],[-0.26184,51.49462],[-0.2574,51.49494],[-0.25536,51.49494],[-0.25536,51.49568],[-0.25553,51.49579],[-0.25553,51.49611],[-0.25536,51.49621],[-0.25553,51.49621],[-0.25501,51.49632],[-0.25501,51.49696],[-0.25484,51.49706],[-0.25484,51.49728],[-0.25467,51.49728],[-0.25433,51.49791],[-0.25416,51.49791],[-0.25416,51.49813],[-0.25399,51.49813],[-0.25382,51.49855],[-0.25331,51.49898],[-0.25297,51.49972],[-0.25279,51.49972],[-0.25279,51.50046],[-0.25297,51.50057],[-0.25297,51.50131],[-0.25314,51.50142],[-0.25279,51.50131],[-0.25228,51.50068],[-0.25194,51.50057],[-0.25194,51.50036],[-0.25126,51.49983],[-0.25109,51.49951],[-0.25092,51.49951],[-0.25109,51.4994],[-0.25075,51.49919],[-0.25075,51.49898],[-0.25058,51.49898],[-0.25006,51.49791],[-0.24989,51.49791],[-0.24972,51.49749],[-0.24921,51.49696],[-0.24546,51.49834],[-0.24511,51.49823],[-0.24494,51.49791],[-0.24443,51.49791],[-0.24443,51.4977],[-0.24477,51.49738],[-0.24477,51.49706],[-0.2446,51.49696],[-0.24477,51.49611],[-0.24443,51.49611],[-0.2446,51.496],[-0.2446,51.49558],[-0.24477,51.49558],[-0.24477,51.49515],[-0.24494,51.49504],[-0.24511,51.49324],[-0.24528,51.49313],[-0.24528,51.49271],[-0.24546,51.49271],[-0.24546,51.49101],[-0.24563,51.4909],[-0.24563,51.49005],[-0.24528,51.48962],[-0.24528,51.48931],[-0.24494,51.48899],[-0.24477,51.48909],[-0.24477,51.48888],[-0.24341,51.48792],[-0.24511,51.48676],[-0.24836,51.48516],[-0.24955,51.48389],[-0.25023,51.48272],[-0.25023,51.48219],[-0.25041,51.48208],[-0.25041,51.48017],[-0.25023,51.47985],[-0.25041,51.47985],[-0.25041,51.47825],[-0.25058,51.47804],[-0.25058,51.4774],[-0.25075,51.4774],[-0.25075,51.47698],[-0.2516,51.47559],[-0.25177,51.47474],[-0.25194,51.47474],[-0.25245,51.47421],[-0.25245,51.474],[-0.25262,51.474],[-0.25297,51.47347],[-0.25399,51.47262],[-0.25621,51.47155],[-0.25809,51.47102],[-0.25962,51.47081],[-0.26372,51.47092],[-0.26543,51.47124],[-0.26713,51.47177],[-0.26935,51.47272],[-0.27089,51.47368],[-0.27242,51.47506],[-0.27447,51.47751],[-0.27464,51.47804],[-0.27515,51.47878],[-0.27532,51.47942],[-0.2755,51.47942],[-0.2755,51.47985],[-0.27567,51.47985],[-0.27567,51.48017],[-0.27584,51.48027],[-0.27584,51.48048],[-0.27601,51.48048],[-0.27601,51.4808],[-0.27635,51.48144],[-0.2772,51.48219],[-0.2772,51.4824],[-0.27925,51.48389],[-0.27976,51.4842],[-0.28062,51.48431],[-0.28062,51.48442],[-0.28096,51.48442],[-0.28113,51.48463],[-0.28181,51.48484],[-0.28232,51.48516],[-0.28266,51.4858],[-0.28437,51.48644],[-0.28693,51.48697],[-0.2883,51.48697],[-0.28983,51.48739],[-0.29222,51.48729],[-0.29598,51.48612],[-0.29717,51.48548],[-0.29734,51.48505],[-0.29751,51.48505],[-0.29751,51.48484],[-0.29768,51.48474],[-0.29768,51.48452],[-0.29785,51.48452],[-0.29803,51.4841],[-0.29837,51.48389],[-0.29837,51.48367],[-0.29939,51.4825],[-0.30093,51.48112],[-0.3028,51.47995],[-0.30297,51.47963],[-0.30383,51.479],[-0.30434,51.47836],[-0.30451,51.47836],[-0.30451,51.47815],[-0.30468,51.47815],[-0.30468,51.47793],[-0.30485,51.47793],[-0.30485,51.47772],[-0.30519,51.4774],[-0.30536,51.47687],[-0.30553,51.47687],[-0.30622,51.47602],[-0.30775,51.47506],[-0.31083,51.47368],[-0.31407,51.47251],[-0.31748,51.47155],[-0.31885,51.47081],[-0.31885,51.47049],[-0.31902,51.47039],[-0.31919,51.46964],[-0.3197,51.46868],[-0.31987,51.46698],[-0.32004,51.46698],[-0.32021,51.46624],[-0.32038,51.46624],[-0.32038,51.46592],[-0.32055,51.46592],[-0.32073,51.46539],[-0.32329,51.46539],[-0.3238,51.46518],[-0.32482,51.46422],[-0.32499,51.46422],[-0.32533,51.46358],[-0.3255,51.46358],[-0.3255,51.46326],[-0.32568,51.46326],[-0.32568,51.46294],[-0.32602,51.46273],[-0.32602,51.46241],[-0.32619,51.46241],[-0.32636,51.46199],[-0.3267,51.46177],[-0.32687,51.46113],[-0.32636,51.46092],[-0.3267,51.45986],[-0.32619,51.45986],[-0.32653,51.45922],[-0.32602,51.4589],[-0.32619,51.45858],[-0.32568,51.45837],[-0.32568,51.45816],[-0.3255,51.45805],[-0.32619,51.45784],[-0.32653,51.45752],[-0.32653,51.45731],[-0.32687,51.4572],[-0.32687,51.45699],[-0.32738,51.45699],[-0.32755,51.45741],[-0.32824,51.45773],[-0.32841,51.45805],[-0.33045,51.45794],[-0.33148,51.45731],[-0.33165,51.45688],[-0.33199,51.45677],[-0.33199,51.45656],[-0.3325,51.45624],[-0.3325,51.45571],[-0.33319,51.45529],[-0.3337,51.45529],[-0.3337,51.4555],[-0.33626,51.45571],[-0.3366,51.45539],[-0.3366,51.45518],[-0.33677,51.45518],[-0.33694,51.45465],[-0.33762,51.45486],[-0.33762,51.45507],[-0.33779,51.45507],[-0.33779,51.45529],[-0.33796,51.45539],[-0.33779,51.4555],[-0.33848,51.45614],[-0.33899,51.45592],[-0.34035,51.45688],[-0.34052,51.4572],[-0.3407,51.4572],[-0.3407,51.45826],[-0.34052,51.45826],[-0.34052,51.45858],[-0.34018,51.4589],[-0.34018,51.45922],[-0.34172,51.45901],[-0.34274,51.45805],[-0.34513,51.45794],[-0.34547,51.45784],[-0.34564,51.45741],[-0.34599,51.4572],[-0.34667,51.4572],[-0.34786,51.45688],[-0.34786,51.45677],[-0.35281,51.45688],[-0.35281,51.45752],[-0.35315,51.45773],[-0.35315,51.45794],[-0.35333,51.45794],[-0.35333,51.45816],[-0.35486,51.45837],[-0.35964,51.45826],[-0.36135,51.45805],[-0.36135,51.45794],[-0.36271,51.45773],[-0.36271,51.45762],[-0.36442,51.45762],[-0.36442,51.45773],[-0.3651,51.45784],[-0.36783,51.45741],[-0.36835,51.45688],[-0.37159,51.4572],[-0.37244,51.4572],[-0.37261,51.45699],[-0.37295,51.45731],[-0.37295,51.45752],[-0.37517,51.45635],[-0.3762,51.45539],[-0.38371,51.44954],[-0.38439,51.44986],[-0.3849,51.44986],[-0.3878,51.44944],[-0.3878,51.44933],[-0.38746,51.44933],[-0.38729,51.4489],[-0.38627,51.44827],[-0.38627,51.44773],[-0.38644,51.44773],[-0.38627,51.44667],[-0.38388,51.44571],[-0.38319,51.44518],[-0.382,51.44486],[-0.38029,51.44465],[-0.38012,51.44444],[-0.37961,51.44433],[-0.37978,51.44422],[-0.37978,51.4439],[-0.37961,51.4438],[-0.37961,51.44305],[-0.37927,51.44284],[-0.37807,51.44241],[-0.37705,51.44241],[-0.37654,51.44295],[-0.37398,51.44295],[-0.37347,51.44327],[-0.37364,51.44327],[-0.37364,51.44348],[-0.37329,51.44369],[-0.37278,51.44369],[-0.37227,51.44337],[-0.37056,51.44305],[-0.36937,51.44231],[-0.36886,51.44231],[-0.36886,51.4422],[-0.36681,51.44167],[-0.36988,51.44018],[-0.37756,51.43699],[-0.3779,51.43678],[-0.37773,51.43667],[-0.3779,51.43624],[-0.3762,51.43561],[-0.3762,51.43539],[-0.37739,51.43507],[-0.3791,51.43433],[-0.37927,51.43412],[-0.38268,51.43252],[-0.38456,51.43135],[-0.38524,51.43071],[-0.38678,51.42975],[-0.38746,51.42901],[-0.3878,51.4289],[-0.38797,51.42858],[-0.38729,51.42848],[-0.38712,51.42816],[-0.38797,51.42784],[-0.38831,51.42805],[-0.38831,51.42794],[-0.38763,51.42709],[-0.38746,51.42709],[-0.38729,51.42667],[-0.38712,51.42667],[-0.38712,51.42645],[-0.38661,51.42582],[-0.38627,51.4256],[-0.38575,51.42454],[-0.38558,51.42454],[-0.38558,51.42433],[-0.38524,51.42411],[-0.38507,51.42369],[-0.3849,51.42369],[-0.3849,51.42347],[-0.38456,51.42326],[-0.38422,51.42273],[-0.38405,51.42273],[-0.38405,51.42241],[-0.38422,51.42241],[-0.38422,51.4222],[-0.38507,51.42103],[-0.38524,51.42103],[-0.38524,51.42071],[-0.38934,51.4223],[-0.39105,51.42315],[-0.39275,51.42347],[-0.39292,51.42326],[-0.39207,51.42305],[-0.39156,51.42252],[-0.39139,51.42252],[-0.39139,51.4223],[-0.39344,51.42305],[-0.39497,51.42337],[-0.39753,51.42358],[-0.40077,51.42347],[-0.40231,51.42326],[-0.40538,51.42252],[-0.40589,51.42262],[-0.40845,51.42379],[-0.40845,51.42411],[-0.4088,51.42443],[-0.4088,51.42507],[-0.40897,51.4255],[-0.41016,51.42624],[-0.41084,51.42731],[-0.4117,51.42773],[-0.41306,51.42784],[-0.41238,51.4288],[-0.41443,51.42933],[-0.41375,51.43007],[-0.41596,51.43071],[-0.41631,51.4306],[-0.41784,51.43103],[-0.41784,51.43124],[-0.41733,51.43188],[-0.41767,51.43199],[-0.41835,51.43188],[-0.41887,51.43231],[-0.42109,51.4322],[-0.42245,51.43177],[-0.42365,51.43114],[-0.42347,51.43092],[-0.4274,51.43082],[-0.42757,51.43071],[-0.42791,51.42922],[-0.42945,51.42943],[-0.42945,51.4288],[-0.43372,51.42911],[-0.44003,51.4306],[-0.44003,51.43252],[-0.4402,51.43284],[-0.43969,51.43465],[-0.44771,51.43497],[-0.44635,51.43997],[-0.44959,51.43922],[-0.45642,51.43805],[-0.45642,51.43869],[-0.45607,51.43975],[-0.45573,51.44018],[-0.4559,51.44061],[-0.45539,51.4422],[-0.45744,51.44295],[-0.45727,51.44422],[-0.45744,51.44699],[-0.45761,51.4472],[-0.45744,51.44912],[-0.45795,51.44922],[-0.46154,51.44901],[-0.46137,51.45029],[-0.46137,51.45241],[-0.45983,51.4522],[-0.45932,51.45273],[-0.45898,51.4539],[-0.45881,51.45635],[-0.45727,51.4556],[-0.45573,51.45518],[-0.45539,51.45529],[-0.45539,51.4556],[-0.45403,51.4555],[-0.45386,51.45539],[-0.45403,51.45539],[-0.45403,51.45497],[-0.45386,51.45486],[-0.44976,51.4539],[-0.44805,51.45358],[-0.44396,51.45326],[-0.4414,51.45677],[-0.43867,51.45667],[-0.43713,51.45688],[-0.43491,51.45688],[-0.43474,51.45709],[-0.43662,51.45762],[-0.43662,51.45784],[-0.43645,51.45794],[-0.43628,51.45858],[-0.43559,51.45933],[-0.43559,51.45954],[-0.43542,51.45954],[-0.43525,51.45996],[-0.43508,51.45996],[-0.43474,51.4605],[-0.43372,51.46145],[-0.43372,51.46167],[-0.43337,51.46188],[-0.42928,51.46347],[-0.42194,51.46666],[-0.42143,51.46677],[-0.42057,51.46677],[-0.42057,51.46666],[-0.42023,51.46677],[-0.42023,51.46709],[-0.41972,51.4673],[-0.41119,51.46985],[-0.41119,51.47028],[-0.41136,51.47049],[-0.41306,51.47145],[-0.41306,51.47177],[-0.41323,51.47177],[-0.41323,51.47198],[-0.41358,51.47241],[-0.41443,51.47272],[-0.4146,51.47336],[-0.41562,51.47368],[-0.41562,51.47389],[-0.41579,51.47389],[-0.41562,51.47506],[-0.41545,51.47506],[-0.41545,51.47528],[-0.41528,51.47528],[-0.41494,51.47591],[-0.41494,51.4773],[-0.41511,51.4773],[-0.41528,51.47783],[-0.41545,51.47793],[-0.41545,51.47846],[-0.41562,51.47846],[-0.41579,51.479],[-0.41614,51.47932],[-0.41631,51.47995],[-0.41682,51.48059],[-0.41682,51.48112],[-0.41648,51.48155],[-0.41648,51.48219],[-0.41699,51.4825],[-0.41614,51.48293],[-0.41596,51.48378],[-0.41545,51.4841],[-0.41528,51.48474],[-0.41511,51.48484],[-0.41511,51.48505],[-0.41494,51.48505],[-0.41477,51.48559],[-0.41392,51.48601],[-0.41409,51.48622],[-0.4146,51.48612],[-0.4146,51.48644],[-0.41443,51.48644],[-0.41443,51.48665],[-0.41409,51.48686],[-0.41409,51.48718],[-0.41392,51.48729],[-0.41323,51.48718],[-0.4134,51.4875],[-0.41306,51.48771],[-0.41289,51.48835],[-0.41255,51.48856],[-0.41255,51.48909],[-0.41187,51.49196],[-0.41187,51.4926],[-0.4117,51.49281],[-0.41153,51.49473],[-0.41136,51.49483],[-0.41136,51.49515],[-0.41102,51.49547],[-0.41102,51.49568],[-0.41067,51.49579],[-0.4105,51.49611],[-0.41067,51.49696],[-0.41084,51.49706],[-0.41084,51.49791],[-0.41067,51.49823],[-0.4105,51.49823],[-0.4105,51.49855],[-0.40999,51.49919],[-0.40965,51.50004],[-0.40948,51.50004],[-0.40931,51.50036],[-0.4076,51.49993],[-0.40692,51.49961],[-0.40624,51.49961],[-0.40589,51.4994],[-0.4018,51.49844],[-0.40026,51.49791],[-0.39531,51.49674],[-0.39224,51.49579],[-0.38849,51.49494],[-0.38627,51.49462],[-0.38456,51.49462],[-0.38456,51.49473],[-0.38268,51.49494],[-0.38234,51.49515],[-0.38183,51.49515],[-0.38183,51.49526],[-0.38029,51.49568],[-0.3779,51.49664],[-0.3779,51.49653],[-0.37756,51.49653],[-0.37773,51.49643],[-0.37773,51.49579],[-0.3779,51.49547],[-0.37722,51.49526],[-0.37586,51.49536],[-0.37551,51.49451],[-0.375,51.49398],[-0.37466,51.49324],[-0.37449,51.49324],[-0.37449,51.49292],[-0.37415,51.4926],[-0.37415,51.49239],[-0.37398,51.49239],[-0.37381,51.49186],[-0.37347,51.49186],[-0.37329,51.49154],[-0.37261,51.49122],[-0.37261,51.49101],[-0.37176,51.4909],[-0.37176,51.49048],[-0.36783,51.49175],[-0.36835,51.49228],[-0.36698,51.49271],[-0.36698,51.49292],[-0.36647,51.49313],[-0.3663,51.49345],[-0.36561,51.49356],[-0.36527,51.49334],[-0.36476,51.49398],[-0.36374,51.49462],[-0.36357,51.49547],[-0.36322,51.49558],[-0.36322,51.49579],[-0.36305,51.49589],[-0.36203,51.496],[-0.36203,51.49611],[-0.36169,51.49611],[-0.36169,51.49632],[-0.36084,51.49653],[-0.36084,51.49664],[-0.35998,51.49674],[-0.35981,51.49696],[-0.35947,51.49696],[-0.3581,51.49781],[-0.35691,51.49781],[-0.35606,51.49802],[-0.35606,51.49813],[-0.35452,51.49823],[-0.35418,51.49844],[-0.35367,51.49844],[-0.35111,51.49908],[-0.34957,51.49898],[-0.34735,51.49791],[-0.34223,51.49611],[-0.34223,51.496],[-0.33967,51.49621],[-0.3354,51.49621],[-0.33267,51.49589],[-0.33233,51.49568],[-0.33097,51.49547],[-0.32994,51.49504],[-0.32738,51.496],[-0.32721,51.496],[-0.32619,51.49504],[-0.32448,51.496],[-0.32397,51.49568],[-0.32346,51.49589],[-0.32294,51.49579],[-0.32055,51.49494],[-0.31919,51.49419],[-0.31578,51.49589],[-0.31526,51.49558],[-0.31578,51.49536],[-0.31561,51.49515],[-0.31441,51.49441],[-0.31509,51.49398],[-0.31441,51.49345],[-0.3139,51.49356],[-0.31304,51.49281],[-0.31253,51.4926],[-0.31202,51.49196],[-0.31185,51.49196],[-0.30929,51.49324],[-0.30878,51.49334],[-0.30861,51.49356],[-0.30536,51.49451],[-0.30588,51.49536],[-0.30588,51.49621],[-0.30417,51.49568],[-0.3028,51.49558],[-0.3028,51.49547],[-0.30144,51.49526],[-0.30127,51.49451],[-0.3011,51.49441],[-0.29751,51.49483],[-0.29803,51.49547],[-0.29803,51.49568],[-0.29854,51.496],[-0.29871,51.49643],[-0.29888,51.49643],[-0.29888,51.49664],[-0.29939,51.49717],[-0.29939,51.49738],[-0.29956,51.49738],[-0.29956,51.49759],[-0.30007,51.49791],[-0.30007,51.49834],[-0.30041,51.49876],[-0.30059,51.49876],[-0.30059,51.4994],[-0.30007,51.49961],[-0.29871,51.49993],[-0.29871,51.50004],[-0.29837,51.50004],[-0.29683,51.50057],[-0.29683,51.50068],[-0.29649,51.50068],[-0.29376,51.50163],[-0.29205,51.50153],[-0.28915,51.50089],[-0.28847,51.50089],[-0.28847,51.50078],[-0.28608,51.50068],[-0.28386,51.50131],[-0.28096,51.5028],[-0.28027,51.50248]]]]}},{"type":"Feature","properties":{"code":"E09000019","name":"Islington"},"geometry":{"type":"MultiPolygon","coordinates":[[[[-0.11932,51.5751],[-0.11881,51.57478],[-0.11949,51.57435],[-0.11745,51.57414],[-0.1171,51.57372],[-0.11676,51.57361],[-0.11659,51.57329],[-0.11591,51.57297],[-0.11557,51.57255],[-0.11608,51.57223],[-0.1154,51.57191],[-0.1154,51.5717],[-0.11557,51.5716],[-0.11506,51.57138],[-0.11523,51.57138],[-0.11506,51.57117],[-0.11506,51.57085],[-0.11523,51.57075],[-0.11506,51.57053],[-0.11284,51.56969],[-0.11045,51.56852],[-0.10806,51.56703],[-0.1072,51.56618],[-0.10686,51.56608],[-0.10499,51.5647],[-0.10482,51.56459],[-0.10464,51.56481],[-0.1043,51.56481],[-0.10447,51.5647],[-0.10106,51.56268],[-0.0985,51.56077],[-0.0985,51.56088],[-0.09577,51.5612],[-0.0944,51.56088],[-0.09355,51.56046],[-0.0927,51.56046],[-0.0927,51.56035],[-0.0915,51.56014],[-0.09133,51.55961],[-0.09116,51.55961],[-0.09116,51.55939],[-0.09065,51.55876],[-0.09065,51.55844],[-0.09031,51.55801],[-0.09031,51.5577],[-0.09048,51.5577],[-0.09031,51.55748],[-0.09031,51.55419],[-0.0898,51.55409],[-0.08945,51.55377],[-0.08894,51.55377],[-0.0886,51.55398],[-0.08758,51.55281],[-0.08621,51.5525],[-0.08536,51.55207],[-0.08382,51.55218],[-0.08143,51.55207],[-0.08024,51.55197],[-0.08024,51.55186],[-0.07973,51.55186],[-0.07973,51.55175],[-0.07921,51.55165],[-0.07921,51.55143],[-0.0787,51.55112],[-0.07819,51.55006],[-0.07682,51.54846],[-0.07665,51.54783],[-0.07648,51.54783],[-0.07648,51.5474],[-0.07631,51.5473],[-0.07631,51.54634],[-0.07665,51.54602],[-0.07921,51.54634],[-0.08382,51.54655],[-0.08365,51.54623],[-0.08365,51.54496],[-0.08382,51.54432],[-0.08536,51.54071],[-0.08655,51.53732],[-0.08809,51.53689],[-0.08826,51.53668],[-0.09116,51.53541],[-0.09167,51.53498],[-0.09219,51.53488],[-0.0944,51.53381],[-0.09696,51.53296],[-0.09509,51.5302],[-0.09509,51.52957],[-0.09543,51.52925],[-0.08894,51.52755],[-0.08826,51.52712],[-0.08826,51.52691],[-0.08809,51.52691],[-0.08792,51.52628],[-0.08689,51.52574],[-0.08689,51.52585],[-0.08502,51.52628],[-0.08485,51.52553],[-0.08468,51.52543],[-0.08502,51.52532],[-0.08536,51.52458],[-0.08553,51.52458],[-0.08519,51.52447],[-0.08519,51.52394],[-0.08416,51.52394],[-0.08433,51.52373],[-0.08433,51.52298],[-0.0845,51.52277],[-0.0845,51.52192],[-0.08468,51.52192],[-0.08468,51.5215],[-0.08553,51.51969],[-0.08621,51.51884],[-0.0898,51.5199],[-0.08997,51.52012],[-0.0898,51.52022],[-0.0898,51.52065],[-0.08962,51.52075],[-0.09219,51.52097],[-0.09253,51.52128],[-0.09253,51.5215],[-0.09321,51.52128],[-0.09338,51.52128],[-0.09338,51.5216],[-0.09423,51.5215],[-0.0944,51.5216],[-0.0944,51.52203],[-0.09475,51.52245],[-0.09492,51.52298],[-0.09509,51.52309],[-0.09645,51.52288],[-0.09645,51.52309],[-0.09679,51.5233],[-0.09799,51.52288],[-0.09765,51.52266],[-0.09748,51.52192],[-0.09731,51.52181],[-0.09731,51.5216],[-0.09748,51.5216],[-0.09748,51.52118],[-0.09765,51.52118],[-0.09765,51.52075],[-0.09782,51.52065],[-0.10055,51.52012],[-0.10533,51.51852],[-0.10584,51.52043],[-0.10652,51.52171],[-0.10686,51.52192],[-0.10686,51.52213],[-0.1084,51.52213],[-0.1084,51.52235],[-0.10874,51.52256],[-0.10891,51.52298],[-0.11062,51.5232],[-0.11096,51.52341],[-0.11215,51.52362],[-0.11369,51.52458],[-0.11386,51.52511],[-0.11403,51.52511],[-0.1142,51.52553],[-0.11301,51.52628],[-0.11301,51.52649],[-0.11352,51.52649],[-0.11557,51.52776],[-0.11557,51.52829],[-0.11574,51.5284],[-0.11574,51.52946],[-0.11591,51.52957],[-0.11591,51.52989],[-0.11762,51.53052],[-0.11966,51.53095],[-0.12257,51.53073],[-0.12257,51.53222],[-0.1224,51.53233],[-0.1224,51.5353],[-0.12222,51.53541],[-0.12222,51.53615],[-0.1224,51.53615],[-0.1224,51.53721],[-0.12291,51.53838],[-0.12308,51.53838],[-0.12308,51.53859],[-0.12359,51.53923],[-0.1241,51.53955],[-0.12461,51.5405],[-0.12496,51.54071],[-0.12496,51.54103],[-0.1253,51.54167],[-0.12564,51.54199],[-0.12581,51.54294],[-0.12598,51.54305],[-0.12581,51.54316],[-0.12598,51.54326],[-0.12598,51.5439],[-0.12615,51.54401],[-0.12632,51.54517],[-0.12649,51.54528],[-0.12649,51.54592],[-0.12666,51.54602],[-0.127,51.54751],[-0.12735,51.54772],[-0.12752,51.54804],[-0.12837,51.54857],[-0.12905,51.54878],[-0.13025,51.54963],[-0.13042,51.55027],[-0.13059,51.55027],[-0.13076,51.55059],[-0.13076,51.55133],[-0.13468,51.55377],[-0.13468,51.55398],[-0.13486,51.55398],[-0.1352,51.55462],[-0.13707,51.55526],[-0.13861,51.55706],[-0.13895,51.5577],[-0.13929,51.55791],[-0.13929,51.55812],[-0.13998,51.55897],[-0.13998,51.55918],[-0.141,51.56024],[-0.141,51.56162],[-0.14083,51.56162],[-0.14083,51.56194],[-0.14066,51.56194],[-0.14066,51.56247],[-0.14049,51.56247],[-0.14066,51.56343],[-0.14083,51.56343],[-0.14083,51.56374],[-0.14066,51.56385],[-0.14066,51.5647],[-0.14083,51.5647],[-0.14083,51.56502],[-0.141,51.56502],[-0.141,51.56534],[-0.14117,51.56544],[-0.14117,51.56587],[-0.14134,51.56597],[-0.14134,51.56672],[-0.14151,51.56682],[-0.14168,51.56799],[-0.14185,51.56809],[-0.14202,51.56862],[-0.14219,51.56862],[-0.14254,51.56905],[-0.14049,51.56947],[-0.13912,51.57011],[-0.13861,51.57053],[-0.13554,51.5717],[-0.13298,51.57308],[-0.13195,51.57329],[-0.13161,51.5735],[-0.12905,51.57382],[-0.12786,51.57414],[-0.12478,51.57404],[-0.12376,51.57467],[-0.11949,51.57552],[-0.11932,51.5751]]]]}},{"type":"Feature","properties":{"code":"E09000020","name":"Kensington and Chelsea"},"geometry":{"type":"MultiPolygon","coordinates":[[[[-0.2277,51.52999],[-0.22549,51.52999],[-0.22549,51.5302],[-0.22446,51.5301],[-0.22293,51.52978],[-0.22207,51.52935],[-0.21763,51.52861],[-0.2161,51.52787],[-0.21576,51.52787],[-0.21593,51.52776],[-0.21593,51.52744],[-0.21576,51.52734],[-0.21559,51.5267],[-0.21371,51.52691],[-0.21012,51.5267],[-0.20825,51.52628],[-0.20722,51.52628],[-0.20722,51.52617],[-0.20603,51.52596],[-0.20432,51.52373],[-0.2033,51.5232],[-0.20159,51.52277],[-0.20159,51.52203],[-0.20057,51.52075],[-0.20074,51.52086],[-0.20313,51.52086],[-0.20313,51.52075],[-0.20381,51.52065],[-0.20347,51.52043],[-0.2033,51.5198],[-0.2021,51.51863],[-0.2021,51.51842],[-0.20159,51.51789],[-0.20142,51.51778],[-0.20074,51.51799],[-0.19988,51.51693],[-0.19988,51.5165],[-0.1992,51.51491],[-0.1992,51.51449],[-0.19511,51.51502],[-0.19493,51.51491],[-0.19425,51.51279],[-0.19408,51.51172],[-0.19289,51.51183],[-0.1922,51.50992],[-0.18794,51.51024],[-0.18742,51.50939],[-0.18435,51.50195],[-0.18418,51.50174],[-0.18299,51.50153],[-0.18026,51.50142],[-0.17957,51.49781],[-0.1724,51.49834],[-0.17138,51.49866],[-0.16916,51.49898],[-0.16797,51.49898],[-0.16797,51.49855],[-0.16763,51.49823],[-0.16575,51.49919],[-0.16541,51.49866],[-0.16251,51.50025],[-0.16165,51.50121],[-0.1608,51.50174],[-0.15841,51.50227],[-0.15841,51.50153],[-0.15858,51.50142],[-0.1579,51.49898],[-0.15602,51.49781],[-0.15585,51.49621],[-0.15568,51.49611],[-0.15568,51.49536],[-0.15517,51.49504],[-0.15602,51.49451],[-0.155,51.49388],[-0.15602,51.49324],[-0.15482,51.49207],[-0.15482,51.49186],[-0.15585,51.49143],[-0.15568,51.49133],[-0.15568,51.4909],[-0.15517,51.49005],[-0.15585,51.48962],[-0.15005,51.48601],[-0.14987,51.48452],[-0.15807,51.48335],[-0.16268,51.48293],[-0.16404,51.48272],[-0.16404,51.48261],[-0.16524,51.48261],[-0.1695,51.48197],[-0.16984,51.48176],[-0.1707,51.48176],[-0.1707,51.48165],[-0.17121,51.48165],[-0.17258,51.48112],[-0.17292,51.48112],[-0.17514,51.48006],[-0.17582,51.47953],[-0.17599,51.47921],[-0.17616,51.47921],[-0.1777,51.47751],[-0.17923,51.47783],[-0.18077,51.47783],[-0.18077,51.47772],[-0.1823,51.4773],[-0.1823,51.47719],[-0.18367,51.4773],[-0.18418,51.47761],[-0.18435,51.47793],[-0.18572,51.47878],[-0.18606,51.47953],[-0.18657,51.47985],[-0.18674,51.47974],[-0.18691,51.47985],[-0.18811,51.48091],[-0.18828,51.48091],[-0.19016,51.48272],[-0.1905,51.48282],[-0.19169,51.4841],[-0.19186,51.48399],[-0.19357,51.48591],[-0.19596,51.48739],[-0.19647,51.48718],[-0.19732,51.4875],[-0.1992,51.48888],[-0.20023,51.48994],[-0.20227,51.49154],[-0.20227,51.49175],[-0.20176,51.49186],[-0.20296,51.49303],[-0.20313,51.49324],[-0.20296,51.49334],[-0.20535,51.49494],[-0.20671,51.49547],[-0.20739,51.49611],[-0.20791,51.496],[-0.20859,51.49643],[-0.20859,51.49664],[-0.20893,51.49674],[-0.20944,51.49738],[-0.20978,51.49749],[-0.20978,51.4977],[-0.2103,51.49823],[-0.21286,51.49961],[-0.21388,51.50068],[-0.21422,51.50078],[-0.21473,51.50184],[-0.2149,51.50184],[-0.2149,51.50206],[-0.21507,51.50216],[-0.2149,51.50238],[-0.21507,51.50238],[-0.21559,51.50301],[-0.21576,51.50301],[-0.21576,51.50323],[-0.2161,51.50344],[-0.2161,51.50365],[-0.21644,51.50365],[-0.21644,51.50386],[-0.21678,51.50408],[-0.21798,51.50609],[-0.21661,51.50641],[-0.21627,51.50631],[-0.21593,51.50641],[-0.21627,51.50694],[-0.2161,51.50748],[-0.21525,51.50769],[-0.21576,51.50875],[-0.21576,51.50918],[-0.21644,51.50907],[-0.21644,51.50928],[-0.21678,51.50939],[-0.21695,51.50971],[-0.21695,51.51024],[-0.21712,51.51034],[-0.21798,51.51024],[-0.21781,51.50971],[-0.21934,51.5096],[-0.21951,51.51034],[-0.2202,51.51172],[-0.22088,51.51268],[-0.22088,51.51289],[-0.22105,51.51289],[-0.22105,51.51311],[-0.22139,51.51342],[-0.22139,51.51385],[-0.22173,51.51417],[-0.22173,51.51438],[-0.22224,51.51512],[-0.22241,51.51512],[-0.22241,51.51544],[-0.22276,51.51565],[-0.22446,51.51778],[-0.22497,51.5181],[-0.226,51.51927],[-0.22617,51.51927],[-0.2277,51.52065],[-0.22788,51.52065],[-0.22788,51.52086],[-0.22822,51.52097],[-0.22805,51.52128],[-0.22668,51.52192],[-0.22668,51.52341],[-0.22651,51.52436],[-0.22651,51.52479],[-0.22719,51.52479],[-0.22736,51.52511],[-0.22736,51.52797],[-0.2277,51.52861],[-0.22805,51.52882],[-0.22822,51.52914],[-0.22839,51.52914],[-0.22856,51.52978],[-0.22873,51.52978],[-0.22873,51.52999],[-0.22856,51.52999],[-0.22839,51.53031],[-0.2277,51.5302],[-0.22753,51.5301],[-0.2277,51.52999]]]]}},{"type":"Feature","properties":{"code":"E09000021","name":"Kingston upon Thames"},"geometry":{"type":"MultiPolygon","coordinates":[[[[-0.25348,51.43656],[-0.25348,51.43582],[-0.25331,51.4355],[-0.25228,51.43475],[-0.25126,51.43433],[-0.25109,51.43401],[-0.25109,51.43316],[-0.25092,51.43305],[-0.25126,51.4322],[-0.25177,51.43188],[-0.25228,51.43124],[-0.25348,51.43071],[-0.25348,51.4305],[-0.25365,51.4305],[-0.25399,51.43007],[-0.25399,51.42986],[-0.25416,51.42986],[-0.25416,51.42901],[-0.25399,51.42901],[-0.25399,51.42869],[-0.25382,51.42837],[-0.25365,51.42837],[-0.25348,51.42784],[-0.25331,51.42784],[-0.25314,51.42709],[-0.25297,51.42709],[-0.25228,51.42613],[-0.25228,51.42518],[-0.25245,51.42518],[-0.25245,51.42475],[-0.25297,51.42401],[-0.25297,51.42315],[-0.2516,51.42284],[-0.2516,51.42262],[-0.25109,51.42241],[-0.25092,51.42166],[-0.25075,51.42156],[-0.25075,51.42113],[-0.25058,51.42113],[-0.25058,51.42017],[-0.25041,51.42017],[-0.25041,51.41975],[-0.25023,51.41975],[-0.25023,51.41943],[-0.25006,51.41943],[-0.25006,51.41922],[-0.24989,51.41922],[-0.24989,51.419],[-0.24972,51.4189],[-0.24972,51.41847],[-0.24955,51.41847],[-0.24955,51.41773],[-0.24972,51.41773],[-0.24972,51.41719],[-0.24989,51.41719],[-0.24972,51.4157],[-0.24955,51.4157],[-0.24955,51.41475],[-0.24887,51.41368],[-0.24785,51.41113],[-0.24767,51.41102],[-0.24767,51.41081],[-0.2475,51.41081],[-0.24733,51.40996],[-0.24716,51.40985],[-0.24716,51.40932],[-0.2475,51.4091],[-0.2475,51.40836],[-0.24733,51.40836],[-0.24733,51.40804],[-0.24682,51.40772],[-0.24597,51.40761],[-0.24546,51.40729],[-0.24546,51.40708],[-0.24528,51.40708],[-0.24546,51.40697],[-0.24546,51.40644],[-0.24528,51.40634],[-0.24528,51.40612],[-0.24511,51.40612],[-0.24494,51.40463],[-0.24477,51.40463],[-0.24477,51.40431],[-0.2446,51.40431],[-0.2446,51.40389],[-0.24477,51.40389],[-0.2446,51.40335],[-0.24477,51.40325],[-0.24477,51.40282],[-0.24494,51.40272],[-0.24494,51.40229],[-0.24511,51.40229],[-0.24511,51.40186],[-0.24665,51.40059],[-0.24682,51.40059],[-0.24665,51.40016],[-0.24665,51.39888],[-0.24682,51.39878],[-0.24665,51.39856],[-0.24682,51.39856],[-0.24682,51.39824],[-0.24733,51.39771],[-0.24733,51.3975],[-0.24665,51.39697],[-0.24597,51.39611],[-0.2458,51.39611],[-0.24563,51.39569],[-0.24494,51.39526],[-0.2446,51.39462],[-0.24358,51.3943],[-0.24221,51.3942],[-0.24221,51.39409],[-0.2417,51.39398],[-0.2417,51.39377],[-0.24102,51.39303],[-0.24102,51.39271],[-0.24085,51.39271],[-0.24085,51.39217],[-0.24051,51.39207],[-0.24034,51.39143],[-0.24016,51.39143],[-0.23999,51.38994],[-0.23982,51.38994],[-0.23982,51.3894],[-0.23965,51.3894],[-0.23965,51.38898],[-0.23948,51.38887],[-0.23965,51.38855],[-0.23948,51.38845],[-0.23931,51.38749],[-0.23897,51.38717],[-0.2388,51.386],[-0.23931,51.38589],[-0.2417,51.3845],[-0.24324,51.38259],[-0.24375,51.38291],[-0.24426,51.38301],[-0.2446,51.38227],[-0.2446,51.38131],[-0.24477,51.38131],[-0.24477,51.38088],[-0.24494,51.38088],[-0.24494,51.38003],[-0.24546,51.38014],[-0.24546,51.37992],[-0.24563,51.37992],[-0.24614,51.38024],[-0.24699,51.38014],[-0.24699,51.38003],[-0.24733,51.38003],[-0.24733,51.38014],[-0.24887,51.38003],[-0.25023,51.37939],[-0.25279,51.37875],[-0.25809,51.37886],[-0.26099,51.3796],[-0.26099,51.37939],[-0.26133,51.37918],[-0.26133,51.37843],[-0.26201,51.37801],[-0.26218,51.37737],[-0.26389,51.37641],[-0.26457,51.37566],[-0.26867,51.37364],[-0.27208,51.37257],[-0.27276,51.37193],[-0.27345,51.37172],[-0.27345,51.37151],[-0.27362,51.37151],[-0.27362,51.37129],[-0.27379,51.37129],[-0.27396,51.37097],[-0.27396,51.37065],[-0.27498,51.37044],[-0.27618,51.3698],[-0.27635,51.36927],[-0.27618,51.36916],[-0.27652,51.36884],[-0.27737,51.36842],[-0.2784,51.36831],[-0.2801,51.36767],[-0.2813,51.36693],[-0.2813,51.36671],[-0.28232,51.36586],[-0.28318,51.36543],[-0.28386,51.36533],[-0.28574,51.36405],[-0.28727,51.36245],[-0.2883,51.36213],[-0.28778,51.36181],[-0.28676,51.3616],[-0.28642,51.36138],[-0.28522,51.36117],[-0.28557,51.36074],[-0.28591,51.36064],[-0.28591,51.36042],[-0.28608,51.36042],[-0.28659,51.35979],[-0.28676,51.35979],[-0.28693,51.35936],[-0.28881,51.35883],[-0.28915,51.35861],[-0.28932,51.35819],[-0.28949,51.35819],[-0.28983,51.35765],[-0.29,51.35765],[-0.29,51.35744],[-0.29034,51.35733],[-0.29034,51.35712],[-0.2912,51.35669],[-0.29137,51.35488],[-0.29171,51.35446],[-0.29188,51.35446],[-0.29188,51.35424],[-0.29273,51.35371],[-0.2929,51.35339],[-0.29273,51.35339],[-0.29273,51.35243],[-0.29529,51.35094],[-0.29598,51.35019],[-0.297,51.34977],[-0.29922,51.34838],[-0.2999,51.34763],[-0.30007,51.34763],[-0.30059,51.34689],[-0.30144,51.34518],[-0.30212,51.34465],[-0.30246,51.34465],[-0.30263,51.34433],[-0.30332,51.3439],[-0.30332,51.34369],[-0.30417,51.34316],[-0.30417,51.34273],[-0.30434,51.34273],[-0.30451,51.34241],[-0.30468,51.34092],[-0.30502,51.34049],[-0.30502,51.34006],[-0.30536,51.33974],[-0.30536,51.33814],[-0.30485,51.33761],[-0.30502,51.3374],[-0.30502,51.33644],[-0.30571,51.33559],[-0.30571,51.33537],[-0.30588,51.33537],[-0.30588,51.33516],[-0.30758,51.33463],[-0.3098,51.33292],[-0.31373,51.33143],[-0.3168,51.32908],[-0.31953,51.32769],[-0.32209,51.32737],[-0.32431,51.32663],[-0.32602,51.32663],[-0.32602,51.32652],[-0.32721,51.32673],[-0.32738,51.32631],[-0.32824,51.32641],[-0.33011,51.32748],[-0.3308,51.32887],[-0.3296,51.32961],[-0.32909,51.33025],[-0.32909,51.331],[-0.32926,51.33164],[-0.3296,51.33185],[-0.3296,51.33249],[-0.32977,51.33281],[-0.3296,51.3342],[-0.32943,51.33431],[-0.3296,51.33441],[-0.32909,51.33591],[-0.32926,51.33633],[-0.32909,51.33665],[-0.32909,51.33761],[-0.32892,51.33814],[-0.32892,51.34081],[-0.32858,51.34177],[-0.32824,51.34209],[-0.32789,51.34369],[-0.32738,51.34401],[-0.32824,51.34401],[-0.33045,51.34838],[-0.32909,51.35073],[-0.32806,51.35211],[-0.32653,51.35307],[-0.32482,51.35371],[-0.32346,51.35467],[-0.3209,51.35808],[-0.32004,51.35947],[-0.32021,51.35957],[-0.3197,51.35989],[-0.31902,51.36234],[-0.31834,51.36352],[-0.31834,51.36543],[-0.31851,51.36575],[-0.31834,51.36788],[-0.31817,51.36895],[-0.31782,51.3698],[-0.31799,51.37065],[-0.31765,51.37119],[-0.31731,51.37247],[-0.31646,51.37342],[-0.31612,51.37353],[-0.31526,51.37428],[-0.3139,51.3747],[-0.3127,51.3747],[-0.30861,51.37545],[-0.30792,51.37662],[-0.30775,51.37758],[-0.30792,51.37833],[-0.30741,51.37833],[-0.30741,51.37896],[-0.30827,51.38003],[-0.30844,51.38046],[-0.30929,51.38046],[-0.30929,51.38142],[-0.30912,51.38142],[-0.30929,51.38152],[-0.30929,51.38173],[-0.30946,51.38173],[-0.30946,51.38248],[-0.30963,51.38248],[-0.30997,51.38323],[-0.31014,51.38323],[-0.31031,51.38355],[-0.31031,51.38418],[-0.31066,51.3845],[-0.31048,51.38461],[-0.31066,51.38472],[-0.31066,51.38493],[-0.31117,51.38514],[-0.31168,51.38568],[-0.31134,51.386],[-0.31083,51.3861],[-0.31083,51.38632],[-0.311,51.38632],[-0.31151,51.38685],[-0.31134,51.38695],[-0.31168,51.38706],[-0.31168,51.38749],[-0.31219,51.38781],[-0.31219,51.38802],[-0.31236,51.38802],[-0.31253,51.38834],[-0.31322,51.38876],[-0.31595,51.38759],[-0.31612,51.38759],[-0.31595,51.3877],[-0.31629,51.38791],[-0.31663,51.38855],[-0.3168,51.38855],[-0.3168,51.38876],[-0.31646,51.38898],[-0.31407,51.39026],[-0.31492,51.391],[-0.31629,51.3926],[-0.31765,51.39366],[-0.31287,51.39707],[-0.31219,51.39782],[-0.31202,51.39846],[-0.30946,51.40005],[-0.30946,51.40037],[-0.30895,51.40112],[-0.30861,51.40261],[-0.30861,51.40421],[-0.30878,51.40516],[-0.30895,51.40527],[-0.30895,51.40847],[-0.30912,51.40878],[-0.30912,51.40942],[-0.30895,51.40953],[-0.30878,51.41166],[-0.30861,51.41208],[-0.30844,51.41208],[-0.30844,51.41485],[-0.30775,51.41645],[-0.30775,51.41677],[-0.30758,51.41677],[-0.30758,51.4173],[-0.3069,51.41815],[-0.30673,51.41879],[-0.30656,51.4189],[-0.30673,51.41964],[-0.30656,51.41986],[-0.30639,51.42092],[-0.30588,51.42113],[-0.30605,51.42188],[-0.30622,51.42198],[-0.3069,51.42347],[-0.30707,51.42347],[-0.30827,51.42496],[-0.31202,51.42731],[-0.31287,51.42752],[-0.31304,51.42773],[-0.31407,51.42816],[-0.31441,51.42816],[-0.31424,51.42858],[-0.31356,51.42933],[-0.31339,51.42975],[-0.31287,51.43018],[-0.31287,51.43039],[-0.31066,51.4322],[-0.31031,51.43199],[-0.31014,51.4322],[-0.30946,51.43199],[-0.3081,51.43103],[-0.30861,51.43082],[-0.30724,51.43018],[-0.30724,51.43028],[-0.30639,51.43018],[-0.30639,51.4305],[-0.30622,51.4305],[-0.30622,51.43114],[-0.30605,51.43135],[-0.30229,51.43071],[-0.30178,51.43039],[-0.30144,51.4305],[-0.30195,51.43114],[-0.30212,51.43114],[-0.30161,51.43146],[-0.29871,51.42943],[-0.2982,51.42922],[-0.2982,51.42901],[-0.29598,51.42773],[-0.29581,51.42784],[-0.29546,51.42762],[-0.29529,51.42741],[-0.29546,51.42699],[-0.29478,51.42699],[-0.29478,51.42645],[-0.29342,51.42645],[-0.29342,51.42816],[-0.29325,51.42858],[-0.2929,51.42858],[-0.29308,51.4289],[-0.2929,51.42901],[-0.29205,51.4289],[-0.29069,51.42901],[-0.28864,51.42475],[-0.28847,51.42401],[-0.28813,51.42358],[-0.28778,51.42252],[-0.28744,51.4222],[-0.2871,51.42103],[-0.28659,51.42017],[-0.28642,51.42017],[-0.28642,51.42028],[-0.28045,51.42188],[-0.27908,51.42284],[-0.27259,51.42826],[-0.27225,51.42837],[-0.27191,51.4288],[-0.27123,51.42922],[-0.27106,51.42954],[-0.27037,51.42975],[-0.26986,51.43018],[-0.26764,51.43135],[-0.26713,51.43146],[-0.26525,51.43263],[-0.25638,51.43624],[-0.25621,51.43635],[-0.25638,51.43646],[-0.25621,51.43667],[-0.2557,51.43656],[-0.25399,51.43731],[-0.25399,51.43709],[-0.25348,51.43678],[-0.25348,51.43656]]]]}},{"type":"Feature","properties":{"code":"E09000022","name":"Lambeth"},"geometry":{"type":"MultiPolygon","coordinates":[[[[-0.10908,51.50981],[-0.10874,51.50779],[-0.10857,51.50779],[-0.10823,51.50694],[-0.10772,51.50705],[-0.1072,51.50694],[-0.10703,51.5062],[-0.10652,51.50535],[-0.10652,51.50493],[-0.10635,51.50482],[-0.10652,51.50418],[-0.10669,51.50418],[-0.10652,51.50408],[-0.10652,51.50344],[-0.10635,51.50333],[-0.10738,51.50291],[-0.10669,51.50216],[-0.10652,51.50238],[-0.10601,51.50248],[-0.10601,51.50216],[-0.10618,51.50206],[-0.10584,51.50206],[-0.10823,51.50057],[-0.10874,51.49951],[-0.10942,51.49866],[-0.10942,51.49844],[-0.10959,51.49844],[-0.10959,51.49802],[-0.11011,51.49738],[-0.11028,51.49674],[-0.11147,51.49643],[-0.11096,51.49547],[-0.10567,51.49366],[-0.10482,51.49356],[-0.10482,51.49334],[-0.10396,51.49196],[-0.10345,51.49186],[-0.10345,51.49164],[-0.10311,51.49154],[-0.10345,51.49133],[-0.10311,51.49111],[-0.10396,51.49037],[-0.10396,51.49016],[-0.10447,51.48984],[-0.1084,51.4858],[-0.10635,51.48484],[-0.1072,51.48367],[-0.10567,51.48304],[-0.10601,51.48272],[-0.10584,51.4825],[-0.10464,51.48165],[-0.10464,51.48144],[-0.10447,51.48144],[-0.10396,51.48091],[-0.10772,51.48048],[-0.10823,51.48038],[-0.10823,51.48027],[-0.10004,51.47687],[-0.10004,51.47666],[-0.10021,51.47666],[-0.10021,51.47644],[-0.10038,51.47634],[-0.10038,51.47559],[-0.10055,51.47538],[-0.10055,51.47474],[-0.10072,51.47464],[-0.10072,51.47443],[-0.10004,51.47357],[-0.09952,51.47326],[-0.09952,51.47283],[-0.09935,51.47283],[-0.09935,51.47241],[-0.09901,51.47198],[-0.09594,51.46985],[-0.09406,51.4707],[-0.09389,51.47124],[-0.09372,51.47134],[-0.09372,51.47166],[-0.09304,51.47209],[-0.09287,51.46996],[-0.09116,51.46751],[-0.09048,51.46688],[-0.09048,51.46666],[-0.08997,51.46613],[-0.08997,51.46592],[-0.09014,51.46592],[-0.09014,51.46528],[-0.09031,51.46528],[-0.09031,51.46454],[-0.09048,51.46443],[-0.09065,51.46326],[-0.09116,51.46262],[-0.09116,51.4623],[-0.09133,51.4623],[-0.09184,51.46167],[-0.09184,51.46145],[-0.09219,51.46124],[-0.09219,51.46103],[-0.09338,51.46028],[-0.09475,51.4589],[-0.09492,51.4589],[-0.09492,51.45869],[-0.09509,51.45869],[-0.09577,51.45741],[-0.09679,51.45677],[-0.09731,51.45624],[-0.0985,51.45582],[-0.09987,51.45497],[-0.10089,51.45401],[-0.10106,51.45401],[-0.10106,51.45284],[-0.1014,51.45252],[-0.1014,51.45178],[-0.10123,51.45178],[-0.10123,51.45156],[-0.10106,51.45156],[-0.10089,51.45114],[-0.10072,51.45114],[-0.10072,51.45029],[-0.10004,51.45029],[-0.0997,51.45007],[-0.09935,51.44965],[-0.09935,51.44922],[-0.09901,51.4488],[-0.09799,51.44827],[-0.09628,51.44688],[-0.09611,51.44688],[-0.09611,51.44667],[-0.09526,51.44582],[-0.09509,51.44518],[-0.09492,51.44518],[-0.09492,51.44422],[-0.09475,51.44412],[-0.09457,51.44337],[-0.0944,51.44337],[-0.0944,51.44305],[-0.09423,51.44305],[-0.09423,51.44284],[-0.09321,51.44178],[-0.09219,51.43954],[-0.09219,51.43912],[-0.09099,51.43763],[-0.09082,51.43678],[-0.09048,51.43635],[-0.09014,51.43454],[-0.08997,51.43443],[-0.08997,51.4339],[-0.0898,51.4338],[-0.08962,51.43273],[-0.08945,51.43263],[-0.08945,51.4322],[-0.08928,51.43209],[-0.08928,51.43156],[-0.08911,51.43146],[-0.08894,51.4305],[-0.08877,51.4305],[-0.08843,51.42954],[-0.08826,51.42954],[-0.08826,51.42933],[-0.08775,51.42901],[-0.08587,51.42848],[-0.08604,51.42773],[-0.08519,51.42741],[-0.08519,51.4272],[-0.08502,51.4272],[-0.08502,51.42699],[-0.08399,51.42571],[-0.08399,51.4255],[-0.08382,51.4255],[-0.08382,51.42518],[-0.08365,51.42507],[-0.08365,51.42422],[-0.08348,51.42411],[-0.08348,51.42305],[-0.08177,51.42337],[-0.08143,51.42273],[-0.08126,51.42273],[-0.08126,51.42241],[-0.08109,51.42241],[-0.08092,51.42188],[-0.07973,51.42209],[-0.07955,51.42166],[-0.07887,51.42156],[-0.07921,51.42113],[-0.07921,51.42081],[-0.07836,51.4206],[-0.07836,51.42017],[-0.07853,51.42017],[-0.07853,51.41986],[-0.07973,51.41964],[-0.08331,51.41975],[-0.08485,51.41943],[-0.08485,51.41932],[-0.08604,51.41922],[-0.08706,51.41943],[-0.08706,51.41954],[-0.08809,51.41986],[-0.08928,51.42081],[-0.09014,51.42124],[-0.09099,51.42145],[-0.09253,51.42252],[-0.09321,51.42273],[-0.09577,51.42284],[-0.09577,51.42273],[-0.09679,51.42273],[-0.09679,51.42262],[-0.10669,51.42262],[-0.10891,51.42315],[-0.11267,51.42326],[-0.11284,51.42294],[-0.11386,51.42241],[-0.11403,51.42198],[-0.11454,51.42166],[-0.11454,51.42145],[-0.11471,51.42145],[-0.11489,51.42113],[-0.11523,51.42103],[-0.11574,51.42049],[-0.11693,51.42017],[-0.11762,51.41975],[-0.11779,51.41986],[-0.1183,51.41943],[-0.11984,51.41879],[-0.12069,51.41709],[-0.1212,51.41677],[-0.1212,51.41656],[-0.12137,51.41656],[-0.12137,51.41634],[-0.12154,51.41634],[-0.12171,51.41592],[-0.12188,51.41592],[-0.12257,51.41517],[-0.1224,51.41517],[-0.12308,51.41507],[-0.12308,51.41485],[-0.12342,51.41464],[-0.1241,51.41464],[-0.12444,51.414],[-0.12444,51.41336],[-0.1253,51.41315],[-0.12581,51.41262],[-0.12615,51.41294],[-0.12666,51.41283],[-0.12683,51.41262],[-0.12769,51.4124],[-0.12786,51.41198],[-0.13264,51.4123],[-0.13349,51.41262],[-0.13332,51.41283],[-0.13349,51.41294],[-0.13366,51.41251],[-0.13383,51.41251],[-0.134,51.41102],[-0.13434,51.41102],[-0.13486,51.41123],[-0.13588,51.41123],[-0.13963,51.41219],[-0.13963,51.4123],[-0.14151,51.41283],[-0.14254,51.41336],[-0.14458,51.4124],[-0.1468,51.41251],[-0.1468,51.41262],[-0.148,51.41283],[-0.148,51.41304],[-0.14731,51.41347],[-0.14714,51.41379],[-0.14424,51.41538],[-0.14493,51.41581],[-0.14305,51.41709],[-0.14322,51.4173],[-0.14288,51.41741],[-0.13776,51.42103],[-0.13878,51.42347],[-0.13878,51.42433],[-0.13895,51.42443],[-0.13878,51.42518],[-0.13878,51.42688],[-0.13844,51.42794],[-0.13844,51.42901],[-0.13827,51.42922],[-0.13844,51.4306],[-0.13622,51.43028],[-0.1352,51.43028],[-0.1352,51.43039],[-0.13571,51.43135],[-0.13571,51.43177],[-0.13588,51.43177],[-0.13588,51.43231],[-0.13605,51.43241],[-0.13622,51.43326],[-0.13639,51.43337],[-0.13639,51.4339],[-0.13793,51.4338],[-0.13827,51.43401],[-0.13844,51.43433],[-0.13861,51.43433],[-0.13963,51.43529],[-0.13998,51.43667],[-0.13998,51.43699],[-0.1398,51.43699],[-0.13963,51.43741],[-0.13776,51.43837],[-0.13742,51.4388],[-0.13724,51.43997],[-0.13759,51.44007],[-0.13742,51.44029],[-0.1369,51.44029],[-0.1369,51.44061],[-0.13656,51.44071],[-0.13622,51.44146],[-0.13588,51.44167],[-0.13588,51.44199],[-0.13759,51.44167],[-0.14356,51.44178],[-0.14373,51.44188],[-0.1439,51.44263],[-0.14441,51.44327],[-0.14441,51.44358],[-0.14458,51.44358],[-0.14458,51.4438],[-0.14493,51.44412],[-0.14493,51.44433],[-0.1451,51.44433],[-0.1451,51.44454],[-0.14527,51.44454],[-0.14544,51.44518],[-0.14561,51.44518],[-0.14561,51.44624],[-0.14544,51.44646],[-0.14527,51.44752],[-0.14493,51.44795],[-0.14493,51.44837],[-0.14322,51.44954],[-0.14288,51.45007],[-0.14254,51.45029],[-0.14254,51.4505],[-0.14237,51.4505],[-0.14237,51.45103],[-0.14373,51.45114],[-0.1439,51.45135],[-0.14766,51.45231],[-0.14731,51.45295],[-0.14766,51.45295],[-0.14766,51.45369],[-0.148,51.45475],[-0.14817,51.45688],[-0.14919,51.45901],[-0.14936,51.45911],[-0.14936,51.45986],[-0.14953,51.45996],[-0.1497,51.46145],[-0.15005,51.46177],[-0.15005,51.46199],[-0.15022,51.46199],[-0.15022,51.4622],[-0.15039,51.4622],[-0.15073,51.46284],[-0.15073,51.46326],[-0.1509,51.46326],[-0.1509,51.46432],[-0.15107,51.46432],[-0.15107,51.46549],[-0.15124,51.46581],[-0.15056,51.46592],[-0.15073,51.46624],[-0.15056,51.46634],[-0.15056,51.46762],[-0.14834,51.46836],[-0.14731,51.4689],[-0.14322,51.47049],[-0.14305,51.47049],[-0.14271,51.47007],[-0.14151,51.4706],[-0.14168,51.47092],[-0.14185,51.47092],[-0.14134,51.47102],[-0.14049,51.47155],[-0.13998,51.47124],[-0.13963,51.47134],[-0.13929,51.47155],[-0.13963,51.47177],[-0.13844,51.47187],[-0.1369,51.47304],[-0.13639,51.47272],[-0.13554,51.47272],[-0.13486,51.47336],[-0.13451,51.47336],[-0.13451,51.474],[-0.1352,51.47432],[-0.13468,51.47496],[-0.13451,51.47485],[-0.134,51.47528],[-0.13383,51.47602],[-0.13366,51.47602],[-0.13366,51.47623],[-0.13264,51.47751],[-0.13247,51.47793],[-0.13178,51.47857],[-0.13161,51.47921],[-0.13144,51.47921],[-0.13144,51.47942],[-0.13127,51.47942],[-0.13076,51.47995],[-0.13076,51.48017],[-0.13059,51.48017],[-0.13042,51.48059],[-0.13025,51.48059],[-0.12991,51.48102],[-0.13008,51.48112],[-0.12752,51.48197],[-0.12735,51.48282],[-0.12717,51.48293],[-0.12717,51.48346],[-0.127,51.48346],[-0.127,51.48378],[-0.12632,51.48442],[-0.1282,51.48474],[-0.12939,51.48601],[-0.12871,51.48633],[-0.12666,51.48803],[-0.12632,51.48856],[-0.12478,51.49005],[-0.12461,51.49048],[-0.12393,51.49122],[-0.12393,51.49207],[-0.12342,51.4926],[-0.12291,51.49377],[-0.12291,51.49441],[-0.12274,51.49451],[-0.12274,51.49515],[-0.12257,51.49526],[-0.1224,51.496],[-0.1224,51.4977],[-0.12222,51.49791],[-0.12222,51.49866],[-0.12205,51.49898],[-0.12205,51.49972],[-0.12137,51.50365],[-0.1212,51.50397],[-0.1212,51.50471],[-0.12086,51.50567],[-0.11966,51.50705],[-0.11779,51.50843],[-0.11693,51.50875],[-0.11523,51.50928],[-0.11267,51.50971],[-0.10925,51.50981],[-0.10925,51.50992],[-0.10908,51.50981]]]]}},{"type":"Feature","properties":{"code":"E09000023","name":"Lewisham"},"geometry":{"type":"MultiPolygon","coordinates":[[[[-0.01384,51.41358],[-0.01453,51.41389],[-0.01436,51.41496],[-0.01418,51.41496],[-0.01436,51.41517],[-0.01589,51.41496],[-0.01743,51.41496],[-0.01794,51.41507],[-0.01777,51.4157],[-0.02016,51.41602],[-0.02084,51.41592],[-0.02221,51.41677],[-0.02169,51.4173],[-0.02255,51.41751],[-0.02152,51.41815],[-0.02118,51.41868],[-0.02118,51.41954],[-0.02084,51.41975],[-0.02084,51.42007],[-0.02169,51.42039],[-0.02101,51.42081],[-0.02101,51.42103],[-0.02221,51.42177],[-0.02255,51.42156],[-0.02272,51.42166],[-0.02306,51.4222],[-0.02323,51.4222],[-0.0234,51.42252],[-0.02425,51.42315],[-0.02528,51.42337],[-0.02579,51.42379],[-0.02596,51.42358],[-0.02699,51.42401],[-0.02716,51.42422],[-0.02784,51.42443],[-0.02784,51.42475],[-0.03023,51.42571],[-0.03194,51.4255],[-0.03176,51.42475],[-0.03364,51.42464],[-0.03364,51.42475],[-0.03415,51.42475],[-0.03415,51.42507],[-0.0374,51.42496],[-0.03808,51.42443],[-0.03842,51.4239],[-0.03945,51.42422],[-0.04098,51.42433],[-0.04166,51.4239],[-0.04149,51.42369],[-0.04166,51.42358],[-0.04201,51.42358],[-0.04269,51.42326],[-0.04303,51.42337],[-0.04388,51.42315],[-0.04371,51.42305],[-0.04371,51.42284],[-0.04525,51.42252],[-0.04627,51.42241],[-0.04627,51.42262],[-0.04593,51.42262],[-0.04593,51.42284],[-0.049,51.42284],[-0.0502,51.42273],[-0.0502,51.42262],[-0.05071,51.42252],[-0.05173,51.42252],[-0.05173,51.42358],[-0.05481,51.42369],[-0.05498,51.42305],[-0.05515,51.42294],[-0.05549,51.42305],[-0.05703,51.42294],[-0.05703,51.42305],[-0.05805,51.42315],[-0.05805,51.42326],[-0.06112,51.42443],[-0.06146,51.42443],[-0.06146,51.42486],[-0.0618,51.42486],[-0.06232,51.42518],[-0.06436,51.42528],[-0.06453,51.42507],[-0.06488,51.42507],[-0.06522,51.42528],[-0.0659,51.42528],[-0.06607,51.42507],[-0.0671,51.42539],[-0.06795,51.42592],[-0.06846,51.42592],[-0.06846,51.42603],[-0.0688,51.42592],[-0.0688,51.4256],[-0.06897,51.4256],[-0.06983,51.42603],[-0.07068,51.42613],[-0.07068,51.42624],[-0.07204,51.42635],[-0.07392,51.42624],[-0.07426,51.42752],[-0.07461,51.42773],[-0.07478,51.42816],[-0.07495,51.42816],[-0.07495,51.42858],[-0.07512,51.42858],[-0.07495,51.42986],[-0.07409,51.4306],[-0.07358,51.43146],[-0.07307,51.43177],[-0.07273,51.43231],[-0.07239,51.43252],[-0.07068,51.43241],[-0.07068,51.43252],[-0.06897,51.43284],[-0.06692,51.4338],[-0.0659,51.43443],[-0.06522,51.43582],[-0.06471,51.43635],[-0.06453,51.43699],[-0.06385,51.43741],[-0.06334,51.43752],[-0.06351,51.43784],[-0.06368,51.43784],[-0.06368,51.43944],[-0.06385,51.43954],[-0.06402,51.44093],[-0.06453,51.44093],[-0.06505,51.44114],[-0.06402,51.44199],[-0.06368,51.44284],[-0.06368,51.44465],[-0.06351,51.44486],[-0.06351,51.44529],[-0.06266,51.44678],[-0.06163,51.44795],[-0.05976,51.4489],[-0.05771,51.45029],[-0.05737,51.45029],[-0.05668,51.44986],[-0.05549,51.44954],[-0.05429,51.44901],[-0.05395,51.44869],[-0.05293,51.4488],[-0.04934,51.45007],[-0.0461,51.44986],[-0.04508,51.45092],[-0.04508,51.45124],[-0.04474,51.45135],[-0.04474,51.45156],[-0.04439,51.45167],[-0.0432,51.45305],[-0.04269,51.45337],[-0.04166,51.45497],[-0.0432,51.45571],[-0.04422,51.45646],[-0.0461,51.45688],[-0.0461,51.4572],[-0.04593,51.4572],[-0.04593,51.45752],[-0.04576,51.45752],[-0.04576,51.45794],[-0.04542,51.45848],[-0.04542,51.4589],[-0.04525,51.4589],[-0.04525,51.45965],[-0.04508,51.45975],[-0.04508,51.46177],[-0.04525,51.46188],[-0.04525,51.46262],[-0.04542,51.46273],[-0.04593,51.46401],[-0.04695,51.46496],[-0.04849,51.4656],[-0.04815,51.46592],[-0.04969,51.46645],[-0.05088,51.46666],[-0.05054,51.46677],[-0.05122,51.46741],[-0.05088,51.46751],[-0.05088,51.46773],[-0.05105,51.46773],[-0.05139,51.46836],[-0.05156,51.46836],[-0.05225,51.46922],[-0.05173,51.46964],[-0.05173,51.47017],[-0.05276,51.47272],[-0.05276,51.47804],[-0.05429,51.47857],[-0.05395,51.4791],[-0.05395,51.47942],[-0.05344,51.47995],[-0.05344,51.48027],[-0.05327,51.48027],[-0.05344,51.48048],[-0.05327,51.48059],[-0.05327,51.48091],[-0.0531,51.48091],[-0.05327,51.48112],[-0.0531,51.48112],[-0.0531,51.48187],[-0.05293,51.48187],[-0.05293,51.48261],[-0.05276,51.48261],[-0.05293,51.48272],[-0.05293,51.48346],[-0.05276,51.48357],[-0.05293,51.48357],[-0.05293,51.48389],[-0.0531,51.48399],[-0.05293,51.48474],[-0.0531,51.48474],[-0.0531,51.48516],[-0.05344,51.48527],[-0.05344,51.48559],[-0.05361,51.48559],[-0.05293,51.48601],[-0.05293,51.48644],[-0.05276,51.48654],[-0.05293,51.48686],[-0.05344,51.48707],[-0.05395,51.48792],[-0.05293,51.48761],[-0.05259,51.48761],[-0.05242,51.48782],[-0.05037,51.48792],[-0.05037,51.48814],[-0.05003,51.48835],[-0.0519,51.48909],[-0.05139,51.48952],[-0.05003,51.48973],[-0.04934,51.49005],[-0.04917,51.48994],[-0.04866,51.49005],[-0.04695,51.49058],[-0.04661,51.49058],[-0.04644,51.49037],[-0.0461,51.49037],[-0.04576,51.49016],[-0.04474,51.49037],[-0.04439,51.49005],[-0.04252,51.48994],[-0.04252,51.49005],[-0.04218,51.49005],[-0.04252,51.49026],[-0.0403,51.49101],[-0.04098,51.49186],[-0.03996,51.49218],[-0.04047,51.49281],[-0.03979,51.49292],[-0.03979,51.49303],[-0.03893,51.49292],[-0.03825,51.49239],[-0.03723,51.49218],[-0.0333,51.49303],[-0.03313,51.49281],[-0.03313,51.49292],[-0.03211,51.49303],[-0.03176,51.49324],[-0.02989,51.49356],[-0.02989,51.49313],[-0.02937,51.49239],[-0.0292,51.49186],[-0.02886,51.49154],[-0.02869,51.49111],[-0.02835,51.4909],[-0.02835,51.49069],[-0.02784,51.49016],[-0.02784,51.48994],[-0.02767,51.48994],[-0.0275,51.48962],[-0.02733,51.48962],[-0.02733,51.48941],[-0.02664,51.48888],[-0.02425,51.48718],[-0.0234,51.48676],[-0.0246,51.48591],[-0.0246,51.48569],[-0.02477,51.48569],[-0.02477,51.48548],[-0.02511,51.48527],[-0.02528,51.48399],[-0.02545,51.48346],[-0.02562,51.48346],[-0.02579,51.48197],[-0.0263,51.48165],[-0.0263,51.48144],[-0.02323,51.4808],[-0.02306,51.48059],[-0.02306,51.47963],[-0.0205,51.47985],[-0.02033,51.47995],[-0.02033,51.48027],[-0.01965,51.48038],[-0.01879,51.4808],[-0.01777,51.48091],[-0.01692,51.48038],[-0.01692,51.48006],[-0.01709,51.47995],[-0.01811,51.47995],[-0.01896,51.47953],[-0.01896,51.47921],[-0.01913,51.47921],[-0.01913,51.4774],[-0.01896,51.4774],[-0.0193,51.47708],[-0.02016,51.47698],[-0.02067,51.47666],[-0.02067,51.4757],[-0.02101,51.47549],[-0.02289,51.47538],[-0.02289,51.47496],[-0.02272,51.47485],[-0.02272,51.47421],[-0.02169,51.474],[-0.02152,51.47379],[-0.02084,51.47357],[-0.02067,51.47315],[-0.01999,51.47304],[-0.01999,51.47272],[-0.02016,51.47272],[-0.02033,51.4723],[-0.01982,51.47198],[-0.01982,51.47209],[-0.0193,51.47209],[-0.0193,51.47177],[-0.01913,51.47177],[-0.01913,51.47124],[-0.01896,51.47124],[-0.01896,51.47102],[-0.01862,51.4707],[-0.0193,51.47049],[-0.01913,51.47017],[-0.01896,51.47017],[-0.01913,51.46996],[-0.01811,51.46953],[-0.01726,51.46943],[-0.01692,51.46911],[-0.01657,51.46922],[-0.0164,51.4689],[-0.01521,51.46805],[-0.01487,51.46805],[-0.01316,51.4689],[-0.01316,51.46911],[-0.01401,51.46996],[-0.01436,51.4707],[-0.01453,51.4707],[-0.0147,51.47124],[-0.01521,51.47177],[-0.01453,51.47187],[-0.01453,51.47219],[-0.01418,51.47262],[-0.01299,51.47241],[-0.01299,51.4723],[-0.01231,51.4723],[-0.00941,51.47272],[-0.0077,51.47272],[-0.00292,51.47198],[-0.00053,51.47177],[0.01789,51.47379],[0.01789,51.47368],[0.01499,51.47304],[0.01516,51.47198],[0.01533,51.47187],[0.01619,51.46996],[0.01653,51.46985],[0.0167,51.46953],[0.01653,51.469],[0.01602,51.46911],[0.01585,51.46932],[0.0155,51.46932],[0.0155,51.46943],[0.01516,51.46943],[0.01465,51.46975],[0.0126,51.46985],[0.01277,51.46953],[0.01277,51.469],[0.01294,51.4689],[0.01294,51.46847],[0.01312,51.46836],[0.01312,51.46794],[0.01294,51.46794],[0.0126,51.46741],[0.01277,51.46741],[0.01277,51.4672],[0.01329,51.46688],[0.01175,51.46624],[0.00902,51.46592],[0.00919,51.46581],[0.00902,51.46454],[0.00936,51.46401],[0.00936,51.46358],[0.0097,51.46305],[0.0097,51.46262],[0.00987,51.46252],[0.00987,51.46124],[0.0097,51.46124],[0.0097,51.46082],[0.00987,51.4606],[0.00987,51.45943],[0.01004,51.45933],[0.01056,51.45816],[0.0109,51.45784],[0.01107,51.45731],[0.01141,51.45709],[0.01158,51.45656],[0.01431,51.4556],[0.01755,51.45507],[0.01755,51.45475],[0.01738,51.45475],[0.01738,51.45454],[0.01755,51.45454],[0.01755,51.4538],[0.01772,51.45369],[0.01772,51.45337],[0.01789,51.45337],[0.01789,51.45316],[0.01807,51.45305],[0.01841,51.45156],[0.0196,51.45167],[0.0196,51.45135],[0.01994,51.45071],[0.01533,51.45018],[0.01516,51.45018],[0.01499,51.4505],[0.01499,51.45007],[0.01755,51.44944],[0.02097,51.44912],[0.02216,51.4488],[0.02216,51.44837],[0.02233,51.44837],[0.0225,51.44784],[0.02301,51.4472],[0.02182,51.44678],[0.02131,51.44678],[0.02131,51.44475],[0.02148,51.44465],[0.02148,51.44444],[0.02063,51.44412],[0.02148,51.44273],[0.02421,51.44199],[0.02421,51.44188],[0.02558,51.44167],[0.02643,51.44156],[0.02933,51.44167],[0.02916,51.44135],[0.02899,51.44135],[0.02899,51.44114],[0.02882,51.44114],[0.02882,51.44071],[0.02865,51.44071],[0.02882,51.4388],[0.02472,51.43816],[0.02489,51.43784],[0.02489,51.43699],[0.02506,51.43699],[0.02523,51.43667],[0.02523,51.43592],[0.0254,51.43592],[0.0254,51.43571],[0.02711,51.43656],[0.02865,51.43646],[0.02882,51.43624],[0.02882,51.43582],[0.02899,51.43582],[0.02899,51.43486],[0.02916,51.43486],[0.02899,51.43422],[0.02865,51.43401],[0.0295,51.43348],[0.02984,51.43348],[0.03018,51.43305],[0.03052,51.43305],[0.03138,51.43263],[0.03104,51.4322],[0.03121,51.43209],[0.03155,51.43252],[0.03172,51.43252],[0.03223,51.43231],[0.03223,51.43199],[0.0324,51.43188],[0.03326,51.4322],[0.03377,51.43167],[0.0353,51.43241],[0.03565,51.43241],[0.03582,51.43263],[0.03616,51.43263],[0.03633,51.43284],[0.03667,51.43284],[0.03735,51.43326],[0.03769,51.43326],[0.03769,51.43284],[0.03752,51.43273],[0.03752,51.43156],[0.03769,51.43146],[0.03752,51.43146],[0.03752,51.43124],[0.03769,51.43114],[0.03803,51.42965],[0.03821,51.42965],[0.03821,51.42901],[0.03838,51.42901],[0.03838,51.42794],[0.03786,51.42784],[0.03786,51.42762],[0.03855,51.42762],[0.03838,51.42709],[0.03855,51.42699],[0.03855,51.42667],[0.03889,51.42635],[0.03889,51.42592],[0.03906,51.42582],[0.03906,51.42464],[0.03855,51.42454],[0.03718,51.42337],[0.0365,51.42252],[0.03616,51.42241],[0.0353,51.42284],[0.03326,51.42443],[0.03274,51.42454],[0.03138,51.4255],[0.03001,51.42592],[0.02984,51.42624],[0.02967,51.42624],[0.02967,51.42645],[0.02831,51.4272],[0.02762,51.42784],[0.02609,51.4288],[0.0254,51.42901],[0.02455,51.42848],[0.02387,51.42837],[0.02233,51.42741],[0.02199,51.42741],[0.02114,51.42677],[0.01875,51.42709],[0.01807,51.42699],[0.01807,51.42688],[0.01738,51.42688],[0.01602,51.42613],[0.01414,51.42613],[0.01431,51.42528],[0.01448,51.42518],[0.01346,51.42507],[0.01346,51.42475],[0.01329,51.42464],[0.01192,51.42411],[0.01175,51.42379],[0.01073,51.42337],[0.01073,51.42315],[0.01021,51.42284],[0.01004,51.42252],[0.00817,51.42305],[0.00731,51.42135],[0.0068,51.42145],[0.0068,51.42124],[0.00697,51.42124],[0.0068,51.42092],[0.00629,51.42103],[0.00595,51.42049],[0.00595,51.42007],[0.00526,51.41943],[0.00561,51.41911],[0.00543,51.41911],[0.00543,51.41868],[0.00561,51.41847],[0.00356,51.41741],[0.00168,51.41858],[0.00049,51.41783],[0.00014,51.41783],[-0.00019,51.41762],[-0.00019,51.41709],[-0.00036,51.41698],[-0.00019,51.41645],[-0.00087,51.41613],[-0.0007,51.41592],[-0.00343,51.4157],[-0.0036,51.4156],[-0.0036,51.41538],[-0.00343,51.41538],[-0.00343,51.41517],[-0.00326,51.41507],[-0.00411,51.41475],[-0.00497,51.41464],[-0.00531,51.41528],[-0.00548,51.41528],[-0.00548,51.41581],[-0.00582,51.41602],[-0.0065,51.41602],[-0.00667,51.4157],[-0.00667,51.41464],[-0.00872,51.41432],[-0.00941,51.41379],[-0.00975,51.41379],[-0.01009,51.41358],[-0.01384,51.41358]]]]}},{"type":"Feature","properties":{"code":"E09000024","name":"Merton"},"geometry":{"type":"MultiPolygon","coordinates":[[[[-0.18998,51.44071],[-0.18981,51.44007],[-0.19033,51.43922],[-0.1905,51.43933],[-0.1905,51.43901],[-0.19067,51.4389],[-0.18981,51.4388],[-0.18964,51.43858],[-0.18913,51.43858],[-0.1893,51.43848],[-0.1893,51.43763],[-0.18947,51.43752],[-0.18981,51.43571],[-0.19067,51.4339],[-0.19118,51.43369],[-0.19118,51.43316],[-0.1905,51.43241],[-0.1905,51.43209],[-0.18981,51.43135],[-0.18913,51.43156],[-0.18913,51.43177],[-0.1893,51.43177],[-0.18913,51.43188],[-0.18845,51.43209],[-0.18742,51.43209],[-0.18725,51.43295],[-0.18623,51.43295],[-0.18589,51.43316],[-0.18555,51.43305],[-0.18538,51.43252],[-0.18452,51.43199],[-0.18452,51.43177],[-0.18435,51.43177],[-0.18435,51.43135],[-0.18418,51.43124],[-0.18435,51.42997],[-0.18452,51.42986],[-0.18452,51.42731],[-0.18435,51.42731],[-0.18435,51.42677],[-0.18418,51.42677],[-0.18418,51.42645],[-0.18367,51.42592],[-0.1835,51.42592],[-0.1835,51.42571],[-0.18179,51.42464],[-0.17838,51.42433],[-0.17838,51.42422],[-0.17616,51.4239],[-0.17445,51.42337],[-0.17394,51.42305],[-0.17343,51.42315],[-0.17275,51.42273],[-0.1724,51.42273],[-0.17087,51.42177],[-0.17053,51.42177],[-0.17036,51.42156],[-0.17002,51.42156],[-0.17002,51.42145],[-0.16814,51.42092],[-0.16814,51.42081],[-0.16489,51.42039],[-0.16507,51.42007],[-0.16165,51.41986],[-0.16131,51.42017],[-0.16114,51.42081],[-0.16029,51.42188],[-0.15995,51.42188],[-0.15995,51.4222],[-0.16012,51.4222],[-0.15995,51.4223],[-0.15995,51.42262],[-0.15977,51.42262],[-0.15926,51.42252],[-0.15909,51.4223],[-0.15858,51.4222],[-0.15807,51.42188],[-0.15687,51.42156],[-0.15687,51.42145],[-0.15568,51.42124],[-0.15261,51.42017],[-0.15141,51.41986],[-0.1509,51.41986],[-0.15056,51.42007],[-0.14919,51.41986],[-0.14783,51.419],[-0.14714,51.419],[-0.14646,51.41879],[-0.14595,51.41826],[-0.14441,51.41773],[-0.14271,51.41815],[-0.14049,51.41922],[-0.14288,51.41741],[-0.14322,51.4173],[-0.14305,51.41709],[-0.14493,51.41581],[-0.14424,51.41538],[-0.14527,51.41475],[-0.14578,51.41464],[-0.14714,51.41379],[-0.14731,51.41347],[-0.148,51.41304],[-0.148,51.41283],[-0.1468,51.41262],[-0.1468,51.41251],[-0.14458,51.4124],[-0.14254,51.41336],[-0.14151,51.41283],[-0.13963,51.4123],[-0.13963,51.41219],[-0.13588,51.41123],[-0.13486,51.41123],[-0.13434,51.41102],[-0.134,51.41102],[-0.13383,51.41251],[-0.13366,51.41251],[-0.13349,51.41294],[-0.13332,51.41283],[-0.13349,51.41262],[-0.13264,51.4123],[-0.1282,51.41198],[-0.12786,51.41198],[-0.12786,51.41219],[-0.12752,51.4123],[-0.12769,51.41219],[-0.12769,51.41187],[-0.12786,51.41187],[-0.12803,51.41113],[-0.1282,51.41091],[-0.12854,51.41102],[-0.12854,51.41081],[-0.12939,51.40985],[-0.12939,51.40953],[-0.13127,51.40953],[-0.13127,51.40921],[-0.13212,51.40921],[-0.13195,51.40847],[-0.13247,51.40836],[-0.13247,51.40783],[-0.13229,51.40772],[-0.13229,51.40666],[-0.13195,51.40623],[-0.13195,51.40591],[-0.13161,51.40527],[-0.13127,51.40506],[-0.13144,51.40495],[-0.13127,51.4041],[-0.13059,51.40367],[-0.13042,51.40325],[-0.12837,51.40208],[-0.12837,51.40186],[-0.12752,51.40133],[-0.12752,51.40112],[-0.12717,51.40091],[-0.12683,51.40037],[-0.12615,51.39995],[-0.12598,51.39952],[-0.12564,51.39941],[-0.12564,51.3992],[-0.1253,51.39899],[-0.12564,51.39835],[-0.12461,51.39814],[-0.12444,51.39803],[-0.12461,51.39782],[-0.1241,51.3976],[-0.12513,51.39697],[-0.1253,51.39665],[-0.12632,51.39601],[-0.12717,51.39516],[-0.12956,51.39377],[-0.12939,51.39356],[-0.12871,51.39345],[-0.12973,51.39303],[-0.12991,51.39281],[-0.13332,51.39153],[-0.13417,51.3909],[-0.13486,51.391],[-0.13639,51.39036],[-0.13793,51.39026],[-0.13878,51.38994],[-0.1398,51.38983],[-0.1398,51.38972],[-0.14066,51.38972],[-0.14134,51.3894],[-0.14185,51.3894],[-0.14305,51.39036],[-0.14458,51.39068],[-0.1468,51.39047],[-0.14697,51.39026],[-0.1497,51.38994],[-0.15226,51.38972],[-0.15244,51.38983],[-0.15721,51.38919],[-0.15807,51.3893],[-0.15824,51.38919],[-0.15824,51.38876],[-0.15892,51.38887],[-0.15892,51.38876],[-0.15995,51.38855],[-0.16097,51.38781],[-0.16148,51.38813],[-0.16541,51.38802],[-0.16558,51.38845],[-0.16575,51.38845],[-0.16575,51.38866],[-0.16592,51.38866],[-0.16609,51.38898],[-0.16626,51.38962],[-0.16728,51.38983],[-0.16848,51.3909],[-0.16984,51.39132],[-0.16984,51.39175],[-0.17053,51.39196],[-0.17121,51.39249],[-0.17275,51.3926],[-0.17428,51.39313],[-0.17428,51.39324],[-0.17496,51.39334],[-0.1794,51.38972],[-0.17991,51.38951],[-0.18009,51.38962],[-0.18265,51.38802],[-0.18435,51.38759],[-0.18828,51.38546],[-0.18913,51.38589],[-0.19033,51.3861],[-0.1905,51.38621],[-0.19033,51.38632],[-0.1905,51.38653],[-0.19135,51.38706],[-0.19186,51.38695],[-0.19306,51.38781],[-0.1934,51.38759],[-0.19391,51.38791],[-0.19476,51.38727],[-0.1963,51.38685],[-0.19971,51.38514],[-0.20057,51.38493],[-0.20091,51.38536],[-0.20125,51.38546],[-0.20142,51.38578],[-0.2021,51.3861],[-0.20279,51.38685],[-0.20347,51.38727],[-0.20432,51.38653],[-0.20518,51.3861],[-0.20535,51.38632],[-0.20705,51.38695],[-0.20774,51.38749],[-0.20893,51.38781],[-0.20978,51.38823],[-0.21012,51.38802],[-0.21012,51.38781],[-0.21047,51.3877],[-0.21064,51.38738],[-0.21081,51.38738],[-0.21098,51.38695],[-0.21115,51.38695],[-0.21166,51.38632],[-0.212,51.38621],[-0.212,51.386],[-0.21251,51.38568],[-0.21269,51.38536],[-0.21303,51.38514],[-0.21303,51.38525],[-0.21337,51.38514],[-0.21303,51.38493],[-0.21303,51.38472],[-0.21354,51.3845],[-0.21371,51.38429],[-0.21354,51.38418],[-0.21815,51.38014],[-0.21917,51.38067],[-0.22002,51.38067],[-0.2202,51.38088],[-0.22054,51.38088],[-0.2277,51.38397],[-0.23368,51.38759],[-0.23385,51.3877],[-0.23368,51.38802],[-0.23402,51.38834],[-0.23436,51.38908],[-0.23436,51.39004],[-0.23453,51.39058],[-0.23795,51.38983],[-0.23948,51.3893],[-0.23982,51.3894],[-0.23999,51.39068],[-0.24016,51.39068],[-0.24016,51.39143],[-0.24034,51.39143],[-0.24051,51.39207],[-0.24085,51.39217],[-0.24085,51.39271],[-0.24102,51.39271],[-0.24102,51.39303],[-0.2417,51.39377],[-0.2417,51.39398],[-0.24221,51.39409],[-0.24221,51.3942],[-0.24358,51.3943],[-0.2446,51.39462],[-0.24494,51.39526],[-0.24563,51.39569],[-0.2458,51.39611],[-0.24597,51.39611],[-0.24665,51.39697],[-0.24733,51.3975],[-0.24733,51.39771],[-0.24682,51.39824],[-0.24682,51.39856],[-0.24665,51.39856],[-0.24682,51.39878],[-0.24665,51.39888],[-0.24665,51.40016],[-0.24682,51.40059],[-0.24665,51.40059],[-0.24511,51.40186],[-0.24511,51.40229],[-0.24494,51.40229],[-0.24494,51.40272],[-0.24477,51.40282],[-0.24477,51.40325],[-0.2446,51.40335],[-0.2446,51.40357],[-0.24477,51.40367],[-0.24477,51.40389],[-0.2446,51.40389],[-0.2446,51.40431],[-0.24477,51.40431],[-0.24477,51.40463],[-0.24494,51.40463],[-0.24511,51.40612],[-0.24528,51.40612],[-0.24528,51.40634],[-0.24546,51.40644],[-0.24546,51.40697],[-0.24528,51.40708],[-0.24546,51.40708],[-0.24546,51.40729],[-0.24597,51.40761],[-0.24682,51.40772],[-0.24733,51.40804],[-0.24733,51.40836],[-0.2475,51.40836],[-0.2475,51.4091],[-0.24716,51.40932],[-0.24716,51.40985],[-0.24733,51.40996],[-0.2475,51.41081],[-0.24767,51.41081],[-0.24767,51.41102],[-0.24785,51.41113],[-0.24887,51.41368],[-0.24955,51.41475],[-0.24955,51.4157],[-0.24972,51.4157],[-0.24972,51.41645],[-0.24989,51.41645],[-0.24989,51.41719],[-0.24972,51.41719],[-0.24972,51.41773],[-0.24955,51.41773],[-0.24955,51.41847],[-0.24972,51.41847],[-0.24989,51.41922],[-0.25023,51.41943],[-0.25023,51.41975],[-0.25041,51.41975],[-0.25041,51.42017],[-0.25058,51.42017],[-0.25058,51.42113],[-0.25075,51.42113],[-0.25075,51.42156],[-0.25092,51.42166],[-0.25109,51.42241],[-0.2516,51.42262],[-0.2516,51.42284],[-0.25297,51.42315],[-0.25297,51.42401],[-0.25245,51.42475],[-0.25245,51.42518],[-0.25228,51.42518],[-0.25228,51.42613],[-0.25297,51.42709],[-0.25314,51.42709],[-0.25331,51.42784],[-0.25348,51.42784],[-0.25365,51.42837],[-0.25382,51.42837],[-0.25399,51.42901],[-0.25416,51.42901],[-0.25416,51.42986],[-0.25399,51.42986],[-0.25399,51.43007],[-0.25365,51.4305],[-0.25348,51.4305],[-0.25348,51.43071],[-0.25228,51.43124],[-0.25211,51.43156],[-0.25194,51.43156],[-0.25092,51.43263],[-0.24136,51.43497],[-0.24034,51.43539],[-0.23999,51.43539],[-0.23999,51.4355],[-0.23965,51.4355],[-0.23965,51.43561],[-0.23829,51.43592],[-0.23829,51.43603],[-0.23675,51.43635],[-0.23675,51.43646],[-0.23607,51.43656],[-0.23573,51.43678],[-0.23061,51.43827],[-0.22651,51.43869],[-0.22446,51.43858],[-0.22429,51.4389],[-0.22139,51.43848],[-0.21763,51.43869],[-0.21644,51.43837],[-0.21576,51.43773],[-0.212,51.43784],[-0.212,51.43795],[-0.21132,51.43795],[-0.21064,51.43816],[-0.20569,51.43869],[-0.20569,51.4388],[-0.19784,51.44007],[-0.19493,51.44071],[-0.19493,51.44082],[-0.19425,51.44071],[-0.19016,51.44146],[-0.18998,51.44146],[-0.18998,51.44071]]]]}},{"type":"Feature","properties":{"code":"E09000025","name":"Newham"},"geometry":{"type":"MultiPolygon","coordinates":[[[[0.05271,51.56162],[0.05305,51.56162],[0.0534,51.5613],[0.0534,51.56109],[0.05374,51.56088],[0.05408,51.56088],[0.05408,51.56046],[0.05442,51.56035],[0.05425,51.56003],[0.05442,51.55961],[0.05579,51.55929],[0.0563,51.55897],[0.0563,51.55855],[0.05664,51.55855],[0.05664,51.55876],[0.05681,51.55876],[0.05698,51.55865],[0.05698,51.55823],[0.05715,51.55801],[0.05766,51.55801],[0.05783,51.5578],[0.05835,51.55791],[0.05835,51.55748],[0.05869,51.55738],[0.05869,51.55717],[0.05903,51.55717],[0.05903,51.55695],[0.05954,51.55695],[0.06005,51.55642],[0.06108,51.55653],[0.06364,51.55727],[0.06432,51.55685],[0.06415,51.55674],[0.06466,51.55632],[0.065,51.55642],[0.06603,51.55557],[0.06637,51.55483],[0.06671,51.55462],[0.06688,51.55324],[0.06773,51.55324],[0.0679,51.55292],[0.0679,51.55186],[0.06807,51.55165],[0.06807,51.5508],[0.06825,51.55059],[0.06825,51.54974],[0.06842,51.54952],[0.06876,51.54751],[0.06859,51.54719],[0.06876,51.54687],[0.06876,51.5456],[0.06859,51.54549],[0.06859,51.54485],[0.06842,51.54475],[0.06842,51.54443],[0.06807,51.54369],[0.06756,51.54316],[0.06756,51.54284],[0.06722,51.54263],[0.06722,51.54241],[0.06688,51.54199],[0.06688,51.54167],[0.06671,51.54156],[0.06671,51.54008],[0.06688,51.54008],[0.06688,51.53965],[0.06705,51.53965],[0.06705,51.53944],[0.0679,51.53849],[0.0679,51.53827],[0.06825,51.53806],[0.06842,51.53764],[0.06859,51.53764],[0.06859,51.53742],[0.06876,51.53742],[0.06876,51.53721],[0.06893,51.53721],[0.06825,51.537],[0.06825,51.53636],[0.0679,51.53615],[0.06807,51.53604],[0.06825,51.53626],[0.0691,51.53636],[0.06961,51.53626],[0.06961,51.53594],[0.07098,51.53424],[0.07115,51.53371],[0.07149,51.5335],[0.07149,51.53318],[0.07166,51.53318],[0.07166,51.53296],[0.07183,51.53286],[0.072,51.53296],[0.07251,51.53127],[0.07251,51.53073],[0.07268,51.53052],[0.07268,51.52925],[0.07337,51.52935],[0.07405,51.52967],[0.07507,51.52967],[0.07524,51.52989],[0.07541,51.52989],[0.07541,51.52967],[0.0761,51.52967],[0.07678,51.52935],[0.07797,51.52935],[0.07917,51.52872],[0.07951,51.52829],[0.08053,51.52755],[0.08326,51.52681],[0.08429,51.52617],[0.08514,51.52596],[0.08514,51.52585],[0.08565,51.52585],[0.08565,51.52574],[0.08651,51.52585],[0.08651,51.52596],[0.08685,51.52596],[0.08753,51.52628],[0.08856,51.52649],[0.08958,51.52649],[0.0906,51.52585],[0.09214,51.52596],[0.09214,51.52585],[0.09265,51.52574],[0.09265,51.52553],[0.09282,51.52553],[0.09282,51.52458],[0.09265,51.52447],[0.09265,51.52404],[0.09248,51.52394],[0.09248,51.5233],[0.09231,51.52288],[0.09265,51.52224],[0.09299,51.52213],[0.09316,51.52181],[0.09351,51.52171],[0.0947,51.52065],[0.09504,51.52054],[0.09487,51.51927],[0.0947,51.51916],[0.0947,51.51735],[0.09487,51.51704],[0.09521,51.51661],[0.09538,51.51661],[0.09538,51.5164],[0.09607,51.51597],[0.0976,51.51555],[0.09914,51.51459],[0.09982,51.51449],[0.09965,51.51183],[0.0947,51.51162],[0.09112,51.51109],[0.08804,51.50971],[0.08617,51.50854],[0.08446,51.50716],[0.08378,51.50599],[0.08258,51.5045],[0.07968,51.50153],[0.0778,51.49993],[0.0749,51.49834],[0.07217,51.49759],[0.06756,51.49685],[0.06074,51.49643],[0.0563,51.49653],[0.04964,51.49717],[0.04384,51.49738],[0.03991,51.49717],[0.03735,51.49685],[0.03496,51.49685],[0.0324,51.49643],[0.02779,51.496],[0.02404,51.49611],[0.02063,51.49685],[0.01841,51.4977],[0.01619,51.49876],[0.01346,51.5011],[0.01277,51.50153],[0.01038,51.50376],[0.01021,51.50376],[0.00885,51.50493],[0.00765,51.50556],[0.00902,51.50673],[0.00987,51.50801],[0.00987,51.50843],[0.00919,51.50907],[0.00868,51.50928],[0.0068,51.50949],[0.0068,51.5096],[0.00612,51.50971],[0.00595,51.50992],[0.00612,51.51056],[0.00697,51.51109],[0.00731,51.51183],[0.00748,51.51183],[0.008,51.51247],[0.008,51.51332],[0.00782,51.51332],[0.00782,51.51374],[0.00748,51.51385],[0.00748,51.51406],[0.00714,51.51427],[0.00663,51.51427],[0.00663,51.51438],[0.00543,51.51417],[0.00543,51.51396],[0.00509,51.51385],[0.00492,51.51342],[0.00475,51.51342],[0.00475,51.513],[0.00458,51.513],[0.00458,51.51141],[0.00441,51.5113],[0.00441,51.51098],[0.00373,51.51056],[0.00253,51.51056],[0.00219,51.51087],[0.00219,51.51141],[0.00339,51.51342],[0.00356,51.51342],[0.00373,51.51396],[0.00407,51.51427],[0.00407,51.51481],[0.00339,51.51555],[0.00066,51.5165],[-0.00155,51.51757],[-0.00207,51.51799],[-0.00343,51.51789],[-0.00394,51.51757],[-0.00446,51.51672],[-0.0048,51.51661],[-0.00548,51.51661],[-0.00582,51.51682],[-0.00582,51.51757],[-0.0065,51.51852],[-0.00667,51.51852],[-0.00667,51.51873],[-0.00753,51.51927],[-0.00855,51.51958],[-0.00889,51.5198],[-0.00906,51.52022],[-0.00906,51.52086],[-0.00889,51.52086],[-0.00872,51.52139],[-0.00838,51.5216],[-0.00821,51.52224],[-0.00787,51.52245],[-0.00787,51.52309],[-0.00804,51.5232],[-0.00804,51.52351],[-0.00821,51.52351],[-0.00804,51.52362],[-0.00804,51.525],[-0.0077,51.52553],[-0.00753,51.52553],[-0.00753,51.52628],[-0.00804,51.52659],[-0.00855,51.52755],[-0.01026,51.5284],[-0.01043,51.52861],[-0.01043,51.52904],[-0.0106,51.52904],[-0.0106,51.52925],[-0.01077,51.52935],[-0.01401,51.52989],[-0.01453,51.53042],[-0.01623,51.53084],[-0.01743,51.53148],[-0.01777,51.5319],[-0.01777,51.53212],[-0.01828,51.53243],[-0.01828,51.53265],[-0.01794,51.53296],[-0.01794,51.53339],[-0.01896,51.53403],[-0.01913,51.53498],[-0.01999,51.53594],[-0.02101,51.53626],[-0.02101,51.53647],[-0.02118,51.53647],[-0.02118,51.53721],[-0.02084,51.53764],[-0.01948,51.53817],[-0.01913,51.53859],[-0.01913,51.53902],[-0.01896,51.53912],[-0.01896,51.53933],[-0.01879,51.53933],[-0.01879,51.53955],[-0.01777,51.54018],[-0.01777,51.54093],[-0.01657,51.54135],[-0.01657,51.54156],[-0.0164,51.54156],[-0.0164,51.54209],[-0.01606,51.54241],[-0.01606,51.54263],[-0.01657,51.54316],[-0.01657,51.54432],[-0.01674,51.54443],[-0.01674,51.54496],[-0.01692,51.54507],[-0.01692,51.54602],[-0.01726,51.54666],[-0.01726,51.54719],[-0.01743,51.54719],[-0.01743,51.54772],[-0.0176,51.54772],[-0.01811,51.54868],[-0.01828,51.54942],[-0.01896,51.55048],[-0.01896,51.5509],[-0.01879,51.55101],[-0.01879,51.55143],[-0.01896,51.55154],[-0.01709,51.55154],[-0.01692,51.55143],[-0.01657,51.55165],[-0.01384,51.55186],[-0.01384,51.55197],[-0.01214,51.55218],[-0.01094,51.5526],[-0.01026,51.5526],[-0.01009,51.55239],[-0.00975,51.55239],[-0.00941,51.55218],[-0.00923,51.55165],[-0.00906,51.55165],[-0.00906,51.55059],[-0.00872,51.54995],[-0.00616,51.55037],[-0.00394,51.55112],[-0.0036,51.5509],[-0.00104,51.55165],[0.00253,51.55207],[0.0039,51.55197],[0.0039,51.55175],[0.00509,51.55186],[0.00509,51.55197],[0.00578,51.55186],[0.00578,51.55112],[0.00561,51.55069],[0.00595,51.55069],[0.00953,51.55122],[0.00953,51.55143],[0.00987,51.55175],[0.0109,51.55228],[0.01056,51.55239],[0.0097,51.55345],[0.01107,51.55441],[0.01158,51.55388],[0.01465,51.55494],[0.01568,51.55377],[0.01585,51.55377],[0.01619,51.55324],[0.0167,51.55335],[0.01704,51.55313],[0.01943,51.55419],[0.02114,51.55472],[0.02148,51.55494],[0.02097,51.55568],[0.02045,51.5561],[0.02097,51.55621],[0.0225,51.5561],[0.02267,51.55674],[0.02301,51.55685],[0.02353,51.55674],[0.02353,51.55589],[0.02387,51.55547],[0.0254,51.55557],[0.0254,51.55409],[0.02779,51.55441],[0.02967,51.5543],[0.03189,51.55451],[0.03513,51.55526],[0.04059,51.55494],[0.04298,51.55504],[0.04623,51.55483],[0.04623,51.55526],[0.04606,51.55526],[0.0452,51.55632],[0.04503,51.55632],[0.04486,51.55674],[0.04469,51.55674],[0.04435,51.5577],[0.04384,51.5578],[0.04298,51.55833],[0.04316,51.55855],[0.04298,51.55855],[0.04298,51.55886],[0.04196,51.56152],[0.05015,51.56396],[0.05049,51.56385],[0.05066,51.56321],[0.05084,51.56321],[0.05101,51.56279],[0.05118,51.56279],[0.05118,51.56247],[0.05135,51.56247],[0.05152,51.56215],[0.05254,51.56183],[0.05254,51.56162],[0.05271,51.56162]]]]}},{"type":"Feature","properties":{"code":"E09000026","name":"Redbridge"},"geometry":{"type":"MultiPolygon","coordinates":[[[[0.02182,51.62884],[0.02404,51.62789],[0.02592,51.62673],[0.02677,51.62588],[0.02814,51.62567],[0.02899,51.62524],[0.02899,51.62461],[0.02933,51.62461],[0.02933,51.62429],[0.0307,51.62365],[0.03052,51.62333],[0.03155,51.62312],[0.03274,51.62238],[0.03274,51.62217],[0.03343,51.62175],[0.03462,51.62047],[0.03565,51.61984],[0.03701,51.61857],[0.03752,51.61835],[0.03752,51.61782],[0.03769,51.61793],[0.04025,51.61645],[0.04008,51.61613],[0.04042,51.61592],[0.04077,51.61592],[0.04059,51.61581],[0.04077,51.6157],[0.04213,51.61655],[0.04367,51.61698],[0.04469,51.61708],[0.04469,51.61719],[0.04623,51.61719],[0.04623,51.6174],[0.0464,51.61729],[0.04793,51.6174],[0.04793,51.61751],[0.05305,51.61846],[0.05374,51.61825],[0.05442,51.61761],[0.05442,51.61729],[0.05408,51.61708],[0.05425,51.61676],[0.0534,51.61634],[0.05305,51.61634],[0.05254,51.61687],[0.05169,51.61687],[0.05169,51.61676],[0.05066,51.61645],[0.05015,51.61645],[0.04947,51.6156],[0.04896,51.61549],[0.04862,51.61507],[0.04845,51.61507],[0.04828,51.61433],[0.04845,51.61401],[0.04862,51.61401],[0.04862,51.6138],[0.04793,51.61348],[0.04793,51.61327],[0.04828,51.61316],[0.04828,51.61337],[0.04862,51.61359],[0.04896,51.61359],[0.04913,51.61337],[0.05066,51.61284],[0.05084,51.61263],[0.05186,51.61231],[0.05254,51.61189],[0.05288,51.61189],[0.05305,51.61168],[0.05408,51.61125],[0.05442,51.61094],[0.05476,51.61094],[0.05596,51.61019],[0.05749,51.60966],[0.0592,51.60882],[0.06039,51.6085],[0.06261,51.60701],[0.0633,51.60701],[0.06364,51.60723],[0.06398,51.60723],[0.06603,51.60627],[0.06773,51.60606],[0.07029,51.60521],[0.07285,51.60468],[0.07507,51.60553],[0.07627,51.60617],[0.07814,51.6068],[0.07883,51.60701],[0.08019,51.60701],[0.08173,51.6068],[0.08258,51.60648],[0.08446,51.60638],[0.08514,51.60606],[0.08565,51.60542],[0.08617,51.60521],[0.08651,51.60479],[0.08719,51.60436],[0.0889,51.60489],[0.08873,51.60521],[0.08907,51.60542],[0.09026,51.60574],[0.09112,51.60574],[0.09112,51.60585],[0.09248,51.60617],[0.0918,51.60733],[0.0918,51.60797],[0.09197,51.60839],[0.09265,51.60945],[0.09385,51.60977],[0.09419,51.61009],[0.09419,51.61072],[0.09453,51.61072],[0.0947,51.61094],[0.09351,51.61263],[0.09333,51.61263],[0.09333,51.61284],[0.09316,51.61284],[0.09299,51.61316],[0.09231,51.61359],[0.09487,51.61443],[0.09709,51.61496],[0.09709,51.61507],[0.09811,51.61539],[0.10016,51.61274],[0.10341,51.61348],[0.10375,51.61253],[0.10989,51.61412],[0.11672,51.61687],[0.1186,51.61539],[0.11928,51.61539],[0.1203,51.6157],[0.1244,51.61761],[0.12542,51.61899],[0.12611,51.61963],[0.12798,51.62026],[0.12867,51.62069],[0.12867,51.62058],[0.12935,51.62153],[0.1302,51.62153],[0.13054,51.62175],[0.13225,51.62217],[0.13413,51.62312],[0.13583,51.62355],[0.13822,51.62355],[0.13822,51.62333],[0.1401,51.62122],[0.14095,51.62069],[0.14215,51.6192],[0.14283,51.61867],[0.14283,51.61846],[0.14317,51.61804],[0.14334,51.61804],[0.14334,51.61782],[0.14403,51.61698],[0.14437,51.61687],[0.14471,51.61613],[0.14488,51.61613],[0.14488,51.61581],[0.14505,51.61581],[0.14505,51.61539],[0.14522,51.61539],[0.14539,51.61454],[0.14573,51.61443],[0.14642,51.61369],[0.14659,51.61369],[0.14727,51.61274],[0.14727,51.61253],[0.14744,51.61253],[0.14761,51.61178],[0.14778,51.61168],[0.14778,51.61062],[0.14829,51.60977],[0.14829,51.60945],[0.14846,51.60945],[0.14846,51.60913],[0.14864,51.60903],[0.14864,51.60829],[0.14881,51.60829],[0.14881,51.60691],[0.14864,51.60691],[0.14864,51.60638],[0.14846,51.60627],[0.14864,51.60405],[0.14881,51.60373],[0.14898,51.60373],[0.14949,51.60267],[0.14915,51.60214],[0.14898,51.60118],[0.14881,51.60108],[0.14881,51.60055],[0.14864,51.60044],[0.14829,51.59906],[0.14812,51.59896],[0.14659,51.59938],[0.13703,51.59355],[0.13652,51.59344],[0.1331,51.59164],[0.12952,51.59005],[0.13003,51.58888],[0.13106,51.58751],[0.12645,51.58676],[0.1273,51.58475],[0.1273,51.5839],[0.12764,51.5839],[0.12798,51.58294],[0.12815,51.58284],[0.12798,51.58263],[0.12798,51.5822],[0.12781,51.5822],[0.12781,51.58167],[0.13088,51.58135],[0.13259,51.58135],[0.13293,51.58072],[0.13327,51.58061],[0.13344,51.58008],[0.13362,51.57998],[0.13071,51.57934],[0.13071,51.57902],[0.13088,51.57913],[0.13106,51.57881],[0.13106,51.57828],[0.13123,51.57828],[0.13123,51.57775],[0.13157,51.57711],[0.12918,51.57626],[0.12918,51.57573],[0.12935,51.57563],[0.12935,51.57404],[0.12969,51.57372],[0.12969,51.5735],[0.12986,51.5735],[0.13003,51.57308],[0.13088,51.5734],[0.13157,51.57202],[0.13157,51.57181],[0.12986,51.5716],[0.12986,51.57128],[0.13003,51.57128],[0.13003,51.57064],[0.13037,51.57075],[0.13037,51.57053],[0.13054,51.57043],[0.13037,51.57032],[0.13037,51.5699],[0.13003,51.56926],[0.12969,51.56884],[0.12969,51.56735],[0.12952,51.56714],[0.12952,51.56672],[0.12935,51.56672],[0.12935,51.5665],[0.12781,51.56629],[0.12713,51.56576],[0.12696,51.56544],[0.12474,51.56417],[0.11962,51.56321],[0.11894,51.5629],[0.11894,51.56268],[0.11979,51.56247],[0.1174,51.55918],[0.11825,51.55897],[0.11825,51.55886],[0.12047,51.55855],[0.1203,51.55855],[0.11928,51.55759],[0.11894,51.55738],[0.11706,51.55738],[0.11706,51.55695],[0.1133,51.55727],[0.11313,51.55674],[0.11279,51.55653],[0.11467,51.55536],[0.11382,51.55451],[0.11245,51.55366],[0.11228,51.55345],[0.11245,51.55303],[0.11228,51.55303],[0.11194,51.5526],[0.11023,51.5525],[0.10835,51.55271],[0.10835,51.55207],[0.1075,51.55207],[0.10631,51.55101],[0.10443,51.54984],[0.10289,51.54952],[0.10204,51.5491],[0.10067,51.54878],[0.09846,51.54783],[0.09828,51.54761],[0.09777,51.54751],[0.0976,51.5473],[0.09692,51.54719],[0.09675,51.54698],[0.09641,51.54698],[0.09572,51.54655],[0.09538,51.54655],[0.09351,51.54581],[0.09299,51.54655],[0.09282,51.5473],[0.09231,51.54836],[0.09231,51.54921],[0.09248,51.54921],[0.09248,51.54952],[0.09265,51.54963],[0.09248,51.54963],[0.09163,51.5491],[0.09163,51.54878],[0.09146,51.54878],[0.09163,51.54836],[0.09146,51.54825],[0.0906,51.54814],[0.0906,51.54793],[0.08787,51.54772],[0.08565,51.5473],[0.08361,51.54623],[0.08275,51.54602],[0.08241,51.5457],[0.08173,51.5456],[0.08156,51.54549],[0.08173,51.54528],[0.08139,51.54507],[0.08088,51.54507],[0.07985,51.54464],[0.07866,51.54443],[0.07797,51.54401],[0.07746,51.54454],[0.07695,51.54432],[0.07661,51.54454],[0.07593,51.54411],[0.07439,51.54379],[0.072,51.54379],[0.07166,51.54358],[0.07046,51.5439],[0.06978,51.54401],[0.06978,51.5439],[0.06842,51.54443],[0.06842,51.54475],[0.06859,51.54485],[0.06859,51.54549],[0.06876,51.5456],[0.06876,51.54687],[0.06859,51.54698],[0.06876,51.54751],[0.06842,51.54952],[0.06825,51.54974],[0.06825,51.55059],[0.06807,51.5508],[0.06807,51.55165],[0.0679,51.55186],[0.0679,51.55292],[0.06773,51.55324],[0.06688,51.55324],[0.06671,51.55462],[0.06637,51.55483],[0.06603,51.55557],[0.065,51.55642],[0.06466,51.55632],[0.06415,51.55674],[0.06432,51.55685],[0.06364,51.55727],[0.06108,51.55653],[0.06022,51.55642],[0.05971,51.55664],[0.05971,51.55685],[0.05954,51.55695],[0.05903,51.55695],[0.05903,51.55717],[0.05869,51.55717],[0.05869,51.55738],[0.05835,51.55748],[0.05835,51.55791],[0.05783,51.5578],[0.05766,51.55801],[0.05715,51.55801],[0.05698,51.55823],[0.05698,51.55865],[0.05681,51.55876],[0.05664,51.55876],[0.05664,51.55855],[0.0563,51.55855],[0.0563,51.55897],[0.05579,51.55929],[0.05442,51.55961],[0.05442,51.55982],[0.05425,51.55992],[0.05442,51.56035],[0.05408,51.56046],[0.05408,51.56088],[0.05374,51.56088],[0.0534,51.56109],[0.0534,51.5613],[0.05305,51.56162],[0.05254,51.56162],[0.05254,51.56183],[0.05152,51.56215],[0.05135,51.56247],[0.05118,51.56247],[0.05118,51.56279],[0.05101,51.56279],[0.05084,51.56321],[0.05066,51.56321],[0.05049,51.56385],[0.05032,51.56396],[0.04196,51.56152],[0.04298,51.55886],[0.04298,51.55855],[0.04316,51.55855],[0.04298,51.55833],[0.04384,51.5578],[0.04435,51.5577],[0.04469,51.55674],[0.04486,51.55674],[0.04503,51.55632],[0.0452,51.55632],[0.04606,51.55526],[0.04623,51.55526],[0.04623,51.55483],[0.04298,51.55504],[0.04059,51.55494],[0.03513,51.55526],[0.03189,51.55451],[0.02967,51.5543],[0.02779,51.55441],[0.0254,51.55409],[0.0254,51.55557],[0.02387,51.55547],[0.0237,51.55557],[0.0237,51.55579],[0.02353,51.55589],[0.02353,51.55674],[0.02336,51.55685],[0.02267,51.55674],[0.0225,51.5561],[0.02182,51.55621],[0.02045,51.5561],[0.01943,51.55695],[0.01926,51.55727],[0.01858,51.5577],[0.01841,51.55801],[0.01789,51.55823],[0.01772,51.55855],[0.01721,51.55886],[0.01619,51.55929],[0.01482,51.55939],[0.01465,51.55961],[0.01465,51.56003],[0.01448,51.56014],[0.01448,51.56056],[0.01431,51.56077],[0.01448,51.56077],[0.01431,51.56099],[0.01431,51.56438],[0.01448,51.56459],[0.01448,51.56565],[0.01772,51.56565],[0.01875,51.56608],[0.01875,51.56629],[0.01892,51.56629],[0.01892,51.56735],[0.01875,51.56746],[0.01807,51.56926],[0.01772,51.56969],[0.01772,51.57011],[0.01841,51.57011],[0.01909,51.56979],[0.01909,51.57117],[0.01892,51.57128],[0.01892,51.57234],[0.01807,51.57202],[0.01755,51.57255],[0.01636,51.57287],[0.01636,51.57308],[0.01687,51.5735],[0.01704,51.57393],[0.01738,51.57414],[0.01738,51.57616],[0.01755,51.57743],[0.01721,51.57785],[0.0167,51.57913],[0.01636,51.57923],[0.01636,51.57966],[0.01533,51.58146],[0.01533,51.58167],[0.01568,51.58178],[0.01533,51.5822],[0.01533,51.58305],[0.0155,51.58305],[0.0155,51.58337],[0.01414,51.58337],[0.01346,51.58369],[0.01277,51.58846],[0.0126,51.58878],[0.0126,51.58984],[0.01243,51.58994],[0.0126,51.59005],[0.01243,51.59016],[0.01243,51.59132],[0.01226,51.59143],[0.01226,51.59217],[0.01209,51.59217],[0.01209,51.59313],[0.01226,51.59323],[0.01226,51.59419],[0.01243,51.59429],[0.01243,51.59525],[0.0126,51.59535],[0.0126,51.59684],[0.01277,51.59705],[0.01294,51.59927],[0.01397,51.60055],[0.01397,51.60076],[0.01448,51.60118],[0.01465,51.60161],[0.01516,51.60214],[0.01516,51.60235],[0.01533,51.60235],[0.01585,51.6033],[0.01721,51.60489],[0.01738,51.60532],[0.01755,51.60532],[0.01807,51.60595],[0.01824,51.60595],[0.01807,51.60606],[0.01824,51.60648],[0.01909,51.60776],[0.0196,51.60765],[0.01926,51.60807],[0.01926,51.60829],[0.0196,51.60839],[0.01977,51.60871],[0.0196,51.60882],[0.01994,51.60913],[0.02011,51.60966],[0.02028,51.60977],[0.02045,51.60966],[0.02045,51.60988],[0.02063,51.60988],[0.02063,51.61019],[0.0208,51.6103],[0.02063,51.61041],[0.02114,51.61051],[0.02114,51.61072],[0.02148,51.61104],[0.02114,51.61115],[0.02148,51.61178],[0.02114,51.61253],[0.01943,51.6139],[0.01636,51.61687],[0.00868,51.6191],[0.0097,51.6192],[0.01056,51.61899],[0.0126,51.6191],[0.01448,51.61888],[0.01465,51.61952],[0.01482,51.61963],[0.01465,51.61963],[0.01465,51.61994],[0.01431,51.62026],[0.01533,51.6209],[0.01602,51.621],[0.01602,51.62122],[0.01636,51.62132],[0.01619,51.62143],[0.01619,51.62185],[0.01687,51.62185],[0.01704,51.62196],[0.01704,51.62238],[0.01772,51.62228],[0.01858,51.6228],[0.01875,51.62344],[0.01841,51.62344],[0.01841,51.62355],[0.01909,51.62365],[0.01909,51.62376],[0.01875,51.62376],[0.01875,51.62418],[0.01909,51.62429],[0.01909,51.62482],[0.01926,51.62492],[0.01909,51.62503],[0.01943,51.62514],[0.01943,51.62567],[0.01977,51.62588],[0.01977,51.62609],[0.02011,51.6262],[0.02011,51.62673],[0.01994,51.62673],[0.01994,51.62704],[0.02063,51.62736],[0.02063,51.62757],[0.02045,51.62757],[0.02045,51.62778],[0.02063,51.62778],[0.02063,51.62831],[0.02114,51.62831],[0.02114,51.62853],[0.02097,51.62853],[0.02097,51.62895],[0.02131,51.62884],[0.02131,51.62906],[0.02182,51.62884]]]]}},{"type":"Feature","properties":{"code":"E09000027","name":"Richmond upon Thames"},"geometry":{"type":"MultiPolygon","coordinates":[[[[-0.23453,51.48962],[-0.23317,51.48941],[-0.23061,51.48835],[-0.22907,51.48729],[-0.22856,51.48676],[-0.22805,51.48654],[-0.22736,51.4858],[-0.22736,51.48559],[-0.22702,51.48537],[-0.22685,51.48484],[-0.22668,51.48484],[-0.22668,51.48442],[-0.22651,51.48431],[-0.22651,51.48389],[-0.22617,51.48335],[-0.226,51.4825],[-0.22583,51.4825],[-0.22583,51.48229],[-0.22566,51.48219],[-0.22583,51.4807],[-0.22566,51.48059],[-0.22566,51.48017],[-0.22549,51.47995],[-0.22566,51.47963],[-0.22566,51.47751],[-0.22549,51.47676],[-0.22497,51.47559],[-0.22412,51.47453],[-0.22173,51.4723],[-0.22258,51.47198],[-0.22293,51.47166],[-0.22344,51.47155],[-0.22344,51.47113],[-0.22327,51.47113],[-0.22327,51.47092],[-0.22344,51.4707],[-0.22395,51.4707],[-0.22583,51.47113],[-0.22583,51.47124],[-0.22651,51.47124],[-0.22873,51.47209],[-0.22958,51.47209],[-0.22992,51.47241],[-0.23027,51.47241],[-0.23095,51.47283],[-0.23197,51.47283],[-0.23283,51.47241],[-0.233,51.47219],[-0.233,51.47124],[-0.23283,51.47102],[-0.23283,51.4706],[-0.233,51.47049],[-0.233,51.46932],[-0.23317,51.46922],[-0.23351,51.46815],[-0.23351,51.46762],[-0.23317,51.46741],[-0.233,51.46666],[-0.23283,51.46656],[-0.23368,51.46613],[-0.23368,51.46549],[-0.23351,51.46539],[-0.23334,51.46401],[-0.23709,51.46464],[-0.24392,51.46528],[-0.24716,51.46507],[-0.25297,51.46518],[-0.25348,51.46496],[-0.2557,51.46337],[-0.25587,51.46305],[-0.25604,51.46305],[-0.25792,51.4605],[-0.25792,51.46028],[-0.25757,51.46007],[-0.25672,51.45986],[-0.25689,51.45954],[-0.25706,51.45954],[-0.25706,51.45911],[-0.25723,51.45911],[-0.25723,51.4589],[-0.25792,51.45816],[-0.25809,51.45762],[-0.2586,51.45688],[-0.2586,51.45656],[-0.25894,51.45603],[-0.25894,51.4555],[-0.25911,51.45539],[-0.25911,51.45497],[-0.25877,51.45475],[-0.24716,51.44912],[-0.24511,51.44688],[-0.2446,51.44656],[-0.2446,51.44635],[-0.24426,51.44624],[-0.24426,51.44603],[-0.24409,51.44603],[-0.24358,51.44529],[-0.24238,51.44412],[-0.24221,51.44369],[-0.24153,51.44316],[-0.24187,51.44273],[-0.2429,51.44178],[-0.2458,51.44071],[-0.25382,51.43731],[-0.25416,51.43731],[-0.25416,51.4372],[-0.25518,51.43688],[-0.25536,51.43667],[-0.2557,51.43656],[-0.25621,51.43667],[-0.25638,51.43656],[-0.25621,51.43635],[-0.25638,51.43624],[-0.25894,51.43529],[-0.26611,51.4322],[-0.26713,51.43146],[-0.26764,51.43135],[-0.26986,51.43018],[-0.27037,51.42975],[-0.27106,51.42954],[-0.27123,51.42922],[-0.27191,51.4288],[-0.27225,51.42837],[-0.27259,51.42826],[-0.27908,51.42284],[-0.28045,51.42188],[-0.28642,51.42028],[-0.28642,51.42017],[-0.28659,51.42017],[-0.2871,51.42103],[-0.28744,51.4222],[-0.28778,51.42252],[-0.28813,51.42358],[-0.28847,51.42401],[-0.28864,51.42475],[-0.29069,51.42901],[-0.29205,51.4289],[-0.2929,51.42901],[-0.29308,51.4289],[-0.2929,51.42858],[-0.29325,51.42858],[-0.29342,51.42816],[-0.29342,51.42645],[-0.29478,51.42645],[-0.29478,51.42699],[-0.29546,51.42699],[-0.29529,51.42731],[-0.29546,51.42762],[-0.29581,51.42784],[-0.29598,51.42773],[-0.2982,51.42901],[-0.2982,51.42922],[-0.29871,51.42943],[-0.30161,51.43146],[-0.30212,51.43114],[-0.30195,51.43114],[-0.30144,51.4305],[-0.30178,51.43039],[-0.30229,51.43071],[-0.30605,51.43135],[-0.30622,51.43114],[-0.30622,51.4305],[-0.30639,51.4305],[-0.30639,51.43018],[-0.3069,51.43028],[-0.30724,51.43018],[-0.30861,51.43082],[-0.3081,51.43103],[-0.30946,51.43199],[-0.31014,51.4322],[-0.31031,51.43199],[-0.31066,51.4322],[-0.31117,51.43188],[-0.31287,51.43039],[-0.31287,51.43018],[-0.31339,51.42975],[-0.31441,51.42816],[-0.31407,51.42816],[-0.31304,51.42773],[-0.31287,51.42752],[-0.31202,51.42731],[-0.30827,51.42496],[-0.30707,51.42347],[-0.3069,51.42347],[-0.30622,51.42198],[-0.30605,51.42188],[-0.30605,51.42145],[-0.30588,51.42124],[-0.30639,51.42092],[-0.30656,51.41986],[-0.30673,51.41964],[-0.30656,51.4189],[-0.30673,51.41879],[-0.3069,51.41815],[-0.30758,51.4173],[-0.30758,51.41677],[-0.30775,51.41677],[-0.30775,51.41645],[-0.30844,51.41485],[-0.30844,51.41208],[-0.30861,51.41208],[-0.30878,51.41166],[-0.30895,51.40953],[-0.30912,51.40942],[-0.30912,51.40878],[-0.30895,51.40847],[-0.30895,51.40527],[-0.30878,51.40516],[-0.30861,51.40421],[-0.30861,51.40261],[-0.30878,51.40229],[-0.30878,51.40165],[-0.30946,51.40037],[-0.30946,51.40005],[-0.31202,51.39846],[-0.31219,51.39782],[-0.31287,51.39707],[-0.31851,51.39313],[-0.32004,51.39249],[-0.32482,51.39143],[-0.32602,51.39143],[-0.32772,51.39175],[-0.32789,51.39196],[-0.32875,51.39228],[-0.33045,51.39388],[-0.33062,51.39388],[-0.33233,51.39611],[-0.33284,51.39633],[-0.3354,51.39835],[-0.33677,51.3992],[-0.33711,51.39963],[-0.33728,51.39963],[-0.33762,51.40005],[-0.33762,51.40027],[-0.33779,51.40027],[-0.33831,51.40091],[-0.33848,51.40091],[-0.33848,51.40122],[-0.33882,51.40176],[-0.33899,51.40176],[-0.33916,51.40208],[-0.33984,51.4025],[-0.34018,51.40293],[-0.34155,51.40357],[-0.3436,51.40378],[-0.3465,51.4057],[-0.34718,51.40602],[-0.34769,51.40602],[-0.34889,51.40644],[-0.35008,51.40708],[-0.35059,51.40761],[-0.35128,51.40783],[-0.3552,51.40985],[-0.3552,51.4107],[-0.35776,51.41155],[-0.35828,51.41155],[-0.35896,51.41187],[-0.35998,51.41208],[-0.36118,51.41208],[-0.36442,51.41166],[-0.36681,51.41102],[-0.37312,51.40857],[-0.37944,51.40783],[-0.38132,51.40804],[-0.38337,51.40857],[-0.38337,51.40953],[-0.38388,51.40953],[-0.38371,51.41006],[-0.38627,51.41038],[-0.38917,51.41027],[-0.38934,51.4107],[-0.38968,51.4107],[-0.38985,51.41219],[-0.39036,51.41432],[-0.38627,51.41432],[-0.38627,51.41464],[-0.38661,51.41507],[-0.38644,51.41528],[-0.38661,51.41645],[-0.38644,51.41656],[-0.38661,51.41677],[-0.38695,51.41826],[-0.38763,51.41932],[-0.38661,51.42007],[-0.39139,51.4223],[-0.39139,51.42252],[-0.39156,51.42252],[-0.3919,51.42294],[-0.39292,51.42326],[-0.39292,51.42337],[-0.39275,51.42347],[-0.39105,51.42315],[-0.38934,51.4223],[-0.38524,51.42071],[-0.38524,51.42103],[-0.38507,51.42103],[-0.38456,51.42166],[-0.38422,51.42241],[-0.38405,51.42241],[-0.38405,51.42273],[-0.38422,51.42273],[-0.38456,51.42326],[-0.3849,51.42347],[-0.3849,51.42369],[-0.38507,51.42369],[-0.38524,51.42411],[-0.38541,51.42411],[-0.38558,51.42454],[-0.38575,51.42454],[-0.38627,51.4256],[-0.38661,51.42582],[-0.38712,51.42645],[-0.38712,51.42667],[-0.38729,51.42667],[-0.38746,51.42709],[-0.38763,51.42709],[-0.38831,51.42794],[-0.38831,51.42805],[-0.38797,51.42784],[-0.38712,51.42816],[-0.38729,51.42848],[-0.38797,51.42858],[-0.3878,51.4289],[-0.38746,51.42901],[-0.38678,51.42975],[-0.38524,51.43071],[-0.38456,51.43135],[-0.38268,51.43252],[-0.37927,51.43412],[-0.3791,51.43433],[-0.37739,51.43507],[-0.3762,51.43539],[-0.3762,51.43561],[-0.3779,51.43624],[-0.37773,51.43646],[-0.3779,51.43678],[-0.37756,51.43699],[-0.36988,51.44018],[-0.36681,51.44167],[-0.36886,51.4422],[-0.36886,51.44231],[-0.36937,51.44231],[-0.37056,51.44305],[-0.37227,51.44337],[-0.37278,51.44369],[-0.37329,51.44369],[-0.37364,51.44348],[-0.37364,51.44327],[-0.37347,51.44327],[-0.37398,51.44295],[-0.37654,51.44295],[-0.37705,51.44241],[-0.37807,51.44241],[-0.37927,51.44284],[-0.37961,51.44305],[-0.37961,51.4438],[-0.37978,51.4439],[-0.37978,51.44422],[-0.37961,51.44433],[-0.38012,51.44444],[-0.38029,51.44465],[-0.382,51.44486],[-0.38319,51.44518],[-0.38388,51.44571],[-0.38627,51.44667],[-0.38627,51.4471],[-0.38644,51.4471],[-0.38627,51.44827],[-0.38729,51.4489],[-0.38746,51.44933],[-0.3878,51.44933],[-0.3878,51.44944],[-0.3849,51.44986],[-0.38439,51.44986],[-0.38371,51.44954],[-0.3762,51.45539],[-0.37517,51.45635],[-0.37295,51.45752],[-0.37295,51.45731],[-0.37261,51.45699],[-0.37244,51.4572],[-0.37159,51.4572],[-0.36835,51.45688],[-0.36783,51.45741],[-0.3651,51.45784],[-0.36442,51.45773],[-0.36442,51.45762],[-0.36271,51.45762],[-0.36271,51.45773],[-0.36169,51.45784],[-0.36135,51.45805],[-0.35964,51.45826],[-0.35486,51.45837],[-0.35333,51.45816],[-0.35333,51.45794],[-0.35315,51.45794],[-0.35315,51.45773],[-0.35281,51.45752],[-0.35281,51.45688],[-0.34786,51.45677],[-0.34786,51.45688],[-0.34667,51.4572],[-0.34599,51.4572],[-0.34564,51.45741],[-0.34547,51.45784],[-0.34513,51.45794],[-0.34274,51.45805],[-0.34172,51.45901],[-0.34018,51.45922],[-0.34018,51.4589],[-0.34052,51.45858],[-0.34052,51.45826],[-0.3407,51.45826],[-0.3407,51.4572],[-0.34052,51.4572],[-0.34035,51.45688],[-0.33899,51.45592],[-0.33848,51.45614],[-0.33779,51.4555],[-0.33796,51.45539],[-0.33779,51.45529],[-0.33779,51.45507],[-0.33762,51.45507],[-0.33762,51.45486],[-0.33694,51.45465],[-0.33677,51.45518],[-0.3366,51.45518],[-0.3366,51.45539],[-0.33626,51.45571],[-0.3337,51.4555],[-0.3337,51.45529],[-0.33319,51.45529],[-0.3325,51.45571],[-0.3325,51.45624],[-0.33199,51.45656],[-0.33199,51.45677],[-0.33165,51.45688],[-0.33148,51.45731],[-0.33045,51.45794],[-0.32841,51.45805],[-0.32824,51.45773],[-0.32755,51.45741],[-0.32738,51.45699],[-0.32687,51.45699],[-0.32687,51.4572],[-0.32653,51.45731],[-0.32653,51.45752],[-0.32619,51.45784],[-0.3255,51.45805],[-0.32568,51.45816],[-0.32568,51.45837],[-0.32619,51.45858],[-0.32602,51.4589],[-0.32653,51.45922],[-0.32619,51.45986],[-0.3267,51.45986],[-0.3267,51.46018],[-0.32636,51.4606],[-0.32636,51.46092],[-0.32687,51.46113],[-0.3267,51.46177],[-0.32636,51.46199],[-0.32619,51.46241],[-0.32602,51.46241],[-0.32602,51.46273],[-0.32568,51.46294],[-0.32568,51.46326],[-0.3255,51.46326],[-0.3255,51.46358],[-0.32533,51.46358],[-0.32499,51.46422],[-0.32482,51.46422],[-0.3238,51.46518],[-0.32329,51.46539],[-0.32073,51.46539],[-0.32055,51.46592],[-0.32038,51.46592],[-0.32038,51.46624],[-0.32021,51.46624],[-0.32004,51.46698],[-0.31987,51.46698],[-0.3197,51.46868],[-0.31919,51.46964],[-0.31902,51.47039],[-0.31885,51.47049],[-0.31885,51.47081],[-0.31748,51.47155],[-0.31407,51.47251],[-0.31083,51.47368],[-0.30775,51.47506],[-0.30622,51.47602],[-0.30553,51.47687],[-0.30536,51.47687],[-0.30519,51.4774],[-0.30485,51.47772],[-0.30485,51.47793],[-0.30468,51.47793],[-0.30468,51.47815],[-0.30451,51.47815],[-0.30451,51.47836],[-0.30434,51.47836],[-0.30383,51.479],[-0.30297,51.47963],[-0.3028,51.47995],[-0.30093,51.48112],[-0.29939,51.4825],[-0.29837,51.48367],[-0.29837,51.48389],[-0.29803,51.4841],[-0.29785,51.48452],[-0.29768,51.48452],[-0.29768,51.48474],[-0.29751,51.48484],[-0.29751,51.48505],[-0.29734,51.48505],[-0.29717,51.48548],[-0.29598,51.48612],[-0.29222,51.48729],[-0.28983,51.48739],[-0.2883,51.48697],[-0.28693,51.48697],[-0.28437,51.48644],[-0.28266,51.4858],[-0.28232,51.48516],[-0.28181,51.48484],[-0.28113,51.48463],[-0.28096,51.48442],[-0.28062,51.48442],[-0.28062,51.48431],[-0.27976,51.4842],[-0.27874,51.48357],[-0.2772,51.4824],[-0.2772,51.48219],[-0.27635,51.48144],[-0.27601,51.4808],[-0.27601,51.48048],[-0.27584,51.48048],[-0.27567,51.47985],[-0.2755,51.47985],[-0.2755,51.47942],[-0.27532,51.47942],[-0.27515,51.47878],[-0.27464,51.47804],[-0.27447,51.47751],[-0.27294,51.47559],[-0.27089,51.47368],[-0.26935,51.47272],[-0.26713,51.47177],[-0.2644,51.47102],[-0.26269,51.47081],[-0.25962,51.47081],[-0.25809,51.47102],[-0.25621,51.47155],[-0.2545,51.4723],[-0.25331,51.47315],[-0.25194,51.47474],[-0.25177,51.47474],[-0.2516,51.47559],[-0.25075,51.47698],[-0.25075,51.4774],[-0.25058,51.4774],[-0.25058,51.47804],[-0.25041,51.47825],[-0.25041,51.47985],[-0.25023,51.47985],[-0.25041,51.48017],[-0.25041,51.48208],[-0.25023,51.48219],[-0.25023,51.48272],[-0.24955,51.48389],[-0.24836,51.48516],[-0.24511,51.48676],[-0.24238,51.48856],[-0.24102,51.48909],[-0.23931,51.48952],[-0.23743,51.48973],[-0.23453,51.48962]]]]}},{"type":"Feature","properties":{"code":"E09000028","name":"Southwark"},"geometry":{"type":"MultiPolygon","coordinates":[[[[-0.10328,51.50981],[-0.09918,51.50971],[-0.09611,51.50939],[-0.09116,51.50822],[-0.08724,51.50779],[-0.08485,51.50769],[-0.08024,51.50694],[-0.0799,51.50673],[-0.07802,51.50631],[-0.07802,51.5062],[-0.07546,51.50546],[-0.07324,51.50503],[-0.07068,51.50386],[-0.0688,51.50323],[-0.06795,51.50312],[-0.06505,51.50227],[-0.06232,51.50184],[-0.06061,51.50174],[-0.06061,51.50163],[-0.05805,51.50184],[-0.05549,51.50248],[-0.05225,51.50429],[-0.05122,51.50471],[-0.04815,51.50663],[-0.04559,51.5079],[-0.04439,51.50833],[-0.04218,51.50864],[-0.03791,51.50854],[-0.03688,51.50822],[-0.03637,51.50822],[-0.03637,51.50811],[-0.03569,51.50801],[-0.03535,51.50779],[-0.03228,51.50694],[-0.03159,51.50663],[-0.03159,51.50641],[-0.03142,51.50631],[-0.0304,51.50588],[-0.0304,51.50567],[-0.03006,51.50546],[-0.03006,51.50524],[-0.02955,51.5045],[-0.02937,51.50184],[-0.02972,51.50046],[-0.02972,51.49961],[-0.02989,51.49961],[-0.02989,51.49855],[-0.03006,51.49844],[-0.03006,51.49653],[-0.03023,51.49643],[-0.03023,51.49536],[-0.02989,51.49356],[-0.03176,51.49324],[-0.03211,51.49303],[-0.03313,51.49292],[-0.03313,51.49281],[-0.0333,51.49303],[-0.03723,51.49218],[-0.03825,51.49239],[-0.03893,51.49292],[-0.03979,51.49303],[-0.03979,51.49292],[-0.04047,51.49281],[-0.03996,51.49218],[-0.04098,51.49186],[-0.0403,51.49101],[-0.04252,51.49026],[-0.04218,51.49005],[-0.04252,51.49005],[-0.04252,51.48994],[-0.04439,51.49005],[-0.04474,51.49037],[-0.04576,51.49016],[-0.0461,51.49037],[-0.04644,51.49037],[-0.04661,51.49058],[-0.04695,51.49058],[-0.04866,51.49005],[-0.04917,51.48994],[-0.04934,51.49005],[-0.05003,51.48973],[-0.05105,51.48962],[-0.0519,51.4892],[-0.05156,51.48888],[-0.05003,51.48835],[-0.05037,51.48814],[-0.05037,51.48792],[-0.05242,51.48782],[-0.05259,51.48761],[-0.05395,51.48792],[-0.05344,51.48707],[-0.05293,51.48686],[-0.05276,51.48654],[-0.05293,51.48644],[-0.05293,51.48601],[-0.05361,51.48569],[-0.05344,51.48559],[-0.05344,51.48527],[-0.0531,51.48516],[-0.0531,51.48474],[-0.05293,51.48474],[-0.0531,51.48399],[-0.05293,51.48389],[-0.05293,51.48357],[-0.05276,51.48357],[-0.05293,51.48346],[-0.05293,51.48272],[-0.05276,51.48261],[-0.05293,51.48261],[-0.0531,51.48112],[-0.05327,51.48112],[-0.0531,51.48091],[-0.05327,51.48091],[-0.05327,51.48059],[-0.05344,51.48048],[-0.05327,51.48027],[-0.05344,51.48027],[-0.05344,51.47995],[-0.05395,51.47942],[-0.05395,51.4791],[-0.05429,51.47857],[-0.05276,51.47804],[-0.05276,51.47272],[-0.05173,51.47017],[-0.05173,51.46964],[-0.05225,51.46922],[-0.05156,51.46836],[-0.05139,51.46836],[-0.05105,51.46773],[-0.05088,51.46773],[-0.05088,51.46751],[-0.05122,51.46741],[-0.05054,51.46677],[-0.05088,51.46666],[-0.04969,51.46645],[-0.04815,51.46592],[-0.04849,51.4656],[-0.04695,51.46496],[-0.04593,51.46401],[-0.04542,51.46273],[-0.04525,51.46262],[-0.04525,51.46188],[-0.04508,51.46177],[-0.04508,51.45975],[-0.04525,51.45965],[-0.04525,51.4589],[-0.04542,51.4589],[-0.04542,51.45848],[-0.04576,51.45794],[-0.04576,51.45752],[-0.04593,51.45752],[-0.04593,51.4572],[-0.0461,51.4572],[-0.0461,51.45688],[-0.04422,51.45646],[-0.0432,51.45571],[-0.04166,51.45497],[-0.04218,51.45401],[-0.04439,51.45167],[-0.04508,51.45124],[-0.04508,51.45092],[-0.0461,51.44986],[-0.04934,51.45007],[-0.05293,51.4488],[-0.05395,51.44869],[-0.05429,51.44901],[-0.05549,51.44954],[-0.05668,51.44986],[-0.05737,51.45029],[-0.05771,51.45029],[-0.05976,51.4489],[-0.06163,51.44795],[-0.06266,51.44678],[-0.06351,51.44529],[-0.06351,51.44486],[-0.06368,51.44465],[-0.06368,51.44284],[-0.06402,51.44199],[-0.06505,51.44114],[-0.06453,51.44093],[-0.06402,51.44093],[-0.06385,51.43954],[-0.06368,51.43944],[-0.06368,51.43784],[-0.06351,51.43784],[-0.06334,51.43752],[-0.06385,51.43741],[-0.06453,51.43699],[-0.06471,51.43635],[-0.06522,51.43582],[-0.0659,51.43443],[-0.06675,51.4339],[-0.06897,51.43284],[-0.07068,51.43252],[-0.07068,51.43241],[-0.07239,51.43252],[-0.07273,51.43231],[-0.07307,51.43177],[-0.07358,51.43146],[-0.07409,51.4306],[-0.07495,51.42986],[-0.07495,51.42922],[-0.07512,51.42911],[-0.07495,51.42816],[-0.07478,51.42816],[-0.07461,51.42773],[-0.07426,51.42752],[-0.07392,51.42624],[-0.07478,51.42592],[-0.07512,51.4256],[-0.0758,51.42433],[-0.07819,51.42081],[-0.07819,51.4206],[-0.07921,51.42081],[-0.07921,51.42113],[-0.07887,51.42156],[-0.07955,51.42166],[-0.07973,51.42209],[-0.08092,51.42188],[-0.08109,51.42241],[-0.08126,51.42241],[-0.08126,51.42273],[-0.08143,51.42273],[-0.08177,51.42337],[-0.08348,51.42305],[-0.08348,51.42411],[-0.08365,51.42422],[-0.08365,51.42507],[-0.08382,51.42518],[-0.08382,51.4255],[-0.08399,51.4255],[-0.08399,51.42571],[-0.08502,51.42699],[-0.08502,51.4272],[-0.08519,51.4272],[-0.08519,51.42741],[-0.08604,51.42773],[-0.08587,51.42848],[-0.08775,51.42901],[-0.08826,51.42933],[-0.08826,51.42954],[-0.08843,51.42954],[-0.08877,51.4305],[-0.08894,51.4305],[-0.08911,51.43146],[-0.08928,51.43156],[-0.08928,51.43209],[-0.08945,51.4322],[-0.08945,51.43263],[-0.08962,51.43273],[-0.0898,51.4338],[-0.08997,51.4339],[-0.08997,51.43443],[-0.09014,51.43454],[-0.09048,51.43635],[-0.09082,51.43678],[-0.09099,51.43763],[-0.09219,51.43912],[-0.09219,51.43954],[-0.09321,51.44178],[-0.09423,51.44284],[-0.09423,51.44305],[-0.0944,51.44305],[-0.0944,51.44337],[-0.09457,51.44337],[-0.09475,51.44412],[-0.09492,51.44422],[-0.09492,51.44518],[-0.09509,51.44518],[-0.09526,51.44582],[-0.09611,51.44667],[-0.09611,51.44688],[-0.09628,51.44688],[-0.09799,51.44827],[-0.09901,51.4488],[-0.09935,51.44922],[-0.09935,51.44965],[-0.0997,51.45007],[-0.10004,51.45029],[-0.10072,51.45029],[-0.10072,51.45114],[-0.10089,51.45114],[-0.10106,51.45156],[-0.10123,51.45156],[-0.10123,51.45178],[-0.1014,51.45178],[-0.1014,51.45252],[-0.10106,51.45284],[-0.10106,51.45401],[-0.10089,51.45401],[-0.09987,51.45497],[-0.0985,51.45582],[-0.09731,51.45624],[-0.09679,51.45677],[-0.09577,51.45741],[-0.09509,51.45869],[-0.09492,51.45869],[-0.09492,51.4589],[-0.09475,51.4589],[-0.09338,51.46028],[-0.09219,51.46103],[-0.09219,51.46124],[-0.09184,51.46145],[-0.09184,51.46167],[-0.09133,51.4623],[-0.09116,51.4623],[-0.09116,51.46262],[-0.09065,51.46326],[-0.09048,51.46443],[-0.09031,51.46454],[-0.09031,51.46528],[-0.09014,51.46528],[-0.09014,51.46592],[-0.08997,51.46592],[-0.08997,51.46613],[-0.09048,51.46666],[-0.09048,51.46688],[-0.09116,51.46751],[-0.09287,51.46996],[-0.09304,51.47209],[-0.09372,51.47166],[-0.09372,51.47134],[-0.09389,51.47124],[-0.09406,51.4707],[-0.09594,51.46985],[-0.09901,51.47198],[-0.09935,51.47241],[-0.09935,51.47283],[-0.09952,51.47283],[-0.09952,51.47326],[-0.10004,51.47357],[-0.10072,51.47443],[-0.10072,51.47464],[-0.10055,51.47474],[-0.10055,51.47538],[-0.10038,51.47559],[-0.10038,51.47634],[-0.10021,51.47644],[-0.10021,51.47666],[-0.10004,51.47666],[-0.10004,51.47687],[-0.10823,51.48027],[-0.10823,51.48038],[-0.10772,51.48048],[-0.10396,51.48091],[-0.10447,51.48144],[-0.10464,51.48144],[-0.10464,51.48165],[-0.10584,51.4825],[-0.10601,51.48272],[-0.10567,51.48304],[-0.1072,51.48367],[-0.10635,51.48484],[-0.1084,51.4858],[-0.10447,51.48984],[-0.10396,51.49016],[-0.10396,51.49037],[-0.10311,51.49111],[-0.10345,51.49133],[-0.10311,51.49154],[-0.10345,51.49164],[-0.10345,51.49186],[-0.10396,51.49196],[-0.10482,51.49334],[-0.10482,51.49356],[-0.10567,51.49366],[-0.11096,51.49547],[-0.11147,51.49643],[-0.11028,51.49674],[-0.11011,51.49738],[-0.10959,51.49802],[-0.10959,51.49844],[-0.10942,51.49844],[-0.10942,51.49866],[-0.10874,51.49951],[-0.10823,51.50057],[-0.10584,51.50206],[-0.10618,51.50206],[-0.10601,51.50216],[-0.10601,51.50248],[-0.10652,51.50238],[-0.10669,51.50216],[-0.10738,51.50291],[-0.10635,51.50333],[-0.10652,51.50344],[-0.10652,51.50408],[-0.10669,51.50408],[-0.10652,51.50418],[-0.10635,51.50482],[-0.10652,51.50493],[-0.10652,51.50535],[-0.10703,51.5062],[-0.1072,51.50694],[-0.10738,51.50705],[-0.10823,51.50694],[-0.10857,51.50779],[-0.10874,51.50779],[-0.10908,51.50981],[-0.10925,51.50992],[-0.10499,51.50992],[-0.10464,51.50981],[-0.10464,51.50843],[-0.10413,51.50843],[-0.10413,51.50981],[-0.10328,51.50981]]]]}},{"type":"Feature","properties":{"code":"E09000029","name":"Sutton"},"geometry":{"type":"MultiPolygon","coordinates":[[[[-0.17462,51.39334],[-0.17275,51.3926],[-0.17121,51.39249],[-0.17053,51.39196],[-0.16984,51.39175],[-0.16984,51.39132],[-0.16848,51.3909],[-0.16728,51.38983],[-0.16626,51.38962],[-0.16609,51.38898],[-0.16592,51.38866],[-0.16575,51.38866],[-0.16575,51.38845],[-0.16558,51.38845],[-0.16541,51.38802],[-0.16148,51.38813],[-0.16097,51.38781],[-0.15995,51.38855],[-0.15892,51.38876],[-0.15892,51.38887],[-0.15824,51.38876],[-0.15824,51.38919],[-0.15807,51.3893],[-0.15721,51.38919],[-0.15244,51.38983],[-0.15226,51.38972],[-0.1497,51.38994],[-0.14697,51.39026],[-0.1468,51.39047],[-0.14458,51.39068],[-0.14305,51.39036],[-0.14185,51.3894],[-0.14134,51.3894],[-0.14066,51.38972],[-0.13878,51.38994],[-0.13793,51.39026],[-0.13639,51.39036],[-0.13486,51.391],[-0.13264,51.39015],[-0.13281,51.38983],[-0.13315,51.38972],[-0.13315,51.38951],[-0.12956,51.38727],[-0.12973,51.38685],[-0.12991,51.38685],[-0.13059,51.38621],[-0.12871,51.38568],[-0.12956,51.38525],[-0.12939,51.38461],[-0.12922,51.3845],[-0.12922,51.38397],[-0.12905,51.38387],[-0.12922,51.38376],[-0.12905,51.38365],[-0.12905,51.38333],[-0.12888,51.38333],[-0.12888,51.38269],[-0.12871,51.38269],[-0.12871,51.38248],[-0.13025,51.38216],[-0.12803,51.38056],[-0.127,51.37737],[-0.12683,51.37737],[-0.12683,51.37715],[-0.12649,51.37673],[-0.12632,51.37609],[-0.12598,51.37609],[-0.12581,51.37556],[-0.12683,51.37545],[-0.12666,51.37492],[-0.12786,51.3747],[-0.12632,51.37428],[-0.12461,51.37353],[-0.12461,51.373],[-0.12478,51.37289],[-0.12461,51.37289],[-0.12461,51.37268],[-0.12376,51.37161],[-0.12342,51.3714],[-0.12342,51.37119],[-0.12325,51.37119],[-0.12325,51.36991],[-0.12308,51.36991],[-0.12308,51.36948],[-0.12291,51.36938],[-0.12291,51.36863],[-0.12274,51.36852],[-0.12257,51.36767],[-0.1224,51.36735],[-0.12222,51.36735],[-0.12205,51.36575],[-0.1241,51.36533],[-0.12308,51.36511],[-0.1224,51.36469],[-0.1224,51.36447],[-0.1212,51.36469],[-0.1212,51.36405],[-0.12103,51.36405],[-0.12103,51.36352],[-0.12086,51.36341],[-0.1212,51.36309],[-0.1212,51.36266],[-0.12103,51.36256],[-0.12137,51.36245],[-0.12137,51.36213],[-0.12154,51.36213],[-0.12154,51.36181],[-0.12137,51.3617],[-0.12137,51.36106],[-0.12205,51.36096],[-0.12188,51.36074],[-0.12188,51.36053],[-0.12205,51.36053],[-0.12188,51.36042],[-0.12188,51.36],[-0.12291,51.35989],[-0.12188,51.35904],[-0.12342,51.35893],[-0.12342,51.35915],[-0.12359,51.35915],[-0.12461,51.35883],[-0.12461,51.35851],[-0.12444,51.3584],[-0.12461,51.3584],[-0.12427,51.35787],[-0.12427,51.35744],[-0.12137,51.35776],[-0.12018,51.35307],[-0.11915,51.35318],[-0.11915,51.35296],[-0.11898,51.35296],[-0.11898,51.35254],[-0.11881,51.35254],[-0.11864,51.35158],[-0.11847,51.35147],[-0.1183,51.34998],[-0.11745,51.34742],[-0.11745,51.34667],[-0.11693,51.34667],[-0.11693,51.34582],[-0.11676,51.34571],[-0.1183,51.34561],[-0.11881,51.34582],[-0.11881,51.34561],[-0.11984,51.34561],[-0.11984,51.3455],[-0.12564,51.34529],[-0.12683,51.34486],[-0.12717,51.34518],[-0.12683,51.34529],[-0.12683,51.34561],[-0.127,51.34571],[-0.127,51.34635],[-0.12717,51.34646],[-0.12717,51.34699],[-0.12735,51.3471],[-0.12735,51.34731],[-0.12837,51.34742],[-0.12888,51.34731],[-0.12871,51.3471],[-0.12905,51.34678],[-0.12888,51.34657],[-0.13025,51.34614],[-0.13076,51.34614],[-0.13076,51.34603],[-0.13144,51.34603],[-0.1311,51.3455],[-0.13281,51.34539],[-0.13281,51.34497],[-0.13264,51.34497],[-0.13264,51.34444],[-0.13247,51.34422],[-0.134,51.34454],[-0.13622,51.34444],[-0.13639,51.34476],[-0.1369,51.34476],[-0.14117,51.34358],[-0.14219,51.34316],[-0.14202,51.34305],[-0.14288,51.34273],[-0.14305,51.34284],[-0.14322,51.34262],[-0.14424,51.3423],[-0.14407,51.3422],[-0.14441,51.3422],[-0.14458,51.34198],[-0.14441,51.34198],[-0.14424,51.34156],[-0.14407,51.34156],[-0.14424,51.34145],[-0.1439,51.34134],[-0.14339,51.34049],[-0.14441,51.34017],[-0.14424,51.34006],[-0.14441,51.33953],[-0.14749,51.33878],[-0.14749,51.33857],[-0.14714,51.33793],[-0.14612,51.33431],[-0.14578,51.33399],[-0.14578,51.33292],[-0.14561,51.33281],[-0.14561,51.33239],[-0.14527,51.33196],[-0.14527,51.33164],[-0.14441,51.33111],[-0.14441,51.33089],[-0.14407,51.33079],[-0.14407,51.33057],[-0.14919,51.32887],[-0.14441,51.32641],[-0.14441,51.32588],[-0.14424,51.32588],[-0.14441,51.32577],[-0.14441,51.32545],[-0.1451,51.32439],[-0.1451,51.32417],[-0.14544,51.32364],[-0.14595,51.32332],[-0.148,51.32268],[-0.14902,51.32279],[-0.14953,51.32247],[-0.15073,51.32215],[-0.15107,51.32236],[-0.15209,51.32225],[-0.15226,51.32257],[-0.15244,51.32257],[-0.15244,51.32279],[-0.15278,51.323],[-0.15551,51.32183],[-0.15568,51.32193],[-0.15636,51.32151],[-0.15653,51.32151],[-0.15858,51.32396],[-0.15892,51.32385],[-0.15909,51.32396],[-0.16063,51.32321],[-0.16421,51.32599],[-0.16353,51.3262],[-0.16438,51.32769],[-0.16438,51.32812],[-0.16404,51.32823],[-0.16404,51.32855],[-0.16353,51.32876],[-0.16233,51.32887],[-0.16302,51.33025],[-0.1695,51.32951],[-0.17002,51.32951],[-0.16984,51.33025],[-0.17292,51.33004],[-0.17377,51.33175],[-0.17411,51.33324],[-0.17462,51.33313],[-0.17479,51.33367],[-0.17855,51.33569],[-0.18077,51.33719],[-0.18589,51.33985],[-0.18742,51.34081],[-0.19084,51.34198],[-0.19613,51.34337],[-0.1963,51.34305],[-0.19664,51.34316],[-0.19647,51.34348],[-0.19715,51.34358],[-0.19767,51.34348],[-0.19852,51.3423],[-0.1992,51.34188],[-0.19954,51.34188],[-0.20125,51.33985],[-0.20142,51.33996],[-0.20142,51.33985],[-0.20176,51.33985],[-0.20193,51.34017],[-0.2021,51.34017],[-0.21303,51.33559],[-0.21269,51.33473],[-0.21251,51.33463],[-0.21251,51.33431],[-0.212,51.33356],[-0.212,51.33313],[-0.21269,51.33239],[-0.21405,51.33036],[-0.21525,51.32993],[-0.22088,51.32983],[-0.22207,51.331],[-0.2231,51.33175],[-0.22924,51.33591],[-0.22975,51.33655],[-0.22702,51.33782],[-0.22412,51.34006],[-0.22327,51.33985],[-0.22224,51.34049],[-0.22276,51.34081],[-0.21917,51.34262],[-0.21729,51.34337],[-0.21781,51.34486],[-0.21798,51.34561],[-0.21781,51.34561],[-0.21866,51.34689],[-0.21866,51.34721],[-0.2202,51.34987],[-0.22037,51.35136],[-0.22122,51.35136],[-0.22122,51.35115],[-0.22207,51.35136],[-0.2219,51.35179],[-0.2219,51.35264],[-0.22207,51.35275],[-0.2219,51.35286],[-0.2219,51.3535],[-0.22276,51.35616],[-0.22276,51.35712],[-0.22293,51.35712],[-0.2231,51.35787],[-0.22327,51.35787],[-0.22344,51.3584],[-0.22446,51.35957],[-0.22463,51.36],[-0.22497,51.36021],[-0.22685,51.36256],[-0.22992,51.36405],[-0.23283,51.36586],[-0.23317,51.36597],[-0.23385,51.36533],[-0.23402,51.36533],[-0.23709,51.36693],[-0.23863,51.36703],[-0.23897,51.36682],[-0.24085,51.36703],[-0.24119,51.36629],[-0.24477,51.36671],[-0.24477,51.36682],[-0.24546,51.36693],[-0.24528,51.36703],[-0.24494,51.36778],[-0.24477,51.36895],[-0.2446,51.36906],[-0.2446,51.37161],[-0.24477,51.37236],[-0.24477,51.373],[-0.2446,51.37311],[-0.2446,51.37438],[-0.24477,51.37449],[-0.24477,51.37524],[-0.24511,51.3763],[-0.24528,51.37833],[-0.24511,51.37992],[-0.24494,51.38003],[-0.24494,51.38088],[-0.24477,51.38088],[-0.24477,51.38131],[-0.2446,51.38131],[-0.2446,51.38227],[-0.24426,51.38301],[-0.24375,51.38291],[-0.24324,51.38259],[-0.2417,51.3845],[-0.23931,51.38589],[-0.2388,51.386],[-0.23897,51.38717],[-0.23931,51.38749],[-0.23948,51.38845],[-0.23965,51.38855],[-0.23948,51.38876],[-0.23965,51.3893],[-0.23795,51.38983],[-0.23453,51.39058],[-0.23436,51.39004],[-0.23436,51.38908],[-0.23402,51.38834],[-0.23368,51.38802],[-0.23385,51.3877],[-0.23368,51.38759],[-0.2277,51.38397],[-0.22054,51.38088],[-0.2202,51.38088],[-0.22002,51.38067],[-0.21917,51.38067],[-0.21815,51.38014],[-0.21354,51.38418],[-0.21371,51.38429],[-0.21354,51.3845],[-0.21303,51.38472],[-0.21303,51.38493],[-0.21337,51.38514],[-0.2132,51.38525],[-0.21303,51.38514],[-0.21269,51.38536],[-0.21251,51.38568],[-0.212,51.386],[-0.212,51.38621],[-0.21166,51.38632],[-0.21115,51.38695],[-0.21098,51.38695],[-0.21081,51.38738],[-0.21064,51.38738],[-0.21047,51.3877],[-0.21012,51.38781],[-0.21012,51.38802],[-0.20978,51.38823],[-0.20893,51.38781],[-0.20774,51.38749],[-0.20705,51.38695],[-0.20535,51.38632],[-0.20518,51.3861],[-0.20432,51.38653],[-0.20347,51.38727],[-0.20279,51.38685],[-0.2021,51.3861],[-0.20142,51.38578],[-0.20125,51.38546],[-0.20091,51.38536],[-0.20057,51.38493],[-0.19971,51.38514],[-0.1963,51.38685],[-0.19476,51.38727],[-0.19391,51.38791],[-0.1934,51.38759],[-0.19306,51.38781],[-0.19186,51.38695],[-0.19135,51.38706],[-0.1905,51.38653],[-0.19033,51.38642],[-0.1905,51.38621],[-0.19033,51.3861],[-0.18913,51.38589],[-0.18828,51.38546],[-0.18435,51.38759],[-0.18265,51.38802],[-0.18009,51.38962],[-0.17991,51.38951],[-0.1794,51.38972],[-0.1765,51.39217],[-0.17616,51.39228],[-0.17582,51.39271],[-0.17548,51.39281],[-0.17531,51.39313],[-0.17462,51.39334]]]]}},{"type":"Feature","properties":{"code":"E09000030","name":"Tower Hamlets"},"geometry":{"type":"MultiPolygon","coordinates":[[[[-0.02903,51.54231],[-0.02852,51.54231],[-0.02733,51.54273],[-0.02613,51.54294],[-0.02596,51.54316],[-0.02562,51.54316],[-0.02562,51.54337],[-0.02374,51.54326],[-0.02118,51.54358],[-0.01828,51.54358],[-0.01828,51.54347],[-0.01657,51.54337],[-0.0164,51.54284],[-0.01606,51.54263],[-0.01606,51.54241],[-0.0164,51.54209],[-0.0164,51.54156],[-0.01657,51.54156],[-0.01657,51.54135],[-0.01692,51.54114],[-0.01743,51.54114],[-0.01777,51.54093],[-0.01777,51.54018],[-0.01879,51.53955],[-0.01879,51.53933],[-0.01896,51.53933],[-0.01896,51.53912],[-0.01913,51.53902],[-0.01913,51.53859],[-0.01948,51.53817],[-0.02084,51.53764],[-0.02118,51.53721],[-0.02118,51.53647],[-0.02101,51.53647],[-0.02101,51.53626],[-0.01999,51.53594],[-0.01913,51.53498],[-0.01896,51.53403],[-0.01794,51.53339],[-0.01794,51.53296],[-0.01828,51.53265],[-0.01828,51.53243],[-0.01777,51.53212],[-0.01777,51.5319],[-0.01743,51.53148],[-0.01623,51.53084],[-0.01453,51.53042],[-0.01401,51.52989],[-0.01077,51.52935],[-0.0106,51.52925],[-0.0106,51.52904],[-0.01043,51.52904],[-0.01043,51.52861],[-0.01026,51.5284],[-0.00855,51.52755],[-0.00804,51.52659],[-0.00753,51.52628],[-0.00753,51.52553],[-0.0077,51.52553],[-0.00804,51.525],[-0.00804,51.52362],[-0.00821,51.52351],[-0.00804,51.52351],[-0.00804,51.5232],[-0.00787,51.52309],[-0.00787,51.52245],[-0.00821,51.52224],[-0.00838,51.5216],[-0.00855,51.5216],[-0.00889,51.52086],[-0.00906,51.52086],[-0.00906,51.52022],[-0.00889,51.5198],[-0.00753,51.51927],[-0.00667,51.51873],[-0.00667,51.51852],[-0.0065,51.51852],[-0.00582,51.51757],[-0.00582,51.51682],[-0.00548,51.51661],[-0.00446,51.51672],[-0.00394,51.51757],[-0.00343,51.51789],[-0.00207,51.51799],[-0.00155,51.51757],[0.00066,51.5165],[0.00339,51.51555],[0.00407,51.51481],[0.00407,51.51427],[0.00373,51.51396],[0.00356,51.51342],[0.00339,51.51342],[0.00219,51.51141],[0.00219,51.51087],[0.00253,51.51056],[0.00373,51.51056],[0.00441,51.51098],[0.00441,51.5113],[0.00458,51.51141],[0.00458,51.513],[0.00475,51.513],[0.00475,51.51342],[0.00492,51.51342],[0.00509,51.51385],[0.00543,51.51396],[0.00543,51.51417],[0.00663,51.51438],[0.00663,51.51427],[0.00714,51.51427],[0.00748,51.51406],[0.00748,51.51385],[0.00782,51.51374],[0.00782,51.51332],[0.008,51.51332],[0.008,51.51247],[0.00748,51.51183],[0.00731,51.51183],[0.00697,51.51109],[0.00612,51.51056],[0.00595,51.50992],[0.00612,51.50971],[0.00646,51.50971],[0.0068,51.50949],[0.00868,51.50928],[0.00953,51.50886],[0.00987,51.50843],[0.00987,51.50801],[0.00902,51.50673],[0.00765,51.50556],[0.00424,51.50673],[0.00168,51.50673],[-0.00087,51.50609],[-0.00326,51.5045],[-0.00326,51.50429],[-0.00343,51.50429],[-0.00446,51.50312],[-0.0048,51.50195],[-0.00514,51.50153],[-0.00514,51.50068],[-0.00411,51.49781],[-0.0036,51.49717],[-0.0036,51.49685],[-0.00326,51.49653],[-0.00292,51.49568],[-0.00104,51.49334],[-0.00087,51.49249],[-0.0007,51.49249],[-0.00053,51.49154],[-0.00036,51.49143],[-0.00036,51.4909],[-0.00053,51.4909],[-0.00036,51.49069],[-0.00053,51.48973],[-0.00121,51.48856],[-0.00224,51.4875],[-0.00463,51.48622],[-0.00787,51.48516],[-0.01248,51.48452],[-0.01555,51.48452],[-0.01674,51.48474],[-0.01794,51.48474],[-0.02238,51.48622],[-0.02425,51.48718],[-0.02733,51.48941],[-0.02733,51.48962],[-0.02784,51.48994],[-0.02784,51.49016],[-0.02835,51.49069],[-0.02835,51.4909],[-0.02869,51.49111],[-0.02989,51.49313],[-0.03023,51.49536],[-0.03023,51.49643],[-0.03006,51.49653],[-0.03006,51.49844],[-0.02989,51.49855],[-0.02989,51.49961],[-0.02972,51.49961],[-0.02972,51.50046],[-0.02937,51.50184],[-0.02937,51.50312],[-0.02955,51.50333],[-0.02955,51.5045],[-0.03006,51.50524],[-0.03006,51.50546],[-0.0304,51.50567],[-0.0304,51.50588],[-0.03142,51.50631],[-0.03159,51.50641],[-0.03159,51.50663],[-0.03228,51.50694],[-0.03535,51.50779],[-0.03535,51.5079],[-0.03637,51.50811],[-0.03637,51.50822],[-0.03876,51.50864],[-0.04218,51.50864],[-0.04439,51.50833],[-0.04559,51.5079],[-0.04815,51.50663],[-0.05122,51.50471],[-0.05225,51.50429],[-0.05498,51.50269],[-0.05754,51.50195],[-0.05976,51.50163],[-0.06317,51.50195],[-0.0659,51.50248],[-0.07068,51.50386],[-0.07324,51.50503],[-0.07546,51.50546],[-0.07802,51.5062],[-0.07802,51.50631],[-0.08024,51.50684],[-0.07973,51.50758],[-0.07904,51.50811],[-0.07921,51.50833],[-0.07904,51.50833],[-0.07887,51.50875],[-0.0787,51.50875],[-0.0787,51.50896],[-0.07904,51.50907],[-0.07887,51.50907],[-0.07887,51.50949],[-0.07853,51.50939],[-0.07819,51.50992],[-0.07785,51.51013],[-0.07682,51.51024],[-0.07682,51.51045],[-0.07614,51.51056],[-0.07614,51.51024],[-0.0758,51.51013],[-0.0758,51.50992],[-0.07546,51.50971],[-0.07478,51.51003],[-0.07426,51.50992],[-0.07392,51.51013],[-0.07273,51.51024],[-0.07273,51.51119],[-0.0729,51.51119],[-0.0729,51.51151],[-0.07307,51.51151],[-0.07324,51.51332],[-0.07341,51.51342],[-0.07358,51.51417],[-0.07375,51.51417],[-0.07392,51.51449],[-0.07614,51.51608],[-0.07665,51.51629],[-0.07665,51.5165],[-0.07682,51.5165],[-0.07734,51.51714],[-0.07768,51.5181],[-0.07819,51.51842],[-0.07802,51.51852],[-0.07802,51.51895],[-0.07938,51.51884],[-0.0787,51.52128],[-0.07853,51.5216],[-0.07836,51.5216],[-0.07836,51.52181],[-0.07717,51.52213],[-0.07614,51.52213],[-0.07614,51.52245],[-0.0758,51.52309],[-0.0758,51.52394],[-0.07597,51.52436],[-0.07648,51.52426],[-0.07665,51.52649],[-0.07648,51.52649],[-0.07631,51.52712],[-0.07734,51.52734],[-0.07682,51.52744],[-0.07631,51.52797],[-0.07597,51.52808],[-0.07546,51.52872],[-0.07529,51.52872],[-0.07512,51.52925],[-0.07461,51.52989],[-0.07392,51.53031],[-0.07273,51.53073],[-0.07187,51.53084],[-0.07187,51.53095],[-0.06624,51.53116],[-0.06624,51.53148],[-0.06607,51.53158],[-0.06607,51.5318],[-0.0659,51.5318],[-0.0659,51.53212],[-0.06573,51.53212],[-0.06522,51.53318],[-0.06505,51.53318],[-0.06505,51.53286],[-0.06232,51.53318],[-0.06232,51.5335],[-0.06283,51.53424],[-0.06283,51.53509],[-0.06266,51.53509],[-0.06249,51.53551],[-0.0618,51.53541],[-0.06112,51.53477],[-0.06078,51.53466],[-0.06061,51.53434],[-0.0601,51.53424],[-0.0601,51.53413],[-0.05822,51.53413],[-0.05532,51.53509],[-0.05412,51.53519],[-0.05276,51.53498],[-0.05276,51.53562],[-0.05259,51.53562],[-0.05242,51.53594],[-0.0519,51.53626],[-0.05122,51.53636],[-0.05122,51.53647],[-0.05003,51.53647],[-0.05003,51.53636],[-0.04934,51.53626],[-0.04866,51.53572],[-0.04798,51.53562],[-0.04798,51.53551],[-0.04713,51.53541],[-0.04491,51.53572],[-0.04388,51.53647],[-0.0432,51.53657],[-0.04303,51.53679],[-0.04252,51.53689],[-0.04115,51.53764],[-0.04081,51.53817],[-0.04064,51.53817],[-0.03945,51.53944],[-0.03757,51.54103],[-0.03757,51.54125],[-0.03723,51.54135],[-0.03774,51.54188],[-0.03569,51.54316],[-0.0345,51.54358],[-0.0345,51.54379],[-0.03415,51.5439],[-0.0333,51.54464],[-0.03296,51.54464],[-0.03108,51.54347],[-0.02955,51.54316],[-0.02937,51.54305],[-0.0292,51.54252],[-0.02903,51.54252],[-0.02903,51.54231]]]]}},{"type":"Feature","properties":{"code":"E09000031","name":"Waltham Forest"},"geometry":{"type":"MultiPolygon","coordinates":[[[[-0.00804,51.64632],[-0.00736,51.64611],[-0.00804,51.64548],[-0.00787,51.64548],[-0.00787,51.64526],[-0.00804,51.64526],[-0.00838,51.64463],[-0.00821,51.64452],[-0.00821,51.64357],[-0.00667,51.64336],[-0.00548,51.64336],[-0.00463,51.64357],[-0.00394,51.64272],[-0.0019,51.64346],[-0.00036,51.64368],[-0.00053,51.64357],[-0.00019,51.64336],[0.00014,51.6424],[0.001,51.64177],[0.00305,51.64156],[0.00663,51.64166],[0.00834,51.64145],[0.01004,51.64145],[0.01687,51.64029],[0.02011,51.64039],[0.02267,51.64113],[0.02301,51.64007],[0.02301,51.63774],[0.02523,51.63732],[0.02472,51.63668],[0.02472,51.63573],[0.02575,51.63478],[0.02575,51.63457],[0.02438,51.63266],[0.02438,51.63234],[0.02387,51.63128],[0.02387,51.63075],[0.0225,51.6298],[0.02182,51.62884],[0.02131,51.62906],[0.02131,51.62884],[0.02097,51.62895],[0.02097,51.62853],[0.02114,51.62853],[0.02114,51.62831],[0.02063,51.62831],[0.02063,51.62778],[0.02045,51.62778],[0.02063,51.62736],[0.01994,51.62704],[0.01994,51.62673],[0.02011,51.62673],[0.02011,51.6262],[0.01977,51.62609],[0.01977,51.62588],[0.01943,51.62567],[0.01943,51.62514],[0.01909,51.62503],[0.01926,51.62503],[0.01909,51.62482],[0.01909,51.62429],[0.01875,51.62418],[0.01875,51.62376],[0.01909,51.62376],[0.01909,51.62365],[0.01841,51.62355],[0.01841,51.62344],[0.01875,51.62344],[0.01858,51.6228],[0.01772,51.62228],[0.01704,51.62238],[0.01704,51.62196],[0.01687,51.62185],[0.01619,51.62185],[0.01619,51.62143],[0.01636,51.62132],[0.01602,51.62122],[0.01602,51.621],[0.01533,51.6209],[0.01431,51.62026],[0.01465,51.61994],[0.01465,51.61963],[0.01482,51.61963],[0.01465,51.61952],[0.01448,51.61888],[0.0126,51.6191],[0.0109,51.61899],[0.0097,51.6192],[0.00868,51.6191],[0.01636,51.61687],[0.01943,51.6139],[0.02114,51.61253],[0.02148,51.61178],[0.02114,51.61115],[0.02148,51.61104],[0.02114,51.61072],[0.02114,51.61051],[0.02063,51.61041],[0.0208,51.6103],[0.02063,51.61019],[0.02063,51.60988],[0.02045,51.60988],[0.02045,51.60966],[0.02028,51.60977],[0.02011,51.60966],[0.01994,51.60913],[0.0196,51.60882],[0.01977,51.60871],[0.0196,51.60839],[0.01926,51.60829],[0.01926,51.60807],[0.0196,51.60765],[0.01909,51.60776],[0.01824,51.60648],[0.01807,51.60606],[0.01824,51.60595],[0.01807,51.60595],[0.01755,51.60532],[0.01738,51.60532],[0.01721,51.60489],[0.01585,51.6033],[0.01533,51.60235],[0.01516,51.60235],[0.01516,51.60214],[0.01465,51.60161],[0.01448,51.60118],[0.01397,51.60076],[0.01397,51.60055],[0.01294,51.59927],[0.01277,51.59705],[0.0126,51.59684],[0.0126,51.59535],[0.01243,51.59525],[0.01226,51.59323],[0.01209,51.59313],[0.01209,51.59217],[0.01226,51.59217],[0.01226,51.59143],[0.01243,51.59132],[0.01243,51.59016],[0.0126,51.59005],[0.01243,51.58994],[0.0126,51.58984],[0.0126,51.58878],[0.01277,51.58846],[0.01346,51.58369],[0.01414,51.58337],[0.0155,51.58337],[0.0155,51.58305],[0.01533,51.58305],[0.01533,51.5822],[0.01568,51.58178],[0.01533,51.58167],[0.01533,51.58146],[0.01636,51.57966],[0.01636,51.57923],[0.0167,51.57913],[0.01721,51.57785],[0.01755,51.57743],[0.01738,51.57616],[0.01738,51.57414],[0.01704,51.57393],[0.01687,51.5735],[0.01636,51.57308],[0.01636,51.57287],[0.01755,51.57255],[0.01807,51.57202],[0.01892,51.57234],[0.01892,51.57128],[0.01909,51.57117],[0.01909,51.56979],[0.01841,51.57011],[0.01772,51.57011],[0.01772,51.56969],[0.01807,51.56926],[0.01875,51.56746],[0.01892,51.56735],[0.01892,51.56629],[0.01875,51.56629],[0.01875,51.56608],[0.01841,51.56587],[0.01772,51.56565],[0.01448,51.56565],[0.01448,51.56459],[0.01431,51.56438],[0.01431,51.56099],[0.01448,51.56077],[0.01431,51.56077],[0.01482,51.55939],[0.01619,51.55929],[0.01772,51.55855],[0.01789,51.55823],[0.01841,51.55801],[0.01858,51.5577],[0.01926,51.55727],[0.01943,51.55695],[0.02097,51.55568],[0.02148,51.55494],[0.02063,51.55451],[0.02028,51.55451],[0.01807,51.55366],[0.01789,51.55345],[0.01704,51.55313],[0.0167,51.55335],[0.01619,51.55324],[0.01585,51.55377],[0.01568,51.55377],[0.01465,51.55494],[0.01158,51.55388],[0.01107,51.55441],[0.0097,51.55345],[0.01056,51.55239],[0.0109,51.55228],[0.00987,51.55175],[0.00953,51.55143],[0.00953,51.55122],[0.00902,51.55112],[0.00561,51.55069],[0.00578,51.55112],[0.00578,51.55186],[0.00509,51.55197],[0.00509,51.55186],[0.0039,51.55175],[0.0039,51.55197],[0.00253,51.55207],[-0.00104,51.55165],[-0.0036,51.5509],[-0.00394,51.55112],[-0.00616,51.55037],[-0.00872,51.54995],[-0.00906,51.55059],[-0.00906,51.55165],[-0.00923,51.55165],[-0.00941,51.55218],[-0.00975,51.55239],[-0.01009,51.55239],[-0.01026,51.5526],[-0.01094,51.5526],[-0.01214,51.55218],[-0.01384,51.55197],[-0.01384,51.55186],[-0.01657,51.55165],[-0.01657,51.55154],[-0.01709,51.55143],[-0.01726,51.55154],[-0.01709,51.55165],[-0.01726,51.55165],[-0.01743,51.55335],[-0.01794,51.55419],[-0.01811,51.55409],[-0.01845,51.55515],[-0.02306,51.55727],[-0.02391,51.55738],[-0.02425,51.55865],[-0.02511,51.55939],[-0.02664,51.56035],[-0.02818,51.56088],[-0.02818,51.56099],[-0.0292,51.5613],[-0.03057,51.5613],[-0.03194,51.56077],[-0.03313,51.56056],[-0.03415,51.56077],[-0.03484,51.5612],[-0.0362,51.56141],[-0.0362,51.56152],[-0.03688,51.56152],[-0.03791,51.5612],[-0.0391,51.5612],[-0.03996,51.56173],[-0.04064,51.56173],[-0.04166,51.56141],[-0.04286,51.56141],[-0.04371,51.56173],[-0.04508,51.56173],[-0.04576,51.56226],[-0.04661,51.56237],[-0.0473,51.56268],[-0.0473,51.56321],[-0.04678,51.56353],[-0.04661,51.56385],[-0.04661,51.56438],[-0.04713,51.56481],[-0.04747,51.56534],[-0.04883,51.56608],[-0.04917,51.5665],[-0.05122,51.56778],[-0.05344,51.56873],[-0.05429,51.57032],[-0.05481,51.57053],[-0.056,51.57053],[-0.05651,51.57085],[-0.05685,51.57149],[-0.05839,51.57244],[-0.05873,51.5735],[-0.05993,51.5752],[-0.06112,51.57775],[-0.06215,51.57902],[-0.06215,51.57987],[-0.06197,51.57987],[-0.06146,51.5804],[-0.06146,51.58061],[-0.05993,51.58135],[-0.05976,51.58157],[-0.05805,51.58231],[-0.05754,51.58284],[-0.05754,51.58305],[-0.05566,51.58422],[-0.05549,51.58464],[-0.05532,51.58464],[-0.05532,51.58517],[-0.05515,51.58549],[-0.05464,51.58602],[-0.05208,51.58761],[-0.05225,51.58814],[-0.05242,51.58814],[-0.05242,51.58835],[-0.05276,51.58857],[-0.05361,51.59016],[-0.05344,51.5909],[-0.05242,51.5926],[-0.05225,51.59387],[-0.0519,51.5944],[-0.05122,51.59482],[-0.05105,51.59514],[-0.05105,51.59567],[-0.05054,51.59662],[-0.05037,51.59662],[-0.0502,51.59694],[-0.04986,51.59705],[-0.04661,51.59949],[-0.04337,51.60277],[-0.04166,51.60521],[-0.04166,51.60542],[-0.04115,51.60595],[-0.03569,51.60797],[-0.0345,51.60871],[-0.03398,51.60935],[-0.03398,51.61019],[-0.03552,51.61189],[-0.03552,51.61263],[-0.03518,51.61316],[-0.03518,51.61348],[-0.03211,51.61687],[-0.0292,51.61899],[-0.02647,51.62143],[-0.02545,51.62206],[-0.0246,51.62397],[-0.02306,51.62556],[-0.02306,51.62577],[-0.02272,51.62598],[-0.02186,51.62704],[-0.02152,51.62768],[-0.01504,51.63573],[-0.01487,51.63668],[-0.0147,51.63668],[-0.0147,51.6369],[-0.01418,51.63753],[-0.01333,51.63944],[-0.01231,51.64622],[-0.01162,51.64643],[-0.01043,51.64632],[-0.01026,51.64653],[-0.00889,51.64653],[-0.00804,51.64632]]]]}},{"type":"Feature","properties":{"code":"E09000032","name":"Wandsworth"},"geometry":{"type":"MultiPolygon","coordinates":[[[[-0.1282,51.48484],[-0.12632,51.48442],[-0.127,51.48378],[-0.127,51.48346],[-0.12717,51.48346],[-0.12717,51.48293],[-0.12735,51.48282],[-0.12752,51.48197],[-0.13008,51.48112],[-0.12991,51.48102],[-0.13025,51.48059],[-0.13042,51.48059],[-0.13059,51.48017],[-0.13076,51.48017],[-0.13093,51.47974],[-0.1311,51.47974],[-0.13127,51.47942],[-0.13144,51.47942],[-0.13144,51.47921],[-0.13161,51.47921],[-0.13178,51.47857],[-0.13247,51.47793],[-0.13264,51.47751],[-0.13366,51.47623],[-0.13366,51.47602],[-0.13383,51.47602],[-0.134,51.47528],[-0.13451,51.47485],[-0.13468,51.47496],[-0.1352,51.47432],[-0.13451,51.474],[-0.13451,51.47336],[-0.13486,51.47336],[-0.13554,51.47272],[-0.13639,51.47272],[-0.1369,51.47304],[-0.13844,51.47187],[-0.13963,51.47177],[-0.13929,51.47155],[-0.13963,51.47134],[-0.13998,51.47124],[-0.14049,51.47155],[-0.14134,51.47102],[-0.14185,51.47092],[-0.14168,51.47092],[-0.14151,51.4706],[-0.14271,51.47007],[-0.14305,51.47049],[-0.14322,51.47049],[-0.14731,51.4689],[-0.14834,51.46836],[-0.15039,51.46773],[-0.15056,51.46762],[-0.15056,51.46634],[-0.15073,51.46624],[-0.15056,51.46592],[-0.15124,51.46581],[-0.15107,51.46549],[-0.15107,51.46432],[-0.1509,51.46432],[-0.1509,51.46326],[-0.15073,51.46326],[-0.15073,51.46284],[-0.15039,51.4622],[-0.15022,51.4622],[-0.15022,51.46199],[-0.15005,51.46199],[-0.15005,51.46177],[-0.1497,51.46145],[-0.14953,51.45996],[-0.14936,51.45986],[-0.14936,51.45911],[-0.14919,51.45901],[-0.14817,51.45688],[-0.148,51.45475],[-0.14766,51.45369],[-0.14766,51.45295],[-0.14731,51.45295],[-0.14766,51.45231],[-0.1439,51.45135],[-0.14373,51.45114],[-0.14237,51.45103],[-0.14237,51.4505],[-0.14254,51.4505],[-0.14254,51.45029],[-0.14288,51.45007],[-0.14322,51.44954],[-0.14493,51.44837],[-0.14493,51.44795],[-0.14527,51.44752],[-0.14544,51.44646],[-0.14561,51.44624],[-0.14561,51.44518],[-0.14544,51.44518],[-0.14527,51.44454],[-0.14493,51.44433],[-0.14458,51.44358],[-0.14441,51.44358],[-0.14424,51.44295],[-0.1439,51.44263],[-0.1439,51.44231],[-0.14373,51.44231],[-0.14373,51.44188],[-0.13759,51.44167],[-0.13588,51.44199],[-0.13588,51.44167],[-0.13622,51.44146],[-0.13656,51.44071],[-0.1369,51.44061],[-0.1369,51.44029],[-0.13742,51.44029],[-0.13759,51.44007],[-0.13724,51.43997],[-0.13724,51.43954],[-0.13742,51.43933],[-0.13742,51.4388],[-0.13776,51.43837],[-0.13861,51.43784],[-0.13929,51.43763],[-0.1398,51.4372],[-0.1398,51.43699],[-0.13998,51.43699],[-0.1398,51.43561],[-0.13963,51.43561],[-0.13963,51.43529],[-0.13861,51.43433],[-0.13844,51.43433],[-0.13827,51.43401],[-0.13793,51.4338],[-0.13639,51.4339],[-0.13639,51.43337],[-0.13622,51.43326],[-0.13605,51.43241],[-0.13588,51.43231],[-0.13588,51.43177],[-0.13571,51.43177],[-0.13571,51.43135],[-0.1352,51.43039],[-0.1352,51.43028],[-0.13622,51.43028],[-0.13844,51.4306],[-0.13827,51.42922],[-0.13844,51.42901],[-0.13844,51.42794],[-0.13878,51.42688],[-0.13878,51.42518],[-0.13895,51.42443],[-0.13878,51.42433],[-0.13878,51.42347],[-0.13776,51.42103],[-0.14032,51.41922],[-0.14271,51.41815],[-0.14424,51.41773],[-0.14493,51.41783],[-0.14493,51.41794],[-0.14595,51.41826],[-0.14646,51.41879],[-0.14714,51.419],[-0.14783,51.419],[-0.14919,51.41986],[-0.15005,51.42007],[-0.15141,51.41986],[-0.15261,51.42017],[-0.15568,51.42124],[-0.15687,51.42145],[-0.15687,51.42156],[-0.15807,51.42188],[-0.15858,51.4222],[-0.15909,51.4223],[-0.15926,51.42252],[-0.15977,51.42262],[-0.15995,51.42262],[-0.15995,51.4223],[-0.16012,51.4222],[-0.15995,51.4222],[-0.15995,51.42188],[-0.16029,51.42188],[-0.16114,51.42081],[-0.16131,51.42017],[-0.16165,51.41986],[-0.16507,51.42007],[-0.16489,51.42039],[-0.16814,51.42081],[-0.16814,51.42092],[-0.16882,51.42103],[-0.17002,51.42145],[-0.17002,51.42156],[-0.17036,51.42156],[-0.17053,51.42177],[-0.17087,51.42177],[-0.1724,51.42273],[-0.17275,51.42273],[-0.17343,51.42315],[-0.17394,51.42305],[-0.17445,51.42337],[-0.17616,51.4239],[-0.17838,51.42422],[-0.17838,51.42433],[-0.18179,51.42464],[-0.1835,51.42571],[-0.1835,51.42592],[-0.18367,51.42592],[-0.18418,51.42645],[-0.18418,51.42677],[-0.18435,51.42677],[-0.18435,51.42731],[-0.18452,51.42731],[-0.18452,51.42986],[-0.18435,51.42997],[-0.18418,51.43124],[-0.18435,51.43135],[-0.18435,51.43177],[-0.18452,51.43177],[-0.18452,51.43199],[-0.18538,51.43252],[-0.18555,51.43305],[-0.18589,51.43316],[-0.18623,51.43295],[-0.18725,51.43295],[-0.18742,51.43209],[-0.18845,51.43209],[-0.18913,51.43188],[-0.1893,51.43177],[-0.18913,51.43177],[-0.18913,51.43156],[-0.18981,51.43135],[-0.1905,51.43209],[-0.1905,51.43241],[-0.19118,51.43316],[-0.19118,51.43369],[-0.19067,51.4339],[-0.18981,51.43571],[-0.18947,51.43752],[-0.1893,51.43763],[-0.1893,51.43848],[-0.18913,51.43858],[-0.18964,51.43858],[-0.18981,51.4388],[-0.19067,51.4389],[-0.1905,51.43901],[-0.1905,51.43933],[-0.19033,51.43922],[-0.18981,51.44007],[-0.18981,51.44039],[-0.18998,51.4405],[-0.18998,51.44146],[-0.19425,51.44071],[-0.19493,51.44082],[-0.19493,51.44071],[-0.19784,51.44007],[-0.20569,51.4388],[-0.20569,51.43869],[-0.21064,51.43816],[-0.21132,51.43795],[-0.212,51.43795],[-0.212,51.43784],[-0.21576,51.43773],[-0.21644,51.43837],[-0.21763,51.43869],[-0.22139,51.43848],[-0.22429,51.4389],[-0.22446,51.43858],[-0.22651,51.43869],[-0.23061,51.43827],[-0.23573,51.43678],[-0.23607,51.43656],[-0.23675,51.43646],[-0.23675,51.43635],[-0.23829,51.43603],[-0.23829,51.43592],[-0.23965,51.43561],[-0.23965,51.4355],[-0.23999,51.4355],[-0.23999,51.43539],[-0.24034,51.43539],[-0.24136,51.43497],[-0.24221,51.43486],[-0.24221,51.43475],[-0.25109,51.43252],[-0.25092,51.43305],[-0.25109,51.43316],[-0.25109,51.43401],[-0.25126,51.43433],[-0.25314,51.43529],[-0.25348,51.43582],[-0.25348,51.43678],[-0.25399,51.43709],[-0.25399,51.43731],[-0.25331,51.43763],[-0.2429,51.44178],[-0.24255,51.44199],[-0.24153,51.44316],[-0.24221,51.44369],[-0.24238,51.44412],[-0.24358,51.44529],[-0.24409,51.44603],[-0.24426,51.44603],[-0.24426,51.44624],[-0.2446,51.44635],[-0.2446,51.44656],[-0.24511,51.44688],[-0.24716,51.44912],[-0.25911,51.45497],[-0.25894,51.45603],[-0.2586,51.45656],[-0.2586,51.45688],[-0.25809,51.45762],[-0.25792,51.45816],[-0.25723,51.4589],[-0.25723,51.45911],[-0.25706,51.45911],[-0.25706,51.45954],[-0.25689,51.45954],[-0.25672,51.45986],[-0.25757,51.46007],[-0.25792,51.46028],[-0.25792,51.4605],[-0.25604,51.46305],[-0.25587,51.46305],[-0.2557,51.46337],[-0.25399,51.46464],[-0.25297,51.46518],[-0.25023,51.46518],[-0.25006,51.46507],[-0.24716,51.46507],[-0.24546,51.46528],[-0.24221,51.46518],[-0.23709,51.46464],[-0.23334,51.46401],[-0.23351,51.46539],[-0.23368,51.46549],[-0.23368,51.46613],[-0.23283,51.46656],[-0.233,51.46666],[-0.23317,51.46741],[-0.23351,51.46762],[-0.23334,51.46879],[-0.233,51.46932],[-0.233,51.47049],[-0.23283,51.4706],[-0.23283,51.47102],[-0.233,51.47124],[-0.233,51.47219],[-0.23197,51.47283],[-0.23095,51.47283],[-0.23027,51.47241],[-0.22992,51.47241],[-0.22958,51.47209],[-0.22873,51.47209],[-0.22651,51.47124],[-0.22583,51.47124],[-0.22583,51.47113],[-0.22395,51.4707],[-0.22344,51.4707],[-0.22327,51.47092],[-0.22327,51.47113],[-0.22344,51.47113],[-0.22344,51.47155],[-0.22293,51.47166],[-0.22258,51.47198],[-0.22173,51.4723],[-0.21832,51.46943],[-0.21559,51.46794],[-0.21286,51.46677],[-0.20552,51.46475],[-0.20125,51.46411],[-0.19715,51.46411],[-0.19596,51.4639],[-0.19408,51.4639],[-0.19186,51.46422],[-0.1905,51.46422],[-0.18742,51.46507],[-0.18521,51.46592],[-0.18299,51.4673],[-0.18213,51.46847],[-0.18162,51.4689],[-0.1794,51.47304],[-0.17923,51.47304],[-0.17889,51.47357],[-0.17855,51.47496],[-0.17838,51.47506],[-0.17821,51.4757],[-0.17804,51.4757],[-0.17804,51.47634],[-0.17787,51.47634],[-0.1777,51.47676],[-0.17753,51.47676],[-0.1777,51.47761],[-0.17514,51.48006],[-0.17292,51.48112],[-0.17258,51.48112],[-0.17121,51.48165],[-0.1707,51.48165],[-0.1707,51.48176],[-0.16984,51.48176],[-0.1695,51.48197],[-0.16814,51.48208],[-0.16814,51.48219],[-0.16745,51.48219],[-0.16677,51.4824],[-0.16404,51.48261],[-0.16404,51.48272],[-0.16268,51.48293],[-0.16165,51.48293],[-0.15551,51.48378],[-0.15465,51.48378],[-0.15039,51.48452],[-0.14595,51.48463],[-0.14288,51.48431],[-0.13998,51.48378],[-0.13793,51.48378],[-0.13281,51.48463],[-0.13059,51.48559],[-0.12973,51.48569],[-0.12939,51.48591],[-0.1282,51.48484]]]]}},{"type":"Feature","properties":{"code":"E09000033","name":"Westminster"},"geometry":{"type":"MultiPolygon","coordinates":[[[[-0.17377,51.53785],[-0.17343,51.53764],[-0.17189,51.53838],[-0.17087,51.53774],[-0.1695,51.53859],[-0.1678,51.53785],[-0.16694,51.53711],[-0.16489,51.53583],[-0.16404,51.53604],[-0.16319,51.53647],[-0.16046,51.53721],[-0.16046,51.53732],[-0.15977,51.53668],[-0.1596,51.53668],[-0.15943,51.53636],[-0.15431,51.53742],[-0.15261,51.53753],[-0.15141,51.53445],[-0.15022,51.53212],[-0.1497,51.53063],[-0.14714,51.525],[-0.14578,51.52521],[-0.14527,51.52426],[-0.14527,51.52394],[-0.14407,51.52404],[-0.14407,51.52468],[-0.14339,51.52458],[-0.14356,51.52394],[-0.14288,51.52383],[-0.14219,51.52341],[-0.14083,51.52213],[-0.13998,51.5216],[-0.1381,51.52001],[-0.13793,51.51969],[-0.1369,51.51884],[-0.13622,51.51916],[-0.13588,51.51863],[-0.1352,51.51895],[-0.13434,51.51799],[-0.13451,51.51799],[-0.134,51.51757],[-0.13349,51.51767],[-0.13315,51.51735],[-0.13247,51.51714],[-0.13264,51.51704],[-0.13247,51.51672],[-0.13076,51.51704],[-0.13042,51.5165],[-0.13025,51.5165],[-0.13042,51.5164],[-0.13042,51.51576],[-0.12991,51.51481],[-0.12991,51.51449],[-0.12939,51.51374],[-0.12939,51.51342],[-0.12922,51.51353],[-0.12888,51.51342],[-0.12769,51.51268],[-0.12717,51.51268],[-0.12666,51.51321],[-0.12444,51.51417],[-0.12291,51.51512],[-0.12205,51.51459],[-0.12171,51.51491],[-0.12052,51.51459],[-0.11932,51.51449],[-0.11864,51.5147],[-0.11847,51.51502],[-0.11471,51.51597],[-0.11403,51.51523],[-0.11386,51.51481],[-0.11147,51.51534],[-0.11113,51.51385],[-0.11198,51.51364],[-0.11164,51.51321],[-0.11233,51.513],[-0.11215,51.51289],[-0.1125,51.51268],[-0.11198,51.51236],[-0.11215,51.51215],[-0.11147,51.51183],[-0.11147,51.51119],[-0.11164,51.51087],[-0.11147,51.51077],[-0.11147,51.50981],[-0.11523,51.50928],[-0.11779,51.50843],[-0.11966,51.50705],[-0.12086,51.50567],[-0.1212,51.50471],[-0.1212,51.50397],[-0.12137,51.50365],[-0.12205,51.49972],[-0.12205,51.49898],[-0.12222,51.49866],[-0.12222,51.49791],[-0.1224,51.4977],[-0.1224,51.496],[-0.12257,51.49526],[-0.12274,51.49515],[-0.12274,51.49451],[-0.12291,51.49441],[-0.12291,51.49377],[-0.12342,51.4926],[-0.12393,51.49207],[-0.12393,51.49122],[-0.12461,51.49048],[-0.12478,51.49005],[-0.12632,51.48856],[-0.12666,51.48803],[-0.12871,51.48633],[-0.12973,51.48569],[-0.13059,51.48559],[-0.13281,51.48463],[-0.1369,51.48389],[-0.13998,51.48378],[-0.14288,51.48431],[-0.14595,51.48463],[-0.14987,51.48452],[-0.15005,51.48601],[-0.15585,51.48962],[-0.15517,51.49005],[-0.15568,51.4909],[-0.15568,51.49133],[-0.15585,51.49143],[-0.15482,51.49186],[-0.15482,51.49207],[-0.15602,51.49324],[-0.155,51.49388],[-0.15602,51.49451],[-0.15517,51.49504],[-0.15568,51.49536],[-0.15568,51.49611],[-0.15585,51.49621],[-0.15602,51.49781],[-0.1579,51.49898],[-0.15858,51.50142],[-0.15841,51.50153],[-0.15841,51.50227],[-0.1608,51.50174],[-0.16165,51.50121],[-0.16251,51.50025],[-0.16541,51.49866],[-0.16575,51.49919],[-0.16763,51.49823],[-0.16797,51.49855],[-0.16797,51.49898],[-0.16916,51.49898],[-0.17138,51.49866],[-0.1724,51.49834],[-0.17957,51.49781],[-0.18026,51.50142],[-0.18299,51.50153],[-0.18418,51.50174],[-0.18435,51.50195],[-0.18742,51.50939],[-0.18794,51.51024],[-0.1922,51.50992],[-0.19289,51.51183],[-0.19408,51.51172],[-0.19425,51.51279],[-0.19493,51.51491],[-0.19511,51.51502],[-0.1992,51.51449],[-0.1992,51.51491],[-0.19988,51.5165],[-0.19988,51.51693],[-0.20074,51.51799],[-0.20142,51.51778],[-0.20159,51.51789],[-0.2021,51.51842],[-0.2021,51.51863],[-0.2033,51.5198],[-0.20347,51.52043],[-0.20381,51.52065],[-0.20313,51.52075],[-0.20313,51.52086],[-0.20074,51.52086],[-0.20057,51.52075],[-0.20159,51.52203],[-0.20159,51.52277],[-0.2033,51.5232],[-0.20432,51.52373],[-0.20603,51.52596],[-0.20671,51.52606],[-0.20671,51.52617],[-0.20825,51.52628],[-0.21012,51.5267],[-0.21286,51.52691],[-0.21559,51.5267],[-0.21576,51.52734],[-0.21593,51.52744],[-0.21593,51.52776],[-0.21576,51.52787],[-0.2161,51.52787],[-0.2161,51.52925],[-0.21593,51.52925],[-0.21593,51.52978],[-0.21542,51.52978],[-0.21507,51.52999],[-0.21525,51.53116],[-0.21542,51.53116],[-0.21507,51.53148],[-0.21388,51.53158],[-0.21388,51.53169],[-0.21337,51.53169],[-0.21337,51.5318],[-0.21098,51.5319],[-0.21098,51.53201],[-0.20927,51.53243],[-0.20927,51.53254],[-0.20774,51.53275],[-0.20774,51.53286],[-0.20586,51.53296],[-0.20279,51.53286],[-0.20159,51.53254],[-0.20142,51.53212],[-0.20074,51.53169],[-0.20023,51.53158],[-0.20005,51.53137],[-0.19937,51.53127],[-0.19937,51.53105],[-0.19835,51.53063],[-0.19784,51.5301],[-0.19784,51.52872],[-0.19801,51.52872],[-0.19784,51.5284],[-0.19784,51.52787],[-0.19681,51.52797],[-0.19681,51.52776],[-0.19647,51.52766],[-0.19647,51.52787],[-0.19511,51.52957],[-0.19476,51.52978],[-0.19237,51.53275],[-0.19237,51.53339],[-0.19254,51.53339],[-0.19254,51.5336],[-0.19306,51.53392],[-0.19203,51.5353],[-0.19152,51.53626],[-0.19118,51.53615],[-0.19067,51.53562],[-0.18947,51.53519],[-0.18879,51.53456],[-0.18862,51.53456],[-0.18777,51.53498],[-0.18538,51.53732],[-0.18503,51.53742],[-0.18469,51.53795],[-0.18418,51.53827],[-0.18111,51.53933],[-0.17923,51.53976],[-0.17701,51.53976],[-0.17394,51.53944],[-0.17411,51.53806],[-0.17377,51.53785]]]]}}]}